"number","status","u_po_number","u_invoice_number","total_cost","vendor","u_po_vendor","u_hospital","u_type","description","u_approval_submitted_by","u_notes","work_order","sys_created_on","u_reference_number","u_po_code","u_department","u_account","u_lawson_comments","sys_updated_on","sys_updated_by","short_description","u_total_po_cost"
"FPO0066039","Rejected","","6085692","$144.77","NOVO HEALTH SERVICES LLC","NOVO HEALTH SERVICES LLC","ROXBOROUGH MEMORIAL HOSPITAL","Repairs & Maintenance","","Rachel Maxwell","linen","","11-29-2023 10:59:14","","ENG","84400","662500","","06-10-2024 10:50:33","system","","$0.00"
"FPO0066037","Rejected","","6085693","$3,449.61","NOVO HEALTH SERVICES LLC","NOVO HEALTH SERVICES LLC","ROXBOROUGH MEMORIAL HOSPITAL","Repairs & Maintenance","","Rachel Maxwell","linens ","","11-29-2023 10:47:56","","ENG","84400","662500","","09-24-2024 13:56:32","system","","$0.00"
"FPO0066036","Approved-PO Issued","728042301","23","$2,135.00","BIG BOYS CLEANING SERVICE","BIG BOYS CLEANING SERVICE","ROXBOROUGH MEMORIAL HOSPITAL","Repairs & Maintenance","","Rachel Maxwell","7 days Daily Cleaning Monday-Sunday
4 Bath Rooms Clean
6 Exam rooms Clean
1 lab room Clean
2 closets Clean
2 Nurses Station Clean
1 Doctor's office Clean
1 X-Ray Wait room Clean
1 Employee Test room Clean
5 Windows Clean
1 Employee Kitchen Clean

Shampoo Carpet

SPRAY BUFF
Work Description for Daily Service
INCLUDED
Clean- Sanitize-Wipe Down
Empty- Line-Clean (disposal of general
trash)
Vacuum Carpet
Inside window cleaning
(Once a Month Outside Window Cleaning )
Cleaning supplies included with service","","11-29-2023 10:43:42","","ENG","84600","662500","","12-23-2024 10:25:13","system","","$0.00"
"FPO0066035","Approved-PO Issued","728042295","S1524783.001","$143.65","LABOV SUPPLY CO INC","LABOV SUPPLY CO INC THE","ROXBOROUGH MEMORIAL HOSPITAL","Repairs & Maintenance","","Rachel Maxwell","plumbing supplies (past due invoice)","","11-29-2023 10:40:52","","ENG","84600","662500","","11-29-2023 15:13:34","admin","","$0.00"
"FPO0066034","Approved-PO Issued","728042303","","$1,375.00","UNITED ELECTRIC SUPPLY CO INC","UNITED ELECTRIC SUPPLY CO INC","ROXBOROUGH MEMORIAL HOSPITAL","Repairs & Maintenance","","Rachel Maxwell","lamps and peco energy star rebate program","","11-29-2023 10:33:02","","ENG","84600","662500","","02-20-2024 08:00:42","system","","$0.00"
"FPO0066033","Approved-PO Issued","728042302","","$603.80","SHERWIN WILLIAMS CO INC","SHERWIN WILLIAMS CO INC","ROXBOROUGH MEMORIAL HOSPITAL","Repairs & Maintenance","","Rachel Maxwell","paint ","","11-29-2023 10:30:11","QUOTE# 6957597","ENG","84600","662500","","02-08-2024 07:27:32","system","","$0.00"
"FPO0066031","Received","728042296","","$265.75","SHERWIN WILLIAMS CO INC","SHERWIN WILLIAMS CO INC","ROXBOROUGH MEMORIAL HOSPITAL","Repairs & Maintenance","","Rachel Maxwell","paint","","11-29-2023 10:18:45","","ENG","84600","662500","","02-08-2024 07:40:11","eroman2@phsi.us","","$0.00"
"FPO0066030","Received","728042297","","$486.00","SIEMENS INDUSTRY INC","SIEMENS INDUSTRY","ROXBOROUGH MEMORIAL HOSPITAL","Repairs & Maintenance","","Rachel Maxwell","1. Warren called and reported that the mechanical contractor moved a circuit board back to Chiller-1 from Chiller-2 and it is now
reading 950% load, and it should be 95%
2. Called and talked to Pat from Ramm.
3. Checked the graphics and program. Found that the points are coming from the BACnet chiller as 950.
4. Added to the program statement that sets the Siemens point from the BACnet point, to divide by 10.
5. Checked the graphics. The points are now correct.","","11-29-2023 10:10:20","","ENG","84600","662500","*1. Warren called and reported that the mechanical contractor moved a circuit board back to Chiller-1 from Chiller-2 and it is now%0Areading 950% load, and it should be 95%%0A2. Called and talked to Pat from Ramm.%0A3. Checked the graphics and program. Found that the points are coming from the BACnet chiller as 950.%0A4. Added to the program statement that sets the Siemens point from the BACnet point, to divide by *ATTN : Rachel Maxwell/ENG

SERVICE ORDER # 5004724564","09-16-2024 08:12:39","admin","","$0.00"
"FPO0066029","Approved-PO Issued","728042293","","$2,792.00","ELLIOTT LEWIS CORPORATION","ELLIOTT LEWIS","ROXBOROUGH MEMORIAL HOSPITAL","Purchased Services/Service Agreements","","Rachel Maxwell","annual contract renewal $2792.00, billed qtrly$ 698.00 ","","11-29-2023 10:06:50","RENEWAL OF CAPITAL ASSET PROTECTION AGREEMENT","ENG","84600","669500","*ATTN: ENG / RACHEL MAXWELL


REF: CONTRACT# 73PM02


RENEWAL OF CAPITAL ASSET PROTECTION AGREEMENT
From 12/1/2023 - 11/30/2024
Billed Quarterly *annual contract renewal $2792.00, billed qtrly$ 698.00","12-04-2024 14:26:10","system","","$0.00"
"FPO0066027","Approved-PO Issued","728042292","","$3,144.38","KLENZOID INC","KLENZOID INC","ROXBOROUGH MEMORIAL HOSPITAL","Purchased Services/Service Agreements","","Rachel Maxwell","renewal contract 2023  annual $3144.38. billed qtry at $786.10
","","11-29-2023 09:59:09","QUARTERLY INSPECTION/PM ON R/O DI  SYSTEM RENEWAL","ENG","84600","669500","*ATTN: ENG / RACHEL MAXWELL


QUARTERLY INSPECTION/PM ON R/O DI SYSTEM RENEWAL
12/1/2023 - 11/30/2024
 *renewal contract 2023  annual $3144.38. billed qtry at $786.10","12-30-2024 16:05:45","system","","$0.00"
"FPO0065759","Canceled","728042237","64319","$0.00","RAMM","RAMM INC","ROXBOROUGH MEMORIAL HOSPITAL","Repairs & Maintenance","","Rachel Maxwell","Job# J53731; Project: Roxborough, AS-1 Med Pressure Steam Leak
10/12/23 - Service call for steam leak on 3/4"" strainer in AS-1 mechanical room. Isolated strainer and bled off steam pressure. Removed bad strainer. Piped in read 3/4"" strainer with material from hospital stock. Put steam back online. Checked trap operation.
Labor Cost: 4 hrs @ $170 per attached work order S-117957 (PM 10/12/23)","","11-22-2023 10:20:33","","ENG","84600","662500","","03-04-2024 12:26:45","admin","","$0.00"
"FPO0065758","Approved-PO Issued","728042235","64318","$680.00","RAMM","RAMM INC","ROXBOROUGH MEMORIAL HOSPITAL","Repairs & Maintenance","","Rachel Maxwell","Job# J53721; Project: Roxborough, Roberts Bldg Check Steam Pressure
10/12/23 - Worked with maintenance on turning on steam heat for Roberts Building. Opened all 3 high pressure steam valves. Blew down strainers. Checked high to low steam PRV operation. Set all low pressure steam to 5 PSI
Labor Cost: 4 hrs @ $170 per attached work order S-117982 (PM 10/12/23)","","11-22-2023 10:18:50","","ENG","84600","662500","","01-30-2024 15:14:19","system","","$0.00"
"FPO0065756","Approved-PO Issued","728042238","64317","$1,630.00","RAMM","RAMM INC","ROXBOROUGH MEMORIAL HOSPITAL","Repairs & Maintenance","","Rachel Maxwell","Job# J53711; Project: Roxborough, School of Nursing Changeover
10/11/23 - Completed heating season changeover for the School of Nursing. Shut down and isolated chiller.  Reset all summer/winter valve positions. Blew down strainer for condensate traps and pumps. Verified outdoor air reset settings. Opened high pressure steam valve to school. Adjusted low pressure steam PRV to 5"". Adjusted differential pressure switches for steam actuator control for heat exchangers. Greased pumps. Heating water up to 100 degrees at 65 degree outdoor air temp. Isolated and drained cooling tower makeup water. Drained cooling tower sumps. Drained condenser loop down to 10 degrees to prevent freezing of condenser water piping. Changed filters in basement AHU.
","","11-22-2023 10:16:46","JOB# J53711","ENG","84600","662500","","11-27-2023 12:16:37","admin","","$0.00"
"FPO0065754","Approved-PO Issued","728042234","64316","$680.00","RAMM","RAMM INC","ROXBOROUGH MEMORIAL HOSPITAL","Repairs & Maintenance","","Rachel Maxwell","Job #J53703; Project: Roxborough, Cafeteria Too Warm 10/10/23 - Service call for cafeteria being too warm. Found AHU discharging 79 degree air. Setpoint for heat is 70 degrees. Found steam actuator valve cracked open and passing steam. Reset actuator position. Supply air down to 70 degrees. Adjusted outdoor air cooling/heating changeover down to 60 degrees from 70 degrees. Cooling setpoint is 72 degrees. Monitored steam valve operation off of 70 degree setpoint.","","11-22-2023 10:14:57","","ENG","84600","662500","","11-22-2023 15:43:36","admin","","$0.00"
"FPO0065752","Canceled","728042237","64315","$0.00","RAMM","RAMM INC","ROXBOROUGH MEMORIAL HOSPITAL","Repairs & Maintenance","","Rachel Maxwell","Job# J53702; Project: Roxborough, BAS Controls with Siemens  10/9/23 - Worked with Siemens on BAS controls and alarm. Adjusted logic on cooling tower fan control  to better maintain water setpoint. Condensing water fluctuates 8"" below and above setpoint. Returned on 10/10 to check operation of cooling tower fans and condensing water teperature fluctations. Condensing water temperature now fluctuates from 79 degrees to 74 degrees with 77 degree setpoint. ","","11-22-2023 10:01:12","","ENG","84600","662500","","03-04-2024 12:26:36","admin","","$0.00"
"FPO0065750","Approved-PO Issued","728042240","14566","$925.00","KLENZOID INC","KLENZOID INC","ROXBOROUGH MEMORIAL HOSPITAL","Repairs & Maintenance","","Rachel Maxwell","Culturing Legionella (each) 5 tests

","","11-22-2023 09:58:31","","ENG","84600","662500","","02-12-2024 12:38:22","system","","$0.00"
"FPO0065749","Approved-PO Issued","728042239","1099","$1,669.50","FLOW DRAIN SERVICES","FLOW DRAIN SERVICES","ROXBOROUGH MEMORIAL HOSPITAL","Repairs & Maintenance","","Rachel Maxwell","Job 1 - Sloan Valve Replacement Replaced sloan valves and spud gaskets for 4th floor hopper and 4ft floor wall hung toilet. Removed old valves and spud gaskets. Installed and tested upon completion. Both hopper and wall hung toilet are now working at this time with no leaks

Job 2 - Sectional Replacement Removed cracked section of 4"" no hub cast iron in 3rd floor locker room ceiling. Installed new short section with 45. Replaced using new no hub bands. Tested upon completion. Pipe is now working at this time with no leaks.","","11-22-2023 09:55:28","","ENG","84600","662500","","11-27-2023 11:06:22","admin","","$0.00"
"FPO0065748","Approved-PO Issued","728042233","1098","$460.80","FLOW DRAIN SERVICES","FLOW DRAIN SERVICES","ROXBOROUGH MEMORIAL HOSPITAL","Repairs & Maintenance","","Rachel Maxwell","Arrived and 4th floor bathroom and hopper was backed up and leaking from cracked fitting in 3rd floor ceiling. Removed 4th floor wall hung toilet.
Power snaked drain clearing blockage at 30ft. After blockage was clear video inspected. Found drain is heavily corroded. Reset toilet and tested .
Line is draining at this time. Both Sloan valves for toilet and hopper are leaking. We will be back tomorrow to replace leaking fitting and both Sloan valve.","","11-22-2023 09:49:58","","ENG","84600","662500","","11-22-2023 14:48:31","admin","","$0.00"
"FPO0065746","Approved-PO Issued","728042236","","$661.20","GRAINGER","GRAINGER WW INC 860641950","ROXBOROUGH MEMORIAL HOSPITAL","Repairs & Maintenance","716221538396
Status: Delivered
>Date: 2023-11-24
>City/State: Philadelphia, PA
>Signature Name: Signature not required

 716221538444
Status: Delivered
>Date: 2023-11-24
>City/State: Philadelphia, PA
>Signature Name: Signature not required

","Rachel Maxwell","shop stock","","11-22-2023 09:47:28","","ENG","84600","662500","","01-26-2024 15:04:07","system","Delivered","$0.00"
"FPO0065484","Received","728042147","","$880.00","KB LIGHTING MFG CO INC","KB LIGHTING MFG CO  INC","ROXBOROUGH MEMORIAL HOSPITAL","Repairs & Maintenance","","Rachel Maxwell","light bulbs for hospital stock for repairs","","11-16-2023 15:28:35","","ENG","84600","662500","*ATTN : Rachel Maxwell/ENG

QUOTATION # 1116231 *light bulbs for hospital stock for repairs","08-14-2024 16:28:08","system","","$0.00"
"FPO0065469","Approved-PO Issued","728042148","","$1,898.12","JAMES DOORCHECK","JAMES DOORCHECK","ROXBOROUGH MEMORIAL HOSPITAL","Repairs & Maintenance","","Rachel Maxwell","Alarm lock for radiology area.  ","","11-16-2023 13:25:55","QUOTE# 436691","ENG","84600","662500","","02-02-2024 07:48:42","system","","$0.00"
"FPO0065310","Approved-PO Issued","728042117","64206","$1,360.00","RAMM","RAMM INC","ROXBOROUGH MEMORIAL HOSPITAL","Repairs & Maintenance","","Rachel Maxwell","Job# J53633; Project: Roxborough Hospital, AS-1 Mech Room Compressor Oil Changes 9/26/23 - Completed oil changes and inspection of air compressors in AS-1 mechanical room. Changed oil in all four Quincy 325 compressors. Changed belts and checked oil pressure. Greased motors and
checked operation. Used Mobil compressor oil from hospital stock. Back up pneumatic controls compressor is okay. Adjusted oil pressure at oil pump on compressor 1 for laundry and shop. Oil pressure now at 18. Found sump plate leaking on compressor 2. Tightened plate and leak seemed to stop. Compressor 1 set as the lead for SPD and laundry. Labor Cost: 8 hrs per attached work order S-117838 (PM 9/26/23)","","11-14-2023 11:58:20","","ENG","84600","662500","","11-15-2023 11:10:08","admin","","$0.00"
"FPO0065308","Approved-PO Issued","728042129","64205","$2,024.00","RAMM","RAMM INC","ROXBOROUGH MEMORIAL HOSPITAL","Repairs & Maintenance","","Rachel Maxwell","Job# J53627; Project: Roxborough Hospital, Penthouse Compressor Oil Changes 9/25/23 - Completed 100 hour oil change for both Quincy compressors in the penthouse. Quincy recommends removing break in lubricant after 100 hours of run time and using standard Quin-cip oil as replacement.
Shutdown compressor and made sure back up compressor came on. Bled pressure out of tank. Changed oil on both compressors. Each compressor takes 4 quarts and 16 oz. Used Quin-cip synthetic oil, good for 6 months. Put compressors back online. Checked operation and oil pressure. Recommended pressure is 18-20. Both running 19. Cleaned up and discarded old oil. Replaced pneumatic air filter after drier. Checked drier operation.
Labor Cost: 8 hrs per attached work order S-117837 (PM 9/25/23)
","","11-14-2023 11:53:23","","ENG","84600","662500","","11-16-2023 10:54:31","admin","","$0.00"
"FPO0065307","Approved-PO Issued","728042118","64204","$2,210.00","RAMM","RAMM INC","ROXBOROUGH MEMORIAL HOSPITAL","Repairs & Maintenance","","Rachel Maxwell","Job# J53607; Project: Roxborough Hospital, MOB Building Pressures And Water On Floor 9/18/23 - Service call for dual temperature pressures being too high in MOB building. Found pressures at pumps at 60 suction and 75 discharge. Building is only three stories. Turned pumps off and drained
system to 25 and found expansion tank empty of air. Picked up inflator to pump up tank and check bladder. Tank holds pressure. Pumped tank up to 25 and started pumps. Found pressures jump to 40/55 after chilled water valve opens. Chilled water supply to MOB is off secondary water pumps. No way
to reduce chilled water pressure without installing PRV. Set expansion tank to 42 so pressures do not increase during heating season. System pressures at 40/54. Greased both pumps. Labor Cost: 13 hrs per attached work order S-117836 (PM 9/18/23)","","11-14-2023 11:51:43","","ENG","84600","662500","","11-15-2023 11:10:08","admin","","$0.00"
"FPO0065306","Approved-PO Issued","728042115","64121","$680.00","RAMM","RAMM INC","ROXBOROUGH MEMORIAL HOSPITAL","Repairs & Maintenance","","Rachel Maxwell","Job# J53595; Project: Roxborough Hospital, Sterilizer Vent Pipe Leaking 9/15/23 - Service call for vent on sterilizer leaking steam. Found door bleed vent leaking. Adjusted vent ball valve handle so ball valve is closed during operation and vents any remaining pressure when door is opened. Strainer also leaking. Pulled and cleaned strainer. Basket strainer may need new gasket. Maintenance department to replace gasket. Recommend piping vent from door and relief into flash tank vent.","","11-14-2023 11:48:41","","ENG","84600","662500","","11-15-2023 11:18:21","admin","","$0.00"
"FPO0065303","Approved-PO Issued","728042116","658085-1","$1,191.00","INDEPENDENT CONTRACT FLOORING","INDEPENDENT CONTRACT FLOORING","ROXBOROUGH MEMORIAL HOSPITAL","Repairs & Maintenance","","Rachel Maxwell","small office installation of owner supplied lvt flooring at hospital ","","11-14-2023 11:45:14","","ENG","84600","662500","","07-31-2024 11:39:09","system","","$0.00"
"FPO0065302","Approved-PO Issued","728042114","632411900","$220.24","BILLOWS ELECTRIC SUPPLY COMPAN","BILLOWS ELECTRIC SUPPLY","ROXBOROUGH MEMORIAL HOSPITAL","Repairs & Maintenance","","Rachel Maxwell","electrical supplies for hospital repairs","","11-14-2023 11:41:52","","ENG","84600","662500","","11-15-2023 09:38:07","admin","","$0.00"
"FPO0065300","Approved-PO Issued","728042113","630693200","$186.72","BILLOWS ELECTRIC SUPPLY COMPAN","BILLOWS ELECTRIC SUPPLY","ROXBOROUGH MEMORIAL HOSPITAL","Repairs & Maintenance","","Rachel Maxwell","electrical supplies for hospital repairs. ","","11-14-2023 11:37:42","","ENG","84600","662500","","11-15-2023 09:42:46","admin","","$0.00"
"FPO0065241","Approved-PO Issued","728042102","64293","$5,023.02","RAMM","RAMM INC","ROXBOROUGH MEMORIAL HOSPITAL","Repairs & Maintenance","","Rachel Maxwell","Job# J53556; Project: Roxborough, AC-2 UV Lights
9/6/23 - Service call for AC-2 UV lights not working. Found out fixture bad. Found 12V power supply to
fixtures. Fixtures need to be replaced and Siemens relay reader to be rewired. Will order new fixture.
10/6/23 - Shut down AC-2 to replace UV light fixtures. Prepped fixtures. Removed bad fixtures. Install
new fixtures with new bulbs. Fixed 120V wiring in junction box for new fixtures. Tested new UV lights. Put
AC-2 back online.
Labor Cost: 9 hrs @ $170 per attached work orders S-117948 (PM 9/6/23) and S-117964 (PM 10/6/23) 1,530.00
Material Cost: light fixtures","","11-13-2023 14:03:28","JOB# J53556","ENG","84600","662500","","10-22-2024 08:05:53","system","","$0.00"
"FPO0065051","Received","728042066","","$67.98","SHERWIN WILLIAMS CO INC","SHERWIN WILLIAMS CO INC","ROXBOROUGH MEMORIAL HOSPITAL","Repairs & Maintenance","","Rachel Maxwell","Ceiling paint for hospital.  ","","11-09-2023 13:31:24","","ENG","84600","662500","","02-07-2024 11:27:58","eroman2@phsi.us","","$0.00"
"FPO0064987","Approved-PO Issued","728042101","","$2,240.00","T&N VAN SERVICE","T&N VAN SERVICE","ROXBOROUGH MEMORIAL HOSPITAL","Repairs & Maintenance","","Rachel Maxwell","Relocation of 8 beds from SCPA to ROX with 2 trucks, drivers and 1 helper for labor purposes.","","11-08-2023 13:47:16","","ENG","84600","662500","","06-26-2024 12:22:50","system","","$0.00"
"FPO0064959","Approved-PO Issued","728042100","190137","$1,969.24","QUIP LABORATORIES INC","QUIP LABORATORIES","ROXBOROUGH MEMORIAL HOSPITAL","Repairs & Maintenance","","Rachel Maxwell","HALOMIST DISINFECTANT CASE,  4 X 1 GALLON BOTTLES ","","11-08-2023 11:19:47","","ENG","84400","662500","","03-27-2024 07:38:33","system","","$0.00"
"FPO0064956","Approved-PO Issued","728042050","3075210","$271.25","SECURITAS TECHNOLOGY CORPORATI","SECURITAS TECHNOLOGY CORPORATI","ROXBOROUGH MEMORIAL HOSPITAL","Repairs & Maintenance","","Rachel Maxwell","Rm 311 offline. Reset ttap and room started working. ","","11-08-2023 11:12:08","","ENG","84600","662500","","10-01-2024 12:52:47","system","","$0.00"
"FPO0064949","Approved-PO Issued","728042051","srvce00178379","$380.48","ELLIOTT LEWIS CORPORATION","ELLIOTT LEWIS","ROXBOROUGH MEMORIAL HOSPITAL","Repairs & Maintenance","","Rachel Maxwell","Service call for Compressor #2 in that was in alarm.","","11-08-2023 10:52:42","","ENG","84600","662500","","11-09-2023 08:52:04","admin","","$0.00"
"FPO0064948","Approved-PO Issued","728042049","s1533784.001","$165.75","LABOV SUPPLY CO INC","LABOV SUPPLY CO INC THE","ROXBOROUGH MEMORIAL HOSPITAL","Repairs & Maintenance","","Rachel Maxwell","Wide spread lav faucet for repair work in hospital ","","11-08-2023 10:49:20","","ENG","84600","662500","","11-09-2023 09:07:16","admin","","$0.00"
"FPO0064947","Approved-PO Issued","728042099","","$1,898.12","JAMES DOORCHECK","JAMES DOORCHECK","ROXBOROUGH MEMORIAL HOSPITAL","Repairs & Maintenance","","Rachel Maxwell","1 Alarm Lock Trilogy Prox Lock PDL3000-IC-26D-C
1 Core Only CR8000 D3 626 (Locksm Keying I/C Cores)
Field Installation","","11-08-2023 10:46:32","QUOTE# 436523","ENG","84600","662500","","11-13-2023 18:47:46","admin","","$0.00"
"FPO0064945","Approved-PO Issued","728042047","","$4,457.50","OLIVER FIRE PROTECTION & SECUR","OLIVER FIRE PROTECTION & SECUR","ROXBOROUGH MEMORIAL HOSPITAL","Repairs & Maintenance","","Rachel Maxwell","Approximately (18) 10# ABC due for Hydro-Test service, replace with new 10# Badger fire extinguishers
(1) 5# ABC due for Hydro-Test service, replace with new 5# Badger fire extinguisher
(1) 20# ABC due for 6yr service
(12) 5# CO2 due for Hydro-Test service
(2) 10# CO2 due for Hydro-Test service
(2) CO2 Conductivity tests
Approximately (19) fire extinguisher disposal
Service Call
Additional Labor for loaner/replace/dispose, approximately 4 hours, one Tech","","11-08-2023 10:43:13","","ENG","84600","662500","","05-02-2024 12:11:00","system","","$0.00"
"FPO0064944","Approved-PO Issued","728042098","","$850.00","C 3 TECHNOLOGIES LLC","C 3 TECHNOLOGIES LLC","ROXBOROUGH MEMORIAL HOSPITAL","Repairs & Maintenance","","Rachel Maxwell","UST testing and compliance services.","","11-08-2023 10:39:01","ESTIMATE# 6070","ENG","84600","662500","","11-13-2023 18:39:31","admin","","$0.00"
"FPO0064809","Approved-PO Issued","728042020","","$130,000.00","MMSR LLC","MMSR LLC","ROXBOROUGH MEMORIAL HOSPITAL","Purchased Services/Service Agreements","","Rachel Maxwell","Per the contract, the snow removal is provided on an as needed basis and charged in accordance to the prices/services listed on the contract (see attached).  The PO amount above is based off of a 3 year period of contract average, since an actual price cannot be provided at the time of request.  Please let me know if there are questions or if there is an alternative process to requesting this type of blanket PO for the yearly snow removal contract.   thank you.  ","","11-06-2023 13:37:22","2023-2024 SNOW REMOVAL / DE-ICING SERVICES","ENG","84600","669500","","12-26-2024 15:03:18","system","","$0.00"
"FPO0064591","Approved-PO Issued","728042128","","$523.14","GRAINGER","GRAINGER WW INC 860641950","ROXBOROUGH MEMORIAL HOSPITAL","Repairs & Maintenance","Status: Delivered
Delivery Details:
>City/State: Philadelphia, PA
>Date: 2023-11-17
>Signature Name: Signature not required
>Delivery location: null","Rachel Maxwell","shop stock for hospital reapairs","","11-01-2023 11:12:36","","ENG","84600","662500","","02-13-2024 13:15:14","system","Delivered","$0.00"
"FPO0064581","Approved-PO Issued","728041946","","$453.90","LABOV SUPPLY CO INC","LABOV SUPPLY CO INC THE","ROXBOROUGH MEMORIAL HOSPITAL","Repairs & Maintenance","","Rachel Maxwell","faucets handles for reapirs in hospital sinks","","11-01-2023 09:47:13","","ENG","84600","662500","","02-29-2024 07:54:23","system","","$0.00"
"FPO0064580","Received","728041942","","$813.42","JAMES DOORCHECK","JAMES DOORCHECK","ROXBOROUGH MEMORIAL HOSPITAL","Repairs & Maintenance","","Rachel Maxwell","Continuous Hinge A570HDC 83 - School of Nursing: Main Entrance (RHR Leaf) with Field Installation","","11-01-2023 09:44:33","","ENG","84600","662500","","02-20-2024 07:18:44","eroman2@phsi.us","","$0.00"
"FPO0064579","Approved-PO Issued","728041935","","$90.60","GRAINGER","GRAINGER WW INC 860641950","ROXBOROUGH MEMORIAL HOSPITAL","Repairs & Maintenance","Status: Delivered
Delivery Details:
>City/State: Philadelphia, PA
>Date: 2023-11-06
>Signature Name: MHOSPITAL
>Delivery location: null","Rachel Maxwell","ZOELLER Check Valve: Union Check Valve, PVC, 1 1/2 in Pipe/Tube Size, Compression x Compression, PVC - to change sump pump repair","","11-01-2023 09:42:13","","ENG","84600","662500","","11-06-2023 13:12:13","system","Delivered","$0.00"
"FPO0064578","Approved-PO Issued","728041945","","$279.04","HILTI INC","HILTI INC","ROXBOROUGH MEMORIAL HOSPITAL","Repairs & Maintenance","","Rachel Maxwell","Cordless hammer drill/accessories for shop for hospital maintenance repairs.  ","","11-01-2023 09:31:14","","ENG","84600","662500","","10-04-2024 14:11:15","system","","$0.00"
"FPO0064577","Approved-PO Issued","728041936","","$54.50","GRAINGER","GRAINGER WW INC 860641950","ROXBOROUGH MEMORIAL HOSPITAL","Repairs & Maintenance","","Rachel Maxwell","Pharm exhaust repair
paint stock for shop/hopsital repair","","11-01-2023 09:28:40","","ENG","84600","662500","","11-01-2023 18:44:17","mvergara1@phsi.us","","$0.00"
"FPO0064575","Approved-PO Issued","728041944","22439","$1,624.00","LIMBACH COMPANY LLC","LIMBACH COMPANY LLC","ROXBOROUGH MEMORIAL HOSPITAL","Repairs & Maintenance","","Rachel Maxwell","This is a fixed price for September PM work. in rooms 307, 472 MOB room 101
Visit Resolution: Tech: KEVIN VAUGHAN, Date: 9/20/23 5:45 PM - MOB RM 101 faucet replacement. Pre- admission faucet replacement Anthony Cafagna office. Rm 307 tried to repair faucet needs  replacement,faucet on order. Rm 472 Accorn toilet needs to be repaired but room needs to be on occupied. Did materials list for customer.","","11-01-2023 09:16:12","","ENG","84600","662500","","11-06-2023 09:23:04","system","","$0.00"
"FPO0064574","Approved-PO Issued","728041943","22421","$1,721.50","LIMBACH COMPANY LLC","LIMBACH COMPANY LLC","ROXBOROUGH MEMORIAL HOSPITAL","Repairs & Maintenance","","Rachel Maxwell","This is a fixed price for the September 2023 Plumbing PM work.
Visit Resolution: Tech: KEVIN VAUGHAN, Date: 9/9/23 8:37 AM - Rm 310 faucet replacement, I checked Rm 307 for faucet repair and unable to repair faucet needs to be scheduled for replacement. MOB Rm 206 toilet repairs and faucet repairs. MOB Rm 101 faucet bad, angle stops bad had to locate riser and shut off. Replaced angle stop to turn riser back on. Will schedule faucet replacement. 
","","11-01-2023 09:09:49","","ENG","84600","662500","","11-06-2023 09:25:22","system","","$0.00"
"FPO0064573","Approved-PO Issued","728041940","1113","$503.20","FLOW DRAIN SERVICES","FLOW DRAIN SERVICES","ROXBOROUGH MEMORIAL HOSPITAL","Repairs & Maintenance","","Rachel Maxwell","Removed toilet. Found toilet flange to be cracked and higher then it should be. Scraped off wax ring. Removed pvc insert flange. Then cut lip of cast iron off down to floor level. Installed new toilet flange. Screwed flange down to secure. Installed new closet bolts and wax ring on flange. Reset toilet and water tested. Toilet is flushing with no leaks.","","11-01-2023 09:06:19","","ENG","84600","662500","","11-06-2023 09:37:03","system","","$0.00"
"FPO0064570","Approved-PO Issued","728041941","1104","$1,156.02","FLOW DRAIN SERVICES","FLOW DRAIN SERVICES","ROXBOROUGH MEMORIAL HOSPITAL","Repairs & Maintenance","","Rachel Maxwell","Sloan valves for women's toilet in cafe and toilet in O.R. were leaking and corroded. Removed old Sloan valves. Installed new Sloan valves and spud gaskets on each toilet. Tested toilets upon completion. Toilets are flushing at this time with no leaks. O.R toilet has slow flush due to toilet being outdated and needing replacement.

Removed toilets in 102 - and 202 and set aside as requested by Terrance. When removing toilet in 102 found shut off valve would not completely close. Removed old shut off valve and installed new. Tested and valve is working properly with no leaks.","","11-01-2023 08:57:27","","ENG","84600","662500","","11-06-2023 09:26:33","system","","$0.00"
"FPO0064568","Approved-PO Issued","728041939","339603","$80.21","STANLEY HARDWARE INC","STANLEY HARDWARE","ROXBOROUGH MEMORIAL HOSPITAL","Repairs & Maintenance","","Rachel Maxwell","items to make repairs in hospital, take care of extermination needs.","","11-01-2023 08:51:08","","ENG","84600","662500","","11-15-2023 09:07:31","admin","","$0.00"
"FPO0064566","Approved-PO Issued","728041938","335351","$81.34","STANLEY HARDWARE INC","STANLEY HARDWARE","ROXBOROUGH MEMORIAL HOSPITAL","Repairs & Maintenance","","Rachel Maxwell","shop parts for hospital repairs ","","11-01-2023 08:39:29","","ENG","84600","662500","","11-02-2023 12:48:31","mcardenas3@phsi.us","","$0.00"
"FPO0064565","Approved-PO Issued","728041937","64121","$680.00","RAMM","RAMM INC","ROXBOROUGH MEMORIAL HOSPITAL","Repairs & Maintenance","","Rachel Maxwell","Job# J53595; Project: Roxborough Hospital, Sterilizer Vent Pipe Leaking 9/15/23 - Service call for vent on sterilizer leaking steam. Found door bleed vent leaking. Adjusted vent ball valve handle so ball valve is closed during operation and vents any remaining pressure when door is opened. Strainer also leaking. Pulled and cleaned strainer. Basket strainer may need new gasket. Maintenance  epartment to replace gasket. Recommend piping vent from door and relief into flash tank vent. Labor Cost: 4 hrs per attached work order S-117952 (PM 9/15/23)","","11-01-2023 08:35:47","","ENG","84600","662500","","11-09-2023 15:41:59","system","","$0.00"
"FPO0064417","Approved-PO Issued","728041889","19769","$4,172.73","VEOLIA NORTH AMERICA INC","VEOLIA ENVIRON SVCS","ROXBOROUGH MEMORIAL HOSPITAL","Repairs & Maintenance","","Rachel Maxwell","waste materials from hospital manifestg # 002127431VES, zz01046234","","10-30-2023 11:30:12","","ENG","84600","662500","","04-02-2024 09:40:12","system","","$0.00"
"FPO0064216","Approved-PO Issued","728041839","956","$4,620.00","FRAMACA COMPLETE HOME IMPROVE","FRAMACA COMPLETE HOME IMPROVE","ROXBOROUGH MEMORIAL HOSPITAL","Repairs & Maintenance","","Rachel Maxwell","Window privacy film, office paint & bathroom floor replacement projects.","","10-25-2023 13:47:33","","ENG","84600","662500","","10-25-2023 16:03:29","admin","","$0.00"
"FPO0064212","Approved-PO Issued","728041838","955","$4,700.00","FRAMACA COMPLETE HOME IMPROVE","FRAMACA COMPLETE HOME IMPROVE","ROXBOROUGH MEMORIAL HOSPITAL","Repairs & Maintenance","","Rachel Maxwell","Pharmacy Epoxy Paint project","","10-25-2023 13:41:07","","ENG","84600","662500","","11-09-2023 15:45:03","system","","$0.00"
"FPO0063727","Received","728041855","","$276.50","MARK COSTELLO CO","MARK COSTELLO CO","ROXBOROUGH MEMORIAL HOSPITAL","Repairs & Maintenance","","Rachel Maxwell","Gaskets for sterilizer ","","10-17-2023 11:07:20","","ENG","84600","662500","","03-27-2024 09:23:23","eroman2@phsi.us","","$0.00"
"FPO0063713","Approved-PO Issued","728041749","","$1,985.00","CHADWICK SERVICE CO","CHADWICK SERVICE CO","ROXBOROUGH MEMORIAL HOSPITAL","Repairs & Maintenance","","Rachel Maxwell","PROJECT: REPLACE CONTACTORS & CAPACITORS IN BOTH BARD TRAILER UNITS.  
ON RECENT PM FOUND CONTACOTRS WORN AND PITTED CAUSING VOLTAGE DROP AND POSSIBLE FAILER. ALSO WEAK BLOWER CAPSCITORS ON BOTH UNITS. 
FURNISH AND REPLACE CONTACTORS IN BOTH UNITS.
FURNISH AND REPLACE WEAK BLOWER CAPACITORS BOTH UNITS.
START UP AND ENSURE PROPER OPERATION OF EQUIPMENT. 
","","10-17-2023 10:23:56","","ENG","84600","662500","","02-27-2024 09:13:12","system","","$0.00"
"FPO0063711","Received","728041747","","$595.65","SHERWIN WILLIAMS CO INC","SHERWIN WILLIAMS CO INC","ROXBOROUGH MEMORIAL HOSPITAL","Repairs & Maintenance","","Rachel Maxwell","Floor Paint/Supplies","","10-17-2023 10:15:52","","ENG","84600","662500","","02-07-2024 10:36:13","eroman2@phsi.us","","$0.00"
"FPO0063710","Approved-PO Issued","728041767","19968","$9,232.50","LIMBACH COMPANY LLC","LIMBACH COMPANY LLC","ROXBOROUGH MEMORIAL HOSPITAL","Repairs & Maintenance","","Rachel Maxwell","May plumbing charges (please see attached for a breakdown of dates, amounts, work area and jobs performed).  ","","10-17-2023 10:08:44","WO# 189136","ENG","84600","662500","","02-26-2024 14:52:24","system","","$0.00"
"FPO0063709","Approved-PO Issued","728041746","1004715089","$1,843.75","CLEAN HARBORS ENV SERVICES","CLEAN HARBORS ENV SERVICES","ROXBOROUGH MEMORIAL HOSPITAL","Repairs & Maintenance","","Rachel Maxwell","TASK 2303847116-001 - Packing, Trans, & Disposal
017705058FLE - disposal of pharma waste 
","","10-17-2023 10:06:14","","ENG","84600","662500","","10-18-2023 15:21:02","admin","","$0.00"
"FPO0063707","Approved-PO Issued","728041752","1004650847","$2,188.23","CLEAN HARBORS ENV SERVICES","CLEAN HARBORS ENV SERVICES","ROXBOROUGH MEMORIAL HOSPITAL","Repairs & Maintenance","","Rachel Maxwell","TASK 2302525718-001 - Packing, Trans, & Disposal
018732631FLE  - Disposal/transportation of  pharma waste
","","10-17-2023 10:01:27","","ENG","84400","662500","","03-28-2024 08:19:22","system","","$0.00"
"FPO0063706","Canceled","728041750","8004860342","$0.00","STERICYCLE INC","STERICYCLE INC 9001590","ROXBOROUGH MEMORIAL HOSPITAL","Repairs & Maintenance","","Rachel Maxwell","Site#: 3001030923 ROXBOROUGH MEMORIAL HOSP 5800 RIDGE AVE PHILADELPHIA PA 19128-1737
09-08-2023 8157004788 CHEMO WASTE SERVICE, 33 Gal Box 18x18x24 LB, Manifest: HS0000217350
09-08-20Site#: 3001030923 ROXBOROUGH MEMORIAL HOSP 5800 RIDGE AVE PHILADELPHIA PA 19128-1737
09-08-2023 8157004788 REGULATED MEDICAL WASTE SERVICEAUTOCLAVE, 33 Gal Box 18x18x24 LB, Manifest: HS0000217350
09-08-2023 8157004788 DROP OFF SERVICE, 33 Gal Box 18x18x24 EA
09-22-2023 8157408145 CHEMO WASTE SERVICE, 33 Gal Box 18x18x24 LB, Manifest: HS0000260667
09-22-2023 8157408145 DROP OFF SERVICE, 33 Gal Box 18x18x24 EA
09-22-2023 8157408145 REGULATED MEDICAL WASTE SERVICEAUTOCLAVE, 33 Gal Box 18x18x24 LB, Manifest: HS0000260667
09-22-2023 8157408145 DROP OFF SERVICE 33 Gal Box 18x18x24 EA, 
Energy Surcharge $17.50

Site#: 3001032779 ROXBOROUGH MEM HOSPITAL 5800 RIDGE AVE PHILADELPHIA PA 19128-1737
Subscription SHARPS MANAGEMENT SUBSCRPITION - 10-01-2023 to 10-31-2023
","","10-17-2023 09:53:38","","ENG","84600","662500","","08-13-2024 10:51:03","system","","$0.00"
"FPO0063705","Approved-PO Issued","728041748","26411","$620.00","WYATT ELEVATOR COMPANY","WYATT ELEVATOR COMPANY","ROXBOROUGH MEMORIAL HOSPITAL","Repairs & Maintenance","","Rachel Maxwell","Repair work performed as per ticket # 53383.  Power loss, back up battery doe snot work - need new battery.","","10-17-2023 09:51:26","TICKET# 53383","ENG","84600","662500","","10-17-2023 14:17:52","admin","","$0.00"
"FPO0063704","Approved-PO Issued","728041745","26416","$620.00","WYATT ELEVATOR COMPANY","WYATT ELEVATOR COMPANY","ROXBOROUGH MEMORIAL HOSPITAL","Repairs & Maintenance","","Rachel Maxwell","Repair work performed as per job ticket #53525.  Power loss, back up battery needs to be replaced.  ","","10-17-2023 09:48:23","TICKET# 53525","ENG","84600","662500","","10-17-2023 14:12:49","admin","","$0.00"
"FPO0063702","Approved-PO Issued","728041751","46594","$1,553.38","ELECTRONIC SECURITY SOLUTIONS","ELECTRONIC SECURITY SOLUTIONS","ROXBOROUGH MEMORIAL HOSPITAL","Repairs & Maintenance","","Rachel Maxwell","On 10/5/23, tech arrived at Roxborough Memorial Hospital. Upon arrival the FACP was in trouble for 15 devices in the basement and 1st floor. After troubleshooting it was determined there was a leak on two modules in a basement power supply that was causing a voltage drop to all devices after it. The modules were bypassed, the loop was tied through, and the only remaining troubles were for the two bypassed modules. They are CC1S's and will need to be replaced. Customer requested service to install a relay for a newly installed mag lock on the 2nd floor of concentra. There was no data at the  module so about 100 feet of wire was ran to a nearby pull station and tied into the module. The device still needs to be programmed and tested. Customer was advised to have their access control company on site to ensure everything on their end is tied in correctly.","","10-17-2023 09:43:52","JOB# D044642","ENG","84600","662500","","10-17-2023 14:07:55","admin","","$0.00"
"FPO0063701","Approved-PO Issued","728041754","64117","$2,890.00","RAMM","RAMM INC","ROXBOROUGH MEMORIAL HOSPITAL","Repairs & Maintenance","","Rachel Maxwell","Job# J53535; Project: Roxborough Hospital, Radiation Pumps Outdoor Reset Controls 9/5/23 - Converted old pneumatic outside air reset controls over to electronic controls. Installed T775 in existing reheat control enclosure. Mounted outside air and pipe sensors. Installed new outside air without relay for pump. Installed new EP to control pneumatic three way valve. Ran all wiring from control panel to all components. Ran supply air and bench air from new EP. Honeywell T775 and sensors supplied by hospital.  Labor Cost: 17 hrs per attached work order S-117947 (PM 9/5/23)","","10-17-2023 09:42:13","JOB# J53535","ENG","84600","662500","","10-17-2023 13:57:55","admin","","$0.00"
"FPO0063700","Approved-PO Issued","728041755","64118","$4,967.00","RAMM","RAMM INC","ROXBOROUGH MEMORIAL HOSPITAL","Repairs & Maintenance","","Rachel Maxwell","Job# J53555; Project: Roxborough Hospital, DA Tank Leak 9/7/23 - DA tank/condensate receiver leaking. Shutdown boiler/DA tank, drained receiver tank and shut down condensate return pumps in  uilding. Removed leaking nipple for sightglass and leaking 1"" line for level controls. Cleaned out threads at tank. Repiped level control and sightglass. Cut and installed new sightglass. Refilled tank and turned on return pumps. Restarted boiler and checked for leaks. 9/7/23 - Service call for leak on DA tank. Found 1/2"" nipple on condensate return sightglass broken at the threads. Found 1"" stainless steel piping leaking on float tree. All pipe on condensate side should be sch. 80. Cut out and repiped all 1"" stainless steel piping and removed and repiped 1/2"" sightglass nipple after shutting boiler down and draining DA tank. Filled DA tank and found no leaks. Labor Cost: 22 hrs per attached work orders S-117942 (GJ 9/7/23) S-117949 (PM 9/7/23) 3,740.00 Material Cost: Piping, Nipples, Unions and Gate Valves","","10-17-2023 09:38:45","JOB# J53555","ENG","84600","662500","","11-07-2024 16:31:03","system","","$0.00"
"FPO0063699","Approved-PO Issued","728041753","1098","$460.80","FLOW DRAIN SERVICES","FLOW DRAIN SERVICES","ROXBOROUGH MEMORIAL HOSPITAL","Repairs & Maintenance","","Rachel Maxwell","Power Snake Main Drain - R&R Toilet
Arrived and 4th floor bathroom and hopper was backed up and leaking from cracked fitting in 3rd floor ceiling. Removed 4th floor wall hung toilet. Power snaked drain clearing blockage at 30ft. After blockage was clear video inspected. Found drain is heavily corroded. Reset toilet and tested . Line is draining at this time. Both Sloan valves for toilet and hopper are leaking. We will be back tomorrow to replace leaking fitting and both Sloan valves. ","","10-17-2023 09:35:08","","ENG","84600","662500","","11-06-2023 09:49:22","system","","$0.00"
"FPO0063572","Approved-PO Issued","728041705","64119","$1,360.00","RAMM","RAMM INC","ROXBOROUGH MEMORIAL HOSPITAL","Repairs & Maintenance","","Rachel Maxwell","Job# J53579; Project: Roxborough Hospital, Penthouse Pump Room Exhaust Fan And Dampers 9/13/23 - Service call to check pneumatic damper  peration, exhaust fan and pneumatic controls for penthouse pump room exhaust. Found actuators not connected to dampers. Actuators work okay.
Reconnected actuators. Cleaned dampers, lubed joints and replaced missing knuckles. Dampers move but are not in good shape. Found bad pneumatic thermostat that controls dampers and fan. Replaced and recalibrated thermostat. Dampers now open and close and fan turns on/off on temperature.
Service","","10-13-2023 14:52:12","","ENG","84600","662500","","10-16-2023 12:21:35","admin","","$0.00"
"FPO0063571","Received","728041703","64120","$680.00","RAMM","RAMM INC","ROXBOROUGH MEMORIAL HOSPITAL","Repairs & Maintenance","","Rachel Maxwell","Job# J53591; Project: Roxborough Hospital, Gas Pump Coil Cleaning 9/15/23 - Shutdown gas pump and cooling fan to clean coil. Let boiler run in low fire off of street gas pressure. Pulled fan assembly to access coil. Vacuumed all dirt off of surface. Used nitrogen to blow out coil. Installed fan assembly. Cleaned up gas pump and surrounding area. Put pump back online with cooling fan. Put boiler back in auto operation. Labor Cost: 4 hrs per attached work order S-117966 (PM 9/15/23)","","10-13-2023 14:50:08","","ENG","84600","662500","","03-13-2024 07:38:04","eroman2@phsi.us","","$0.00"
"FPO0063570","Approved-PO Issued","728041701","64122","$3,560.00","RAMM","RAMM INC","ROXBOROUGH MEMORIAL HOSPITAL","Repairs & Maintenance","","Rachel Maxwell","Job# J53520; Project: Roxborough Hospital, Radiant Heat Reset Controls 8/31/23 - Penthouse radiant heating reset controls. Started installation of reset control for perimeter heat. Mounted sensor for heating supply and found location for OA sensor. Traced out wiring for pump enable. Must continue with installation. 9/8/23 - Radiant heat reset control. Install controls to reset perimeter heating temp by outside air temperature. Mounted T775 control in existing panel. Mounted temp sensor on pump discharge line and OA sensor on outside wall of mechanical room. Mounted RIB relay at pump starter and PE proportional transducer for valve control. Ran communication wires to sensors and controls. Wired, programmed reset schedule and checked operation. Labor Cost: 18 hrs per attached work orders S-118642 (GJ 8/31/23) S-117940 (GJ 9/8/23) 3,060.00 Material Cost: Transducer, Terminals, Conduit, Pilot Relay and Enclosed Relay","","10-13-2023 14:47:18","","ENG","84600","662500","","10-13-2023 17:18:34","admin","","$0.00"
"FPO0063569","Approved-PO Issued","728041700","64114","$3,135.00","RAMM","RAMM INC","ROXBOROUGH MEMORIAL HOSPITAL","Repairs & Maintenance","","Rachel Maxwell","Job# J53578; Project: Roxborough Hospital, Penthouse Reheat Pump Service 9/11/23 - Serviced reheat pumps 1 and 2 in penthouse mechanical room. Greased all motors and pump bearings. Checked pump couplers. Checked electrical connections and starters. Checked operation and found pump 2 out of alignment. Realigned pump and found 4 out of 6 gauges bad. Picked up and replaced all 6 gauges. Cleaned all piping for gauges. Cleared drain on pump 1. Pulled and cleared strainer for pump 1. Pump 2 suction valve passes. Cannot pull strainer. Cleared both pump motors. Pump 1 online. Labor Cost: 16 hrs per attached work order S-117955 (PM 9/11/23) 2,720.00 Material Cost: Gauges and Ball Valves","","10-13-2023 14:44:56","JOB# J53578","ENG","84600","662500","","10-13-2023 17:08:40","admin","","$0.00"
"FPO0063567","Approved-PO Issued","728041704","64116","$680.00","RAMM","RAMM INC","ROXBOROUGH MEMORIAL HOSPITAL","Repairs & Maintenance","","Rachel Maxwell","Job# J53557; Project: Roxborough Hospital, MRI Bard Unit 9/8/23 - Service call for Bard unit not running and equipment room at 90F. Unit is under contract with Chadwick. Found compressor locked out on head pressure. Washed condenser coil. Reset unit. Blower fan and compressor running ok. Condenser fan cycling on low ambient switch. Refrigerant charge is ok. Room down to 70F. Monitored unit operation. Labor Cost: 4 hrs per attached work order S-117950 (PM 9/8/23)","","10-13-2023 14:40:59","","ENG","84600","662500","","10-16-2023 12:26:32","admin","","$0.00"
"FPO0063566","Approved-PO Issued","728041699","64138","$6,198.00","RAMM","RAMM INC","ROXBOROUGH MEMORIAL HOSPITAL","Repairs & Maintenance","","Rachel Maxwell","Job# J53414; Project: Roxborough Hospital, Trash Sterilizer Solenoid Valve 8/14/23 - Service call for trash sterilizer not holding temperature. Ran sterilizer through cycle and found steam supply solenoid sticking. Manufacture valve is 1-2 weeks out. Located steam solenoid that will work for application. Ordered and picked up solenoid valve. Shutdown sterilizer and piped in and wired new solenoid. Ran sterilizer through multiple cycles. Adjusted steam PRV. Sterilizer holding 270F. Will install manufacturer valve when it arrives. 8/15/23 - Biohazard sterilizer not working. Not maintaining 270F during cycle. Bad steam control valve sticking and restricting steam flow. Located replacement valve, removed bad valve and repiped new valve.
Installed pipe support on wall. Turned on steam and adjusted pressure regulator. Checked sterilizer operation okay. 8/29/23 - Biohazard sterilizer steam valve, steam shut down for school of nursing repairs. Disconnected electric from valve solenoid. Disassembled and removed steam valve. Repiped new valve and reassembled new valve. Mounted and wired coil. Turned steam back on after school of nursing repairs. Set steam pressure regulator. Ran sterilizer and checked operation. Saved temporary valve to be used as spare. Labor Cost: 25 hrs per attached work orders S-121298 (PM 8/14/23) S-120755 (GJ 8/15/23) S-118639 (GJ 8/29/23) 4,250.00 Material Cost: Steam Solenoid, Strainer and Steam Valve","","10-13-2023 14:37:25","JOB# J53414","ENG","84600","662500","","10-13-2023 17:03:46","admin","","$0.00"
"FPO0063557","Approved-PO Issued","728041702","63947","$680.00","RAMM","RAMM INC","ROXBOROUGH MEMORIAL HOSPITAL","Repairs & Maintenance","","Rachel Maxwell","Job# J53424; Project: Roxborough Hospital, Cooling Tower Cell 1 Not Running 8/15/23 - Service call for cell 1 of cooling tower not running. Found fan off with CJ alarm on BAS. Found no alarm on VFD. Fan runs in hand. Checked vibration switch okay. Reset Siemens fan sequence on BAS. Cell 1 now running in auto. Monitored fan operation and fans run okay. Labor Cost: 4 hrs per attached work order S-121299 (PM 8/15/23)","","10-13-2023 13:33:41","","ENG","84600","662500","","10-16-2023 12:26:31","admin","","$0.00"
"FPO0063555","Approved-PO Issued","728041696","63946","$4,420.00","RAMM","RAMM INC","ROXBOROUGH MEMORIAL HOSPITAL","Repairs & Maintenance","","Rachel Maxwell","Job# J53296; Project: Roxborough Hospital, Filter Change On All RTU 7/25/23 - Service call to replace all prefilters in major rooftop units at Roxborough Hospital. Shutdown each unit. Replaced all prefilters from supply in basement. Put all units back online. Discarded all dirty filters. Filters changed in AS1, AS2, AS3, AS4, ED unit and Cath lab. 8/8/23 - Replaced prefilters on Cath lab unit, AS-1, AS-2, AS-3 & AS-4. Transported all filters to each unit location. Shutdown units at BAS computer or control systems. Replaced all prefilters. Put units back online. Discarded all filters.  Labor Cost: 26 hrs per attached work orders S-118582 (PM 7/25/23) S-118586 (PM 8/8/23)","","10-13-2023 13:29:54","","ENG","84600","662500","","10-13-2023 15:23:34","admin","","$0.00"
"FPO0063554","Approved-PO Issued","728041697","64016","$4,855.00","RAMM","RAMM INC","ROXBOROUGH MEMORIAL HOSPITAL","Repairs & Maintenance","","Rachel Maxwell","Job# J53226; Project: Roxborough Hospital, Chiller 1 Replace Diode Rectifier 7/24/23 - Installed new diode rectifier in chiller 2 compressor 2. Original rectifier was put on chiller 3 compressor 1 to get chiller 3 back to 100% capacity. Disconnected all danfoss turbocor parts to access rectifier. Installed new rectifier and put compressor back together. Installed fuses, chiller 2 now able to run at 100% once R-box from HT Lyons is installed. Labor Cost: 6 hrs per attached work order S-118579 Material Cost: Diode Rectifier Kit
","","10-13-2023 13:25:16","","ENG","84600","662500","","10-13-2023 15:29:41","admin","","$0.00"
"FPO0063243","Received","728041667","","$2,210.01","GRAINGER","GRAINGER WW INC 860641950","ROXBOROUGH MEMORIAL HOSPITAL","Repairs & Maintenance","711468257774
Status: Delivered
>Date: 2023-10-13
>City/State: Philadelphia, PA
>Signature Name: Signature not required

 711468259685
Status: Delivered
>Date: 2023-10-13
>City/State: Philadelphia, PA
>Signature Name: Signature not required

","Rachel Maxwell","belts for fan exhaust 6&7.  Press for hospital wide plumbing repairs","","10-10-2023 11:46:10","","ENG","84600","662500","","01-26-2024 15:05:53","system","Delivered","$0.00"
"FPO0063140","Approved-PO Issued","728041628","","$2,800.00","CERTAPRO PAINTERS OF CENTRAL B","CERTAPRO PAINTERS OF CENTRAL B","ROXBOROUGH MEMORIAL HOSPITAL","Repairs & Maintenance","","Rachel Maxwell","Estimate includes spackle, sand and spot prime areas in bathroom ceiling and office walls then apply two coats of paint on all walls and
doors frames for Suite 102 . Bathroom ceiling is included.  Please see photos included in quote.","","10-09-2023 11:36:23","JOB# JOB-1381-9389","ENG","84600","662500","","10-09-2023 12:21:27","admin","","$0.00"
"FPO0062797","Approved-PO Issued","728041551","s1533905","$895.65","LABOV SUPPLY CO INC","LABOV SUPPLY CO INC THE","ROXBOROUGH MEMORIAL HOSPITAL","Repairs & Maintenance","","Rachel Maxwell","order # s1533905  - PO#728-41413-0-ENG ","","10-03-2023 12:15:52","","ENG","84600","662500","","10-03-2023 14:28:11","admin","","$0.00"
"FPO0062796","Approved-PO Issued","728041568","46409","$2,715.00","ELECTRONIC SECURITY SOLUTIONS","ELECTRONIC SECURITY SOLUTIONS","ROXBOROUGH MEMORIAL HOSPITAL","Repairs & Maintenance","","Rachel Maxwell","9/26/23 - annual fire alarm inspection ","","10-03-2023 12:13:27","","ENG","84600","662500","","09-12-2024 14:10:50","system","","$0.00"
"FPO0062792","Rejected","","64042","$1,360.00","RAMM","RAMM INC","ROXBOROUGH MEMORIAL HOSPITAL","Repairs & Maintenance","","Rachel Maxwell","Job# J53485; Project: Roxborough Hospital, School Of Nursing Ejector Pump 8/24/23 - Service call for water on the floor in school of nursing basement mechanical room. Found ejector pump not pumping. Replaced pump with temporary pump from hospital stock. Tested temporary pump. Hospital to order replacement pump. Cleaned up water on floor. 8/24/23 - School of nursing basement mechanical room flooded. Ejector pump not running. Removed and replaced with temporary pump from hospital stock. Reconnected discharge line. Tested pump operation. 8/30/23 - Swapped out temporary school of nursing ejector pump with heavy duty liberty pump that was ordered by hospital maintenance. Disconnected piping and electric from temporary pump. Installed and tested new pump. Returned temporary pump to maintenance dept. ","","10-03-2023 12:04:43","","ENG","84600","662500","","10-23-2023 09:52:35","SRamamurthy@phsi.us","","$0.00"
"FPO0062791","Approved-PO Issued","728041554","64041","$510.00","RAMM","RAMM INC","ROXBOROUGH MEMORIAL HOSPITAL","Repairs & Maintenance","","Rachel Maxwell","Job# J53513; Project: Roxborough Hospital, EVS Ejector Pump Vent Pipe Broken 8/30/23 - Service call for 2"" vent pipe broken off of EVS ejector pump. Found 2"" PVC male adapter snapped flush with threads in top of pump casing. Used saw to cut out remaining threads. Installed new adapter from hospital stock. Glued vent into new adapter.  Labor Cost: 3 hrs per attached work order S-119902 (PM 8/30/23)","","10-03-2023 11:59:25","","ENG","84600","662500","","10-04-2023 08:55:24","system","","$0.00"
"FPO0062789","Approved-PO Issued","728041552","64040","$510.00","RAMM","RAMM INC","ROXBOROUGH MEMORIAL HOSPITAL","Repairs & Maintenance","","Rachel Maxwell","Job# J53512; Project: Roxborough Hospital, Boiler Room Water Softener Not Working 8/30/23 - Service call for water softener not using any salt. Found 40 pressure drop through softener. Tried backwashing softener. Let softener operate but no salt being fed into make up water. Recommend calling water treatment company that takes care of water softener.  labor Cost: 3 hrs per attached work order S-120791 (PM 8/30/23)","","10-03-2023 11:55:01","","ENG","84600","662500","","10-03-2023 14:08:22","admin","","$0.00"
"FPO0062786","Approved-PO Issued","728041570","64039","$7,029.00","RAMM","RAMM INC","ROXBOROUGH MEMORIAL HOSPITAL","Repairs & Maintenance","","Rachel Maxwell","Job# J53427; Project: Roxborough Hospital, Auditorium Unit Steam Pipe Replacement 8/18/23 - Auditorium heat, repipe steam supply to AHU to eliminate oversized sections of steam line and bad valves in supply line. Started repiping steam supply and installed new hangers for piping. 8/18/23 - Started demo of old 2"" steam piping for auditorium unit. Removed all 2"" pipe and bad hangers. Ran new 1 1/4"" pipe from PRV to unit with new strainer and bypass. Will return to finish piping and check steam heat operation. 8/24/23 - Auditorium air handler steam piping, finished steam line piping for AHU. Tied in bypass line and installed additional hangers. Turned on steam and tested heat operation. 8/24/23 - Cut out all 2"" and 1"" old steam piping from the auditorium unit. Piped 1 1/4"" pipe from unit back to 1"" PRV. Installed new strainer and bypass line with static valve. Ran and tested steam heating operation. Labor Cost: 31 hrs per attached work orders S-120703 (GJ 8/18/23) S-111927 (PM 8/18/23)
S-118635 (GJ 8/24/23) S-119886 (PM 8/24/23) Material Cost: Piping, Gate Valve, Reducers, Unions, Ell's, Tee's, Strainers and Hangers","","10-03-2023 11:50:16","JOB# J53427","ENG","84600","662500","","10-04-2023 12:45:10","admin","","$0.00"
"FPO0062782","Approved-PO Issued","728041556","64038","$2,322.00","RAMM","RAMM INC","ROXBOROUGH MEMORIAL HOSPITAL","Repairs & Maintenance","","Rachel Maxwell","Job# J53501; Project: Roxborough Hospital, RTU AC Units Condensate Drains 8/22/23 - Service call for condensate drain being clogged on AC1. Found pan full of water and overflowing into other  compartments. Pulled trap cleaned out and found drain clogged before trap. Blew drain out with 2 CO2 cartridges. Drain now works okay. Cleaned out all water from unit. Found drains and pans full on AC2 and AC3. Pulled cleanouts on traps and blew drains out with CO2 cartridges. Fixed cracked 1 1/2"" pipe on AC3 condensate drain. Pipe and fittings from stock. AC4 drain working okay. 8/28/23 - Condensate leaks from units on roof. Cleaned out condensate drains for roof top air handlers. Flushed and checked condensate traps. Assisted with clean up of water in AHU's. Labor Cost: 12 hrs per attached work orders S-114525 (PM 8/23/23) S-118638 (GJ 8/28/23) Material Cost: Sensor","","10-03-2023 11:46:23","JOB# J53501","ENG","84600","662500","","10-03-2023 14:08:23","admin","","$0.00"
"FPO0062781","Approved-PO Issued","728041564","64037","$3,575.00","RAMM","RAMM INC","ROXBOROUGH MEMORIAL HOSPITAL","Repairs & Maintenance","","Rachel Maxwell","Job# M53365; Project: Roxborough Hospital, Kitchen EF Replace Motor 8/4/23 - Remove and replace 15 HP motor. Removed and installed old sheave and belt. Wired and checked rotation.
8/14/23 - Kitchen exhaust fan not working. Found bad motor. Grounded, disconnected and removed motor. Cut back sealtite to expose unburnt wires. Mounted new motor and wired. After belts and sheaves installed and aligned. Started and checked fan rotation okay. Ran and checked motor operation and running current. 8/14/23 - Service call for cafe exhaust fan not running. Found motor grounded and burnt. Found blown control fuse in MLC panel for starter. Replaced fuse from stock. Cut back motor power supply wiring from peckerhead. Removed bad motor. Transported bad motor off of roof. Prepped and installed in new motor. Installed sheave and aligned with fan sheave. Installed new belts from hospital stock. Greased bearings and wired motor. Ran and checked motor rotation. Exhaust fan back online. Labor Cost: 12 hrs per attached work orders S-119185 (MKL/RG 8/4/23) S-120754 (GJ 8/14/23) S-121297 (PM 8/14/23) Material Cost: Motor","","10-03-2023 11:26:47","JOB# M53365","ENG","84600","662500","","10-03-2023 17:38:31","admin","","$0.00"
"FPO0062780","Approved-PO Issued","728041553","64036","$510.00","RAMM","RAMM INC","ROXBOROUGH MEMORIAL HOSPITAL","Repairs & Maintenance","","Rachel Maxwell","Job# J52865; Project: Roxborough Hospital, Boiler And DA Tank Low Water Issue 5/8/23 - Found three bad level controls at DA tank. Recommend replacement of floats, requires shutdown. Labor Cost: 3 hrs per attached work order S-120488 (DD 5/8/23)","","10-03-2023 11:25:13","JOB# J52865","ENG","84600","662500","","10-03-2023 14:03:21","admin","","$0.00"
"FPO0062778","Approved-PO Issued","728041565","64044","$4,665.00","RAMM","RAMM INC","ROXBOROUGH MEMORIAL HOSPITAL","Repairs & Maintenance","","Rachel Maxwell","Job# J53482; Project: Roxborough Hospital, School Of Nursing HP Steam Globe Valve 8/29/23 - Shut steam down, demoed existing valve and installed new valve. Checked for leaks, removed all trash and cleaned up. 8/29/23 - Isolate and blowdown steam. Stripped insulation, installed hanger and temporary supports. Unbolt and remove 2 1/2"" globe valve. Cleaned and inspected flanges. Installed new 2 1/2"" globe valve, bolts and gaskets. Turned on steam and checked for leaks. Removed all trash. 8/29/23 - Shutdown high pressure steam line in boiler room for school of nursing. Bled off 100 steam
pressure in piping. After pressure remained at 0, replaced 2 1/2"" globe valve on high pressure steam piping in school of nursing basement. Opened steam slowly after valve was replaced in school and
sterilizer solenoid was replaced. Checked and found no leaks. Labor Cost: 20 hrs per attached work orders S-116054 (GS 8/29/23) S-104556 (WP 8/29/23) S-114455 (PM 8/29/23) 2 1/2"" Globe Valve","","10-03-2023 11:20:21","JOB# J53482","ENG","84600","662500","","10-03-2023 17:53:28","admin","","$0.00"
"FPO0062777","Approved-PO Issued","728041563","64043","$3,578.00","RAMM","RAMM INC","ROXBOROUGH MEMORIAL HOSPITAL","Repairs & Maintenance","","Rachel Maxwell","Job# J53477; Project: Roxborough Hospital, Boiler Room Roof Gas Odor 8/25/23 - Boiler room gas odor on roof. Main gas line vent solenoid passing during boiler operation. Disconnected electric, removed and replaced solenoid valve. Installed support on vent line to secure while removing valve. Installed new valve and reconnected vent line. Reinstalled and wired valve solenoid. Ran boiler and checked vent operation okay.Hanger and Solenoid Valve Labor Cost: 10 hrs per attached work order S-118636 (GJ 8/25/23) ","","10-03-2023 11:14:50","JOB# J53477","ENG","84600","662500","","10-03-2023 17:33:31","admin","","$0.00"
"FPO0062774","Approved-PO Issued","728041557","64042","$1,360.00","RAMM","RAMM INC","ROXBOROUGH MEMORIAL HOSPITAL","Repairs & Maintenance","","Rachel Maxwell","Job# J53485; Project: Roxborough Hospital, School Of Nursing Ejector Pump 8/24/23 - Service call for water on the floor in school of nursing basement mechanical room. Found ejector pump not pumping. Replaced pump with temporary pump from hospital stock. Tested temporary pump. Hospital to order replacement pump. Cleaned up water on floor. 8/24/23 - School of nursing basement mechanical room flooded. Ejector pump not running. Removed and replaced with temporary pump from hospital stock. Reconnected discharge line. Tested pump operation. 8/30/23 - Swapped out temporary school of nursing ejector pump with heavy duty liberty pump that was ordered by hospital maintenance. Disconnected piping and electric from temporary pump. Installed and
tested new pump. Returned temporary pump to maintenance dept. Labor Cost: 8 hrs per attached work orders S-119887 (PM 8/24/23) S-118634 (GJ 8/24/23) S-120790 (PM 8/30/23)","","10-03-2023 11:10:47","JOB# J53485","ENG","84600","662500","","10-03-2023 13:58:10","admin","","$0.00"
"FPO0062770","Approved-PO Issued","728041547","","$99.34","GRAINGER","GRAINGER WW INC 860641950","ROXBOROUGH MEMORIAL HOSPITAL","Repairs & Maintenance","Status: Delivered
Delivery Details:
>City/State: Philadelphia, PA
>Date: 2023-10-04
>Signature Name: MHOSPITAL
>Delivery location: null","Rachel Maxwell","items for plumbling stock, replacement screwdrivers , 2nd floor air handler belt","","10-03-2023 10:38:26","","ENG","84600","662500","","10-04-2023 12:31:38","system","Delivered","$0.00"
"FPO0062769","Approved-PO Issued","728041569","","$2,900.00","CERTAPRO PAINTERS OF CENTRAL B","CERTAPRO PAINTERS OF CENTRAL B","ROXBOROUGH MEMORIAL HOSPITAL","Repairs & Maintenance","","Rachel Maxwell","Estimate includes night and weekend work. Estimate includes two coats to walls, Door Frames, and window frames listed in picturesto the Bathroom, Exam Room 1, Exam Room 2, Exam Room 3, Hallway, Lobby Offi ce, Offi ce 2.","","10-03-2023 10:33:29","","ENG","84600","662500","","10-04-2023 10:48:10","admin","","$0.00"
"FPO0062768","Approved-PO Issued","728041555","","$1,236.00","ELLIOTT LEWIS CORPORATION","ELLIOTT LEWIS","ROXBOROUGH MEMORIAL HOSPITAL","Purchased Services/Service Agreements","","Rachel Maxwell","Annual service agreement for IT Liebert unit serivce and split systems in the hospital.  Please let me know if PO will be paid in one lump annual sum or quarterly for our record keeping/payment tracking on our end.  thank you ","","10-03-2023 10:29:24","HVAC PM SERVICE - CAPITAL ASSET PROTECTION AGREEME","ENG","84600","669500","*ATTN: ENG / RACHEL MAXWELL


REF: CONTRACT# 73PM06


HVAC PM SERVICE - CAPITAL ASSET PROTECTION AGREEMENT RENEWAL
From 10/1/2023 - 9/30/2024 *Annual service agreement for IT Liebert unit serivce and split systems in the hospital.  Please let me know if PO will be paid in one lump annual sum or quarterly for our record keeping/payment tracking on our end.  thank you","09-20-2024 11:20:30","system","","$0.00"
"FPO0062767","Approved-PO Issued","728041549","","$690.00","TRI STAR FACILICARE","FACILICARE SOLUTIONS","ROXBOROUGH MEMORIAL HOSPITAL","Repairs & Maintenance","","Rachel Maxwell","Pressure washing - sidewalks in pigeon alley","","10-03-2023 10:20:59","","ENG","84600","662500","","05-17-2024 13:27:50","system","","$0.00"
"FPO0062766","Approved-PO Issued","728041550","","$268.68","HILTI INC","HILTI INC","ROXBOROUGH MEMORIAL HOSPITAL","Repairs & Maintenance","","Rachel Maxwell","cordless lamp","","10-03-2023 10:18:23","","ENG","84600","662500","","10-04-2024 14:15:47","system","","$0.00"
"FPO0062765","Approved-PO Issued","728041548","","$359.94","GP ENERGY PRODUCTS LLC","GP ENERGY PRODUCTS LLC","ROXBOROUGH MEMORIAL HOSPITAL","Repairs & Maintenance","","Rachel Maxwell","Boiler parts","","10-03-2023 10:15:20","","ENG","84600","662500","","01-26-2024 12:57:02","system","","$0.00"
"FPO0062407","Approved-PO Issued","728041460","","$2,030.00","CERTAPRO PAINTERS OF CENTRAL B","CERTAPRO PAINTERS OF CENTRAL B","ROXBOROUGH MEMORIAL HOSPITAL","Repairs & Maintenance","","Rachel Maxwell","Estimate includes night and weekend work. Estimate includes two coats to walls, Door Frames, and window frames listed in picturesto the Bathroom, Exam Room 1, Exam Room 2, Exam Room 3, Hallway, Lobby Offi ce, Offi ce 2.","","09-26-2023 09:56:04","","ENG","84600","662500","","09-26-2023 11:17:39","admin","","$0.00"
"FPO0062405","Approved-PO Issued","728041461","","$900.00","ELLIOTT LEWIS CORPORATION","ELLIOTT LEWIS","ROXBOROUGH MEMORIAL HOSPITAL","Repairs & Maintenance","","Rachel Maxwell","Description of Project: SMALL I.T. ROOM SANYO DUCTLESS SPLIT SYSTEM.
Scope of Work: PROVIDE LABOR AND MATERIAL TO CLEAN BLOWE WHEEL DUE TO EXTREME DIRT BUILD UP.
Parts and Materials: PLASTIC AND CLEANER.
","","09-26-2023 09:53:01","","ENG","84600","662500","*ATTN: ENG / RACHEL MAXWELL *Description of Project: SMALL I.T. ROOM SANYO DUCTLESS SPLIT SYSTEM.
Scope of Work: PROVIDE LABOR AND MATERIAL TO CLEAN BLOWE WHEEL DUE TO EXTREME DIRT BUILD UP.
Parts and Materials: PLASTIC AND CLEANER.","08-23-2024 10:31:42","system","","$0.00"
"FPO0062402","Approved-PO Issued","728041472","63981","$6,648.00","RAMM","RAMM INC","ROXBOROUGH MEMORIAL HOSPITAL","Repairs & Maintenance","","Rachel Maxwell","Job# J53403; Project: Roxborough Hospital, ICU Warm AC 1 Supply Temp 
8/10/23 - Service call for ICU warm. Checked AC 1 on BAS computer and found supply temperature at 61F. Set point is 55F. Chilled water valve is 100%. Went to roof and found chilled water valve 100%
open. Checked damper position. Adjusted chilled water flows at primary and secondary pumps. Found no difference. Backwashed coil. Supply air still at 58F with valve 100% open. Will start checking for dampers closed on return duct. Mixed air at 77F with 74F return. 8/11/23 - ICU too warm, RTU 1 discharging 58F air with chilled water valve 100% open. Flushed coil and control valve. Checked for air in chilled water coil. Checked valve/actuator operation. Cause of problem appears to be too much OA not enough return air in mixed air. Mixed air temp 8F higher than it should be for 90% RA/10% OA. Probable cause is bad fire/smoke dampers in space. Must locate and repair bad dampers. 8/16/23 - Continued investigating high supply temperature issue with AC 1. Found return static at .5"" in 4th floor hallway. Increased return air speed to get static to 1"". Found thermostats in vacant patient rooms set to 80F. Lowered all thermostats and calibrated. Replaced 3 bad thermostats. Also found 3
reheats passing due to bad valves. Valved off reheats. Recommend replacing valves. Return air now at 72.5 from 75F. Checked for fire dampers and balancing dampers being closed. Supply air down to
57F. Will monitor unit operation. 8/17/23 - ICU too warm, AC 1 discharge air temp high. Checked supply and return duct static. Checked airflow in supply and return ducts to check for bad fire/smoke dampers. Checked chilled water flow and pressure drop through coil and control valve. Checked for air in chilled water coil. Found bad thermostats and passing reheat valves in unoccupied area. Replaced and calibrated thermostats, valved off bad reheat valves. AC 1 return air and mixed air temperature lower. Unit supplying 57F air at this time. 8/22/23 - Replaced AC 1 supply static sensor for BAS after finding it bad during ICU hot call. Shutdown AC 1 and replaced sensor. Cleaned all water out of supply fan compartment. Put AC 1 back online. Checked sensor operation. Labor Cost: 36 hrs per attached work orders S-118589 (PM 8/10/23) S-118606 (GJ 8/11/23) S-111928 (PM 8/16/23) S-120756 (GJ 8/17/23) S-119884 (PM 8/22/23)","","09-26-2023 09:36:42","JOB# J53403","ENG","84600","662500","","09-26-2023 14:23:35","admin","","$0.00"
"FPO0062401","Approved-PO Issued","728041475","63980","$3,341.00","RAMM","RAMM INC","ROXBOROUGH MEMORIAL HOSPITAL","Repairs & Maintenance","","Rachel Maxwell","Job# J52125; Project: Roxborough Hospital, Boiler Not Firing In Oil
8/23/23 - Boiler 1 low water cut off leaking. Drained boiler, removed and replaced low water cut off.
Cleaned float housing, installed new gasket and installed new LWCO. Replaced corroded wires and
greenfield. Wired and checked control. Refilled boiler, started boiler and checked safety operation, okay.
Labor Cost: 11 hrs per attached work order S-118632 (GJ 8/23/23) 1,870.00
Material Cost: Head Mechanism","","09-26-2023 09:35:32","JOB# J52125","ENG","84600","662500","","09-26-2023 14:23:35","admin","","$0.00"
"FPO0062400","Approved-PO Issued","728041463","63979","$510.00","RAMM","RAMM INC","ROXBOROUGH MEMORIAL HOSPITAL","Repairs & Maintenance","","Rachel Maxwell","Job# J53475; Project: Roxborough Hospital, Boiler Room Condensate Receiver Makeup Water Valve
8/23/23 - Boiler room condensate tank makeup water bypass valve passing causing tank to overflow and
high level. Valved off tank makeup, removed and replaced passing valve. Repiped bypass. Checked
bypass and makeup operation okay.
Labor Cost: 3 hrs per attached work order S-118633 (GJ 8/23/23)","","09-26-2023 09:33:52","JOB#  J53475","ENG","84600","662500","","09-26-2023 12:07:47","admin","","$0.00"
"FPO0062399","Approved-PO Issued","728041462","63978","$340.00","RAMM","RAMM INC","ROXBOROUGH MEMORIAL HOSPITAL","Repairs & Maintenance","","Rachel Maxwell","Job# J53472; Project: Roxborough Hospital, DA Tank 1 Strainer
8/22/23 - Cleared DA tank pump 1 strainer after pumps were rotated. Isolated pump and pulled strainer.
Scrubbed with wire brush, installed strainer and filled pump.
Labor Cost: 2 hrs per attached work order S-119883 (PM 8/22/23)","","09-26-2023 09:31:55","","ENG","84600","662500","","09-26-2023 12:07:47","admin","","$0.00"
"FPO0062398","Approved-PO Issued","728041473","63976","$2,635.00","RAMM","RAMM INC","ROXBOROUGH MEMORIAL HOSPITAL","Repairs & Maintenance","","Rachel Maxwell","Job# J53449; Project: Roxborough Hospital, House Reheat Radiation Loop Drain Down
8/17/23 - Reheat loop pressure low, passing isolation valves on radiant heating loop causing low pressure
in reheat loop. Refilled reheat loop and turned on steam to raise temp. Checked reheat operation.
8/17/23 - Found multiple butterfly valves passing on radiation side of heating loop. Drain down not
successful. Will need to replace pump 3 suction butterfly valve and install new valve on discharge side
of pump to prevent draining down reheat loop. Reheat and radiation share a common return pipe. Will
drain down penthouse and install valves.
8/21/23 - Completed drain down of penthouse radiation and reheat loops so that new isolation valve
on radiation loop can be installed. Shut steam off and turned reheat pumps off. Drained down penthouse.
Raised all rooftop supply air setpoints to 65F due to no reheat being available. Filled loop after valves
were installed. Turned steam and reheat pumps back on. Found steam actuator passing slightly and
overheating loop. Fixed valve positioning. Put all rooftop setpoints back to 55F. Reheat loop holding
140F and radiation pumps are now isolated.
Labor Cost: 15.5 hrs per attached work orders S-120702 (GJ 8/17/23) S-114457 (PM 8/17/23)","","09-26-2023 09:30:22","JOB# J53449","ENG","84600","662500","","09-26-2023 14:19:01","admin","","$0.00"
"FPO0062396","Approved-PO Issued","728041474","63977","$3,598.00","RAMM","RAMM INC","ROXBOROUGH MEMORIAL HOSPITAL","Repairs & Maintenance","","Rachel Maxwell","Job# J53471; Project: Roxborough Hospital, 4th Floor Reheat Valves Passing
8/22/23 - Replaced all three bad reheat valves that were passing in ICU hallway on the 4th floor.
Isolated each reheat. Drained down piping and picked up new valves. Replaced all three valves. Replaced
bad pipe and hangers as needed. Pipe and hangers from hospital stock. Filled reheats and tested valve
operation. Three extra valves for hospital stock.
Labor Cost: 10 hrs per attached work order S-119885 (PM 8/22/23) 1,700.00
Material Cost: Valves","","09-26-2023 09:26:53","JOB# J53471","ENG","84600","662500","","09-26-2023 14:19:01","admin","","$0.00"
"FPO0062392","Approved-PO Issued","728041471","64016","$4,855.00","RAMM","RAMM INC","ROXBOROUGH MEMORIAL HOSPITAL","Repairs & Maintenance","","Rachel Maxwell","Job# J53226; Project: Roxborough Hospital, Chiller 1 Replace Diode Rectifier
7/24/23 - Installed new diode rectifier in chiller 2 compressor 2. Original rectifier was put on chiller 3
compressor 1 to get chiller 3 back to 100% capacity. Disconnected all danfoss turbocor parts to access
rectifier. Installed new rectifier and put compressor back together. Installed fuses, chiller 2 now able
to run at 100% once R-box from HT Lyons is installed.
Labor Cost: 6 hrs per attached work order S-118579 (PM 7/24/23) 1,020.00
Material Cost: Diode Rectifier Kit","","09-26-2023 09:22:45","JOB# J53226","ENG","84600","662500","","09-26-2023 14:13:29","admin","","$0.00"
"FPO0062391","Approved-PO Issued","728041451","3169654","$1,060.00","SECURITAS TECHNOLOGY CORPORATI","SECURITAS TECHNOLOGY CORPORATI","ROXBOROUGH MEMORIAL HOSPITAL","Repairs & Maintenance","","Rachel Maxwell","ed room work to correct 5 duplicate addressed in system","","09-26-2023 09:19:05","","ENG","84600","662500","","06-18-2024 08:07:10","system","","$0.00"
"FPO0062385","Received","728041450","92223","$758.81","DARREN DANILOWICZ REFRIGERATIO","DARREN DANILOWICZ REFRIGERATIO","ROXBOROUGH MEMORIAL HOSPITAL","Repairs & Maintenance","","Rachel Maxwell","9/20 and 9/22/23 service calls - unit not working due to hi pressure control piece not working.  3rd flor ice machine - faulty agitator motor ","","09-26-2023 08:47:51","","ENG","84600","662500","","01-29-2024 14:57:56","eroman2@phsi.us","","$0.00"
"FPO0062186","Approved-PO Issued","728041413","","$894.90","LABOV SUPPLY CO INC","LABOV SUPPLY CO INC THE","ROXBOROUGH MEMORIAL HOSPITAL","Repairs & Maintenance","","Rachel Maxwell","plumbing supplies","","09-21-2023 12:44:17","","ENG","84600","662500","","02-29-2024 07:52:44","system","","$0.00"
"FPO0062183","Canceled","728041440","10005701","$0.00","OLIVER FIRE PROTECTION & SECUR","OLIVER FIRE PROTECTION & SECUR","ROXBOROUGH MEMORIAL HOSPITAL","Repairs & Maintenance","","Rachel Maxwell","quarterly sprinkler system inspection and annual backflow inspection","","09-21-2023 11:06:33","","ENG","84600","662500","","05-01-2024 09:55:20","system","","$0.00"
"FPO0062181","Canceled","728041445","0324-003512938","$0.00","REPUBLIC SERVICES INC","REPUBLIC SERVICES INC","ROXBOROUGH MEMORIAL HOSPITAL","Repairs & Maintenance","","Rachel Maxwell","WASTE REMOVAL SERVICES - PAST DUE AMOUNT $3727.72, CURRENT CHARGES $6095.36 (SEE ATTACHED FOR FULL DESCRIPTION)","","09-21-2023 10:49:25","","ENG","84600","662500","","09-25-2023 12:31:29","admin","","$0.00"
"FPO0062180","Approved-PO Issued","728041423","63947","$680.00","RAMM","RAMM INC","ROXBOROUGH MEMORIAL HOSPITAL","Repairs & Maintenance","","Rachel Maxwell","Job# J53424; Project: Roxborough Hospital, Cooling Tower Cell 1 Not Running
8/15/23 - Service call for cell 1 of cooling tower not running. Found fan off with CJ alarm on BAS. Found
no alarm on VFD. Fan runs in hand. Checked vibration switch okay. Reset Siemens fan sequence on
BAS. Cell 1 now running in auto. Monitored fan operation and fans run okay.
Labor Cost: 4 hrs per attached work order S-121299 (PM 8/15/23)","","09-21-2023 10:47:22","JOB# J53424","ENG","84600","662500","","09-21-2023 16:23:14","admin","","$0.00"
"FPO0062179","Rejected","","63921","$26,393.00","RAMM","RAMM INC","ROXBOROUGH MEMORIAL HOSPITAL","Repairs & Maintenance","","Rachel Maxwell","Job# J53312; Project: Roxborough Hospital, Auditorium Unit Look Over Unit7/24/23 - Service call to investigate cooling operation of auditorium unit. Looked over controls installedby Lima. Found cooling relays working off the supply duct sensor instead of the space sensor. Fixedrelay controls. Both circuits of cooling come on and are operational. Space at 76F. Will return to furtherinvestigate controls and mechanical operation. Returned 7/28 to check mechanical operation ofauditorium unit. Found unit tripped on high head pressure. Found unit overcharged. Found liquid linereduced to 5/8 from 7/8 at sightglass. Found low ambient controls set up wrong. Set low ambient kitsto sleeve bearing operation.7/28/23 - Auditorium units not running, shut down on high pressure. Reset and checked charge. Foundsystem overcharged, removed 10 lbs refrigerant. Found control wires run through same conduit as linevoltage. Should be separate to prevent line volt current affecting DC control signal. No service disconnectat O D unit. Must have disconnect at unit for safe servicing of equipment. Must check into tstat controlof unit and possibly adjust 2nd stage TXV to improve superheat/subcooling.7/31/23 - Auditorium AC system improperly installed. Liquid line leaking at roof penetration. Liquid linesize reduced form 7/8 to 5/8 at sightglass and increased back to 7/8 at drier. Drier sized for 12 tonsto 15 ton unit. Thermostat wires not wired into unit. Disconnected and cut in mech room comm wiresbetween mech room AHU and condensing unit run in same conduit as line volt. No disconnect at ODunit, beaker oversized for unit. Insulation on suction line not glued/taped. Ball valves installed onsteam line.8/1/23 - Auditorium unit reinstall AC system. Installed unistrut on steel at condensing unit. Mounted disconnect. Wired existing power feed to disconnect and wired disconnect to unit. Installed 80 amp
fuses in disconnect. Ran new conduit from ID to OD unit and ran new comm wires. Relocated thermostat
and pulled new stat wire to condensing unit. Worked with Gerry to run new liquid line through roof
penetration. After liquid and suction lines were repiped, leak checked, evacuated and charged.
Started and checked AC operation, must finish insulating and complete heating repairs/controls.
8/2/23 - Recovered refrigerant and installed pipe supports on the roof and at the unit. Removed
sealant from roof pitch pocket. Replaced section of liquid line that was leaking, rub out on metal ceiling.
Cut ceiling back to prevent future rub out. Removed short radius 90's used for liquid line with long radius.
Removed section of suction line, 45's were used. Piped suction line without 45's and installed trap. Had
to replace all insulation on suction line. Pressure tested system and pulled vacuum to 440 microns. Charged
unit with 410A, total added as 28 lbs. Ran conduit for control wiring to the roof and indoor unit.
8/2/23 - Ran new control wiring, old wiring was ran through line voltage conduit for condensing unit.
Hooked up control wiring. No disconnect for condensing unit on the roof, installed disconnect and
fuses. Installed cushion clamps for suction and liquid line.
8/7/23 - Installed insulation on suction line of auditorium unit. installed hangers on electrical sealtite
connections. Found no condensate trap installed on drain. Piped in new PVC trap with clearance available.
Replaced 1 1/4"" ball valves on steam piping with 1 1/4"" gate valves. Turned steam on and checked for
leaks. Tested controls and heating operation. Unit now working okay. Recommend repiping steam
line between PRV and actuator valve to remove old 2"" piping.
8/10/23 - Auditorium AC, completed reinstalling AC unit. Finished insulating suction line. Installed hangers clamps to secure piping and electric. Replaced ball valves to steam line. Installed gate valve in steam
main and globe valve in bypass line. Rewired control panel to allow thermostat to operate heat and T775
to operate as discharge air temp controller/high limit. Ran and checked operation in both heating and
cooling. Programmed thermostat for automatic change over and installed locking cover.
Labor Cost: 107 hrs per attached work orders S-118580 (PM 7/24/23) S-118597 (GJ 7/28/23)
S-118599 (GJ 7/31/23) S-118600 (GJ 8/4/23) S-120639 (GM 8/2/23) S-120640 (GM 8/2/23)
S-118585 (PM 8/7/23) S-118601 (GJ 8/10/23) 18,190.00
Material Cost: R410A Refrigerant, Drier, Couplings, Hangers, Valves, Angles, Wiring and Switches","","09-21-2023 10:43:52","","ENG","84600","662500","","10-23-2023 09:54:49","SRamamurthy@phsi.us","","$0.00"
"FPO0062178","Approved-PO Issued","728041439","63946","$4,420.00","RAMM","RAMM INC","ROXBOROUGH MEMORIAL HOSPITAL","Repairs & Maintenance","","Rachel Maxwell","Job# J53296; Project: Roxborough Hospital, Filter Change On All RTU
7/25/23 - Service call to replace all prefilters in major rooftop units at Roxborough Hospital. Shutdown
each unit. Replaced all prefilters from supply in basement. Put all units back online. Discarded all
dirty filters. Filters changed in AS1, AS2, AS3, AS4, ED unit and Cath lab.
8/8/23 - Replaced prefilters on Cath lab unit, AS-1, AS-2, AS-3 & AS-4. Transported all filters to each
unit location. Shutdown units at BAS computer or control systems. Replaced all prefilters. Put units back
online. Discarded all filters.
Labor Cost: 26 hrs per attached work orders S-118582 (PM 7/25/23) S-118586 (PM 8/8/23)","","09-21-2023 10:40:11","JOB# J53296","ENG","84600","662500","","09-22-2023 17:38:39","admin","","$0.00"
"FPO0062176","Approved-PO Issued","728041446","21791","$3,420.50","LIMBACH COMPANY LLC","LIMBACH COMPANY LLC","ROXBOROUGH MEMORIAL HOSPITAL","Repairs & Maintenance","","Rachel Maxwell","This invoice is a fixed price in the amount of $3,420.50 for the August plumbing which included faucet replacements and toiler repair.  Kevin did a faucet replacement in Rm. 302 and did  urinal flush valve repairs and a drain cleaning to both fixtures in the auditorium.  He repaired a faucet in the Respiratory lab and also pulled and reset a toilet in the Same Day Surgery and rebuilt a flush valve.","","09-21-2023 10:18:51","","ENG","84600","662500","","09-25-2023 11:31:12","admin","","$0.00"
"FPO0062175","Approved-PO Issued","728041420","s1528409.001","$42.06","LABOV SUPPLY CO INC","LABOV SUPPLY CO INC THE","ROXBOROUGH MEMORIAL HOSPITAL","Repairs & Maintenance","","Rachel Maxwell","plumbing supplies","","09-21-2023 10:14:02","","ENG","84600","662500","","09-21-2023 15:48:09","admin","","$0.00"
"FPO0062173","Approved-PO Issued","728041419","s1523926.001","$617.22","LABOV SUPPLY CO INC","LABOV SUPPLY CO INC THE","ROXBOROUGH MEMORIAL HOSPITAL","Repairs & Maintenance","","Rachel Maxwell","plumbing supplies","","09-21-2023 09:57:46","","ENG","84600","662500","","09-21-2023 16:07:32","system","","$0.00"
"FPO0062171","Approved-PO Issued","728041422","","$165.75","LABOV SUPPLY CO INC","LABOV SUPPLY CO INC THE","ROXBOROUGH MEMORIAL HOSPITAL","Repairs & Maintenance","","Rachel Maxwell","c/b 1125da wide spread lav fct ww/pop ip 9Gerber 43-071-61","","09-21-2023 09:52:11","ORDER# S1533784","ENG","84600","662500","","09-21-2023 16:18:18","admin","","$0.00"
"FPO0062170","Approved-PO Issued","728041421","10005876","$1,488.00","OLIVER FIRE PROTECTION & SECUR","OLIVER FIRE PROTECTION & SECUR","ROXBOROUGH MEMORIAL HOSPITAL","Repairs & Maintenance","","Rachel Maxwell","annual fire extinguisher inspection ","","09-21-2023 09:48:25","","ENG","84600","662500","","10-14-2024 09:21:13","system","","$0.00"
"FPO0062167","Approved-PO Issued","728041403","","$1,081.90","GP ENERGY PRODUCTS LLC","GP ENERGY PRODUCTS LLC","ROXBOROUGH MEMORIAL HOSPITAL","Repairs & Maintenance","","Rachel Maxwell","Boiler Parts","","09-21-2023 09:20:40","","ENG","84600","662500","","10-03-2024 11:01:47","system","","$0.00"
"FPO0062166","Received","728041402","","$1,850.00","JOSEPH CAPALDI","JOSEPH CAPALDI CABINETMAKERS","ROXBOROUGH MEMORIAL HOSPITAL","Repairs & Maintenance","","Rachel Maxwell","1 24x35x341.5 sink base wiht lift off cabinet and countertop including intergral sink.  the cabinet/sink is to be installed in the dirty utility room","","09-21-2023 09:14:40","","ENG","84600","662500","","01-08-2024 13:58:32","rmaxwell1@phsi.us","","$0.00"
"FPO0062089","Approved-PO Issued","728041395","","$2,897.00","KLENZOID INC","KLENZOID INC","ROXBOROUGH MEMORIAL HOSPITAL","Repairs & Maintenance","","Rachel Maxwell","water softener for the hospital and start up service after initial installation.  ","","09-20-2023 08:19:23","QUOTE# KLEQ8187","ENG","84600","662500","*ATTN: ENG / RACHEL MAXWELL


REF: QUOTE# KLEQ8187 *water softener for the hospital and start up service after initial installation.","01-03-2025 09:01:11","system","","$0.00"
"FPO0061825","Approved-PO Issued","728041317","","$110.82","GRAINGER","GRAINGER WW INC 860641950","ROXBOROUGH MEMORIAL HOSPITAL","Repairs & Maintenance","Status: Delivered
Delivery Details:
>City/State: Philadelphia, PA
>Date: 2023-09-15
>Signature Name: Signature not required
>Delivery location: null","Rachel Maxwell","shop stock, paint for IV poles, paint stock ","","09-14-2023 15:39:16","","ENG","84600","662500","","09-15-2023 20:26:12","system","Delivered","$0.00"
"FPO0061678","Rejected","","19968","$9,232.50","LIMBACH COMPANY LLC","LIMBACH COMPANY LLC","ROXBOROUGH MEMORIAL HOSPITAL","Repairs & Maintenance","","Rachel Maxwell","Roxborough May Plumbing - FPO0060294","","09-13-2023 13:22:06","","ENG","84600","662500","","09-14-2023 13:40:00","DMoreno5@phsi.us","","$0.00"
"FPO0061661","Approved-PO Issued","728041299","972","$889.00","FLOW DRAIN SERVICES","FLOW DRAIN SERVICES","ROXBOROUGH MEMORIAL HOSPITAL","Repairs & Maintenance","","Rachel Maxwell","8/3/23 - 8"" sdrain sewer jetting ","","09-13-2023 10:55:29","","ENG","84600","662500","","09-13-2023 13:18:18","admin","","$0.00"
"FPO0061660","Approved-PO Issued","728041298","","$1,081.91","GP ENERGY PRODUCTS LLC","GP ENERGY PRODUCTS LLC","ROXBOROUGH MEMORIAL HOSPITAL","Repairs & Maintenance","","Rachel Maxwell","Boiler Parts","","09-13-2023 10:45:49","","ENG","84600","662500","","01-26-2024 12:58:03","system","","$0.00"
"FPO0061653","Approved-PO Issued","728041300","63850","$680.00","RAMM","RAMM INC","ROXBOROUGH MEMORIAL HOSPITAL","Repairs & Maintenance","","Rachel Maxwell","Rox hospital, RTU and BAS Power outtage (7/30/23) ","","09-13-2023 10:42:05","","ENG","84600","662500","","09-13-2023 13:33:30","admin","","$0.00"
"FPO0061651","Approved-PO Issued","728041335","","$5,000.00","KINGKINER TREE SERVICE LLC","KINGKINER TREE SERVICE LLC","ROXBOROUGH MEMORIAL HOSPITAL","Repairs & Maintenance","","Rachel Maxwell","Take down and removal of 5 dead trees on property that are dangerous to employees/general public in the area.  ","","09-13-2023 10:19:07","","ENG","84600","662500","","05-06-2024 08:59:40","system","","$0.00"
"FPO0061503","Approved-PO Issued","728041269","63922","$2,550.00","RAMM","RAMM INC","ROXBOROUGH MEMORIAL HOSPITAL","Repairs & Maintenance","","Rachel Maxwell","project J53311 - elevator machine room exhaust fan penthouse project.","","09-11-2023 13:58:12","","ENG","84600","662500","","09-11-2023 15:42:51","admin","","$0.00"
"FPO0061502","Received","728041268","63920","$943.00","RAMM","RAMM INC","ROXBOROUGH MEMORIAL HOSPITAL","Repairs & Maintenance","","Rachel Maxwell","Job J53406 - replace sheave on penthouse exhaust fan motor  ","","09-11-2023 13:54:08","JOB# J53406;","ENG","84600","662500","","02-21-2024 12:11:01","eroman2@phsi.us","","$0.00"
"FPO0061492","Canceled","728041267","162988","$0.00","ARTIC ICE & CHEMICAL","ARTIC ICE & CHEMICAL INC","ROXBOROUGH MEMORIAL HOSPITAL","Repairs & Maintenance","","Rachel Maxwell","Solar salt","","09-11-2023 11:24:29","","ENG","84600","662500","","07-18-2024 07:18:12","system","","$0.00"
"FPO0061133","Rejected","","190137","$1,969.24","QUIP LABORATORIES INC","QUIP LABORATORIES","ROXBOROUGH MEMORIAL HOSPITAL","Repairs & Maintenance","","Rachel Maxwell","Halomist disinfectant  PO # 728041123","","09-01-2023 14:37:50","","ENG","84600","662500","","04-05-2024 15:54:18","mbaskarapandian@phsi.us","","$0.00"
"FPO0061132","Approved-PO Issued","728041204","26482","$5,340.00","WYATT ELEVATOR COMPANY","WYATT ELEVATOR COMPANY","ROXBOROUGH MEMORIAL HOSPITAL","Purchased Services/Service Agreements","","Rachel Maxwell","September serivce maintenance - PO 728033298-0-ENG ","","09-01-2023 14:33:10","MONTHLY ELEVATOR PM SERVICES","ENG","84600","669500","","11-18-2024 14:29:57","system","","$0.00"
"FPO0061003","Approved-PO Issued","728041170","956","$4,620.00","FRAMACA COMPLETE HOME IMPROVE","FRAMACA COMPLETE HOME IMPROVE","ROXBOROUGH MEMORIAL HOSPITAL","Repairs & Maintenance","","Jack Alabd","Windows privacy film, Office Paint,& Bathroom floor replacement","","08-31-2023 07:37:23","","ENG","84600","662500","","08-31-2023 11:12:12","admin","","$0.00"
"FPO0061002","Approved-PO Issued","728041163","955","$4,700.00","FRAMACA COMPLETE HOME IMPROVE","FRAMACA COMPLETE HOME IMPROVE","ROXBOROUGH MEMORIAL HOSPITAL","Repairs & Maintenance","","Jack Alabd","Pharmacy Epoxy Paint ","","08-31-2023 06:53:48","","ENG","84600","662500","","08-15-2024 15:17:43","system","","$0.00"
"FPO0060826","Approved-PO Issued","728041123","","$1,969.24","QUIP LABORATORIES INC","QUIP LABORATORIES","ROXBOROUGH MEMORIAL HOSPITAL","Repairs & Maintenance","","Jack Alabd","HALOMIST DISNFECTANT CASE 4X1 GALLON CASE","","08-28-2023 15:07:24","","ENG","84400","662500","","03-27-2024 07:43:02","system","","$0.00"
"FPO0060817","Received","728041121","","$413.13","GRAINGER","GRAINGER WW INC 860641950","ROXBOROUGH MEMORIAL HOSPITAL","Repairs & Maintenance","","Jack Alabd","SUMP PUMP FOR SON","","08-28-2023 13:24:09","","ENG","84600","662500","","01-26-2024 15:06:49","system","","$0.00"
"FPO0060815","Closed","728041154","","$4,626.85","CM3 BUILDING SOLUTIONS INC","CM3 BUILDING SOLUTIONS INC","ROXBOROUGH MEMORIAL HOSPITAL","Repairs & Maintenance","","Jack Alabd","Camera For Pharmacy Office ","","08-28-2023 13:15:34","","ENG","84200","662500","*ATTN : Jack Alabd/ENG

PROPOSAL # SEC-2023-2052 *Camera For Pharmacy Office","12-02-2024 10:31:27","admin","","$0.00"
"FPO0060810","Received","728041116","82523","$512.50","DARREN DANILOWICZ REFRIGERATIO","DARREN DANILOWICZ REFRIGERATIO","ROXBOROUGH MEMORIAL HOSPITAL","Repairs & Maintenance","","Jack Alabd","WALK-IN FREEZER","","08-28-2023 11:55:39","","ENG","84600","662500","","08-28-2023 12:47:14","jalabd@phsi.us","","$0.00"
"FPO0060799","Received","728041114","6236814-00","$80.18","BILLOWS ELECTRIC SUPPLY COMPAN","BILLOWS ELECTRIC SUPPLY","ROXBOROUGH MEMORIAL HOSPITAL","Repairs & Maintenance","","Jack Alabd","400A AC TRMS CLAMP METER","","08-28-2023 10:31:24","","ENG","84600","662500","","08-28-2023 12:17:59","jalabd@phsi.us","","$0.00"
"FPO0060790","Received","728041115","63804","$1,015.00","RAMM","RAMM INC","ROXBOROUGH MEMORIAL HOSPITAL","Repairs & Maintenance","","Jack Alabd","JOB # J53306","","08-28-2023 10:13:17","","ENG","84600","662500","","08-28-2023 14:54:02","jalabd@phsi.us","","$0.00"
"FPO0060787","Approved-PO Issued","728041113","","$721.50","PARTOPIA MEDICAL LLC","PARTOPIA MEDICAL LLC","ROXBOROUGH MEMORIAL HOSPITAL","Repairs & Maintenance","","Jack Alabd","PM0030: AeroScout - Xeno T2s 3.6v 1.2Ah Lithium with
Pigtail","","08-28-2023 10:02:41","","ENG","84200","662500","","08-28-2023 11:16:10","admin","","$0.00"
"FPO0060525","Received","728041065","","$68.08","GRAINGER","GRAINGER WW INC 860641950","ROXBOROUGH MEMORIAL HOSPITAL","Repairs & Maintenance","Status: Delivered
Delivery Details:
>City/State: Philadelphia, PA
>Date: 2023-08-24
>Signature Name: Signature not required
>Delivery location: null","Jack Alabd","Test Probe,w/Gauge And Wrench","","08-23-2023 08:00:46","","ENG","84600","662500","","08-29-2023 06:51:49","jalabd@phsi.us","Delivered","$0.00"
"FPO0060438","Approved-PO Issued","728041048","","$627.00","IRIS LTD  INC","IRIS LTD  INC","ROXBOROUGH MEMORIAL HOSPITAL","Repairs & Maintenance","","Jack Alabd","NPSG - GOALS","","08-22-2023 07:50:38","","ENG","84200","662500","","08-22-2023 08:36:50","admin","","$0.00"
"FPO0060420","Approved-PO Issued","728041034","","$1,117.00","ELLIOTT LEWIS CORPORATION","ELLIOTT LEWIS","ROXBOROUGH MEMORIAL HOSPITAL","Purchased Services/Service Agreements","","Jack Alabd","HVAC QUARTERLY MAINTENACE CONTRACT FOR IT UNIT PREVIOUS PO728035531-ENG","","08-21-2023 13:30:35","RENEWAL OF CAPITAL ASSET PROTECTION AGREEMENT","ENG","84600","669500","*ATTN: ENG / JACK ALABD


REF: CONTRACT# 73PM02


RENEWAL OF CAPITAL ASSET PROTECTION AGREEMENT
From 9/1/2023 - August 31, 2024 *HVAC QUARTERLY MAINTENACE CONTRACT FOR IT UNIT PREVIOUS PO728035531-ENG","01-06-2025 15:13:11","system","","$0.00"
"FPO0060383","Received","728041029","","$607.47","GRAINGER","GRAINGER WW INC 860641950","ROXBOROUGH MEMORIAL HOSPITAL","Repairs & Maintenance","Status: Delivered
Delivery Details:
>City/State: Philadelphia, PA
>Date: 2023-08-22
>Signature Name: Signature not required
>Delivery location: null","Jack Alabd","AA,AAA C, D AND 9V BATTERY","","08-21-2023 08:52:12","","ENG","84600","662500","","01-26-2024 15:15:13","system","Delivered","$0.00"
"FPO0060339","Approved-PO Issued","728041032","","$3,780.50","IRIS LTD  INC","IRIS LTD  INC","ROXBOROUGH MEMORIAL HOSPITAL","Repairs & Maintenance","","Jack Alabd","BADGE SUPPLIES ","","08-18-2023 14:07:09","","ENG","84200","662500","","08-21-2023 13:27:05","admin","","$0.00"
"FPO0060335","Received","728041024","","$525.37","GRAINGER","GRAINGER WW INC 860641950","ROXBOROUGH MEMORIAL HOSPITAL","Repairs & Maintenance","703013108046
Status: Delivered
>Date: 2023-08-21
>City/State: Philadelphia, PA
>Signature Name: Signature not required

 703013111785
Status: Delivered
>Date: 2023-08-21
>City/State: Philadelphia, PA
>Signature Name: Signature not required

","Jack Alabd","HVAC PARTS","","08-18-2023 13:53:21","","ENG","84600","662500","","08-29-2023 06:52:59","jalabd@phsi.us","Delivered","$0.00"
"FPO0060334","Received","728041028","63763","$2,975.00","RAMM","RAMM INC","ROXBOROUGH MEMORIAL HOSPITAL","Repairs & Maintenance","","Jack Alabd","JOB # J53236","","08-18-2023 13:49:49","","ENG","84600","662500","","08-21-2023 08:29:10","jalabd@phsi.us","","$0.00"
"FPO0060330","Approved-PO Issued","728041027","","$3,365.50","AIR LINK INTERNATIONAL","AIR LINK INTERNATIONAL","ROXBOROUGH MEMORIAL HOSPITAL","Repairs & Maintenance","","Jack Alabd","REMOVE DAMAGED UP RECEIVE STATION AND REPLACE WITH NEW 3"" STEEL STATION, REPLACE DIODE PLATE, AND ALL NESSARY STEEL FITTINGS, REPIPE, AND SECURE. THIS QUOTE INCUDES THE 1ST","","08-18-2023 13:34:28","ESTIMATE# 50897","ENG","84600","662500","","09-13-2024 09:24:40","system","","$0.00"
"FPO0060294","Rejected","","19968","$9,232.50","LIMBACH COMPANY LLC","LIMBACH COMPANY LLC","ROXBOROUGH MEMORIAL HOSPITAL","Repairs & Maintenance","","Jack Alabd","MAY PLUMBING WORK ","","08-18-2023 06:59:56","","ENG","84600","662500","","04-05-2024 16:19:43","mbaskarapandian@phsi.us","","$0.00"
"FPO0060192","Received","728040993","","$447.43","LABOV SUPPLY CO INC","LABOV SUPPLY CO INC THE","ROXBOROUGH MEMORIAL HOSPITAL","Repairs & Maintenance","","Jack Alabd","Plumbing patrs ","","08-16-2023 14:54:47","","ENG","84600","662500","","08-23-2023 12:25:40","jalabd@phsi.us","","$0.00"
"FPO0060179","Received","728040992","","$211.88","GRAINGER","GRAINGER WW INC 860641950","ROXBOROUGH MEMORIAL HOSPITAL","Repairs & Maintenance","","Jack Alabd","Supply ","","08-16-2023 14:08:05","","ENG","84600","662500","","08-29-2023 06:53:45","jalabd@phsi.us","","$0.00"
"FPO0060158","Approved-PO Issued","728040987","","$1,165.00","TOWN COMMUNICATIONS","TOWN COMMUNICATIONS CORP","ROXBOROUGH MEMORIAL HOSPITAL","Repairs & Maintenance","","Jack Alabd","MICROPHONE FORHOSPITAL OVERHEAD PAGING 
","","08-16-2023 13:19:24","","ENG","84600","662500","","08-16-2023 13:47:56","admin","","$0.00"
"FPO0060154","Received","728040990","4211307M","$92.75","STRYKER SALES LLC","STRYKER MEDICAL","ROXBOROUGH MEMORIAL HOSPITAL","Repairs & Maintenance","","Jack Alabd","SERIAL # R28088","","08-16-2023 13:09:59","","ENG","84400","662500","","08-16-2023 13:47:33","jalabd@phsi.us","","$0.00"
"FPO0060151","Received","728040988","4211306M","$706.75","STRYKER SALES LLC","STRYKER MEDICAL","ROXBOROUGH MEMORIAL HOSPITAL","Repairs & Maintenance","","Jack Alabd","SERIAL # M04099","","08-16-2023 13:07:28","","ENG","84601","662500","","08-16-2023 13:47:06","jalabd@phsi.us","","$0.00"
"FPO0060149","Received","728040989","4211305M","$788.50","STRYKER SALES LLC","STRYKER MEDICAL","ROXBOROUGH MEMORIAL HOSPITAL","Repairs & Maintenance","","Jack Alabd","SERIAL # M54003","","08-16-2023 13:01:48","","ENG","84400","662500","","08-16-2023 13:45:08","jalabd@phsi.us","","$0.00"
"FPO0060139","Received","728040986","38441","$759.30","MAJOR MEDICAL HOSPITAL SVCS","MAJOR MEDICAL HOSPITAL SVCS","ROXBOROUGH MEMORIAL HOSPITAL","Repairs & Maintenance","","Jack Alabd","WO13584,15131827","","08-16-2023 11:28:53","SO# WO13584,15131827","ENG","84600","662500","","08-16-2023 13:27:05","jalabd@phsi.us","","$0.00"
"FPO0060137","Received","728041000","38440","$6,249.84","MAJOR MEDICAL HOSPITAL SVCS","MAJOR MEDICAL HOSPITAL SVCS","ROXBOROUGH MEMORIAL HOSPITAL","Repairs & Maintenance","","Jack Alabd","Source Emergency Services Dew Point on Dryer. ","","08-16-2023 11:25:36","SO# WO13582,15131743","ENG","84600","662500","","02-13-2024 09:33:32","system","","$0.00"
"FPO0060135","Received","728040984","38439","$1,138.40","MAJOR MEDICAL HOSPITAL SVCS","MAJOR MEDICAL HOSPITAL SVCS","ROXBOROUGH MEMORIAL HOSPITAL","Repairs & Maintenance","","Jack Alabd","Repair om Medical Air","","08-16-2023 11:13:30","","ENG","84600","662500","","08-16-2023 13:26:08","jalabd@phsi.us","","$0.00"
"FPO0060035","Received","728040966","","$1,900.00","CERTAPRO PAINTERS OF CENTRAL B","CERTAPRO PAINTERS OF CENTRAL B","ROXBOROUGH MEMORIAL HOSPITAL","Repairs & Maintenance","","Jack Alabd","Paint Hallway, bathroom on 1st floor
 ","","08-15-2023 07:04:36","","ENG","84600","662500","","08-28-2023 10:26:02","jalabd@phsi.us","","$0.00"
"FPO0059855","Received","728040923","21163","$1,721.50","LIMBACH COMPANY LLC","LIMBACH COMPANY LLC","ROXBOROUGH MEMORIAL HOSPITAL","Repairs & Maintenance","","Jack Alabd","JULY PLUMBING WORK ","","08-10-2023 13:41:53","","ENG","84600","662500","","08-10-2023 14:34:33","system","","$0.00"
"FPO0059844","Received","728040940","","$535.90","CHEMSEARCH FE","CHEMSEARCH FE","ROXBOROUGH MEMORIAL HOSPITAL","Repairs & Maintenance","","Jack Alabd","EMERGE CASE","","08-10-2023 11:42:10","","ENG","84600","662500","","09-08-2023 09:53:33","system","","$0.00"
"FPO0059840","Received","728040921","","$117.00","GRAINGER","GRAINGER WW INC 860641950","ROXBOROUGH MEMORIAL HOSPITAL","Repairs & Maintenance","Status: Delivered
Delivery Details:
>City/State: Philadelphia, PA
>Date: 2023-08-11
>Signature Name: Signature not required
>Delivery location: null","Jack Alabd","LIGHT BULB","","08-10-2023 11:35:59","","ENG","84600","662500","","08-29-2023 06:54:46","jalabd@phsi.us","Delivered","$0.00"
"FPO0059832","Received","728040920","3683849M","$457.75","STRYKER SALES LLC","STRYKER MEDICAL","ROXBOROUGH MEMORIAL HOSPITAL","Repairs & Maintenance","","Jack Alabd"," FIX THE BED. S# M54002","","08-10-2023 10:00:33","","ENG","84400","662500","","08-10-2023 11:31:48","jalabd@phsi.us","","$0.00"
"FPO0059830","Received","728040919","3683847M","$457.75","STRYKER SALES LLC","STRYKER MEDICAL","ROXBOROUGH MEMORIAL HOSPITAL","Repairs & Maintenance","","Jack Alabd"," FIX THE BED. S# M54005","","08-10-2023 09:56:34","","ENG","84400","662500","","08-10-2023 11:31:04","jalabd@phsi.us","","$0.00"
"FPO0059829","Received","728040918","3683844M","$72.50","STRYKER SALES LLC","STRYKER MEDICAL","ROXBOROUGH MEMORIAL HOSPITAL","Repairs & Maintenance","","Jack Alabd"," FIX THE BED. S# 042379","","08-10-2023 09:53:34","","ENG","84400","662500","*Attn: Jack Alabd - ENG *FIX THE BED. S# 042379","05-03-2024 17:04:38","admin","","$0.00"
"FPO0059827","Received","728040917","3683843M","$342.50","STRYKER SALES LLC","STRYKER MEDICAL","ROXBOROUGH MEMORIAL HOSPITAL","Repairs & Maintenance","","Jack Alabd"," FIX THE BED. S# 042385","","08-10-2023 09:43:21","","ENG","84400","662500","","08-10-2023 11:42:02","system","","$0.00"
"FPO0059785","Approved-PO Issued","728041014","","$1,080.00","ICP MEDICAL LLC","ICP MEDICAL LLC","ROXBOROUGH MEMORIAL HOSPITAL","Repairs & Maintenance","","Jack Alabd","Privacy Curtain ","","08-09-2023 12:21:24","","ENG","84600","662500","","10-31-2024 15:23:43","system","","$0.00"
"FPO0059772","Approved-PO Issued","728040903","","$5,715.00","WYATT ELEVATOR COMPANY","WYATT ELEVATOR COMPANY","ROXBOROUGH MEMORIAL HOSPITAL","Repairs & Maintenance","","Jack Alabd","WYATT-ELEVATOR 3 Lowering Device","","08-09-2023 10:58:35","","ENG","84600","662500","","09-01-2023 14:54:22","system","","$0.00"
"FPO0059759","Approved-PO Issued","728040902","","$2,427.00","ELLIOTT LEWIS CORPORATION","ELLIOTT LEWIS","ROXBOROUGH MEMORIAL HOSPITAL","Repairs & Maintenance","","Jack Alabd","REPLACE LIEBERT IT UNIT CONTACTORS AND AUXILIARY SWITCHES","","08-09-2023 08:29:25","","ENG","84600","662500","","08-09-2023 12:08:32","admin","","$0.00"
"FPO0059756","Received","728040907","","$950.00","GP ENERGY PRODUCTS LLC","GP ENERGY PRODUCTS LLC","ROXBOROUGH MEMORIAL HOSPITAL","Repairs & Maintenance","","Jack Alabd","BOILER PARTS-4","","08-09-2023 07:56:13","","ENG","84600","662500","","02-09-2024 08:50:33","eroman2@phsi.us","","$0.00"
"FPO0059644","Received","728040906","63621","$1,830.00","RAMM","RAMM INC","ROXBOROUGH MEMORIAL HOSPITAL","Repairs & Maintenance","","Jack Alabd","JOB # J53115","","08-08-2023 06:53:22","JOB# J53115","ENG","84600","662500","","08-09-2023 13:41:48","jalabd@phsi.us","","$0.00"
"FPO0059567","Received","728040841","","$677.24","GRAINGER","GRAINGER WW INC 860641950","ROXBOROUGH MEMORIAL HOSPITAL","Repairs & Maintenance","Status: Delivered
Delivery Details:
>City/State: Philadelphia, PA
>Date: 2023-08-08
>Signature Name: Signature not required
>Delivery location: null","Jack Alabd","Pneumatic Thermostat","","08-07-2023 09:53:57","","ENG","84600","662500","","08-29-2023 06:56:04","jalabd@phsi.us","Delivered","$0.00"
"FPO0059497","Received","728040814","63686","$1,409.00","RAMM","RAMM INC","ROXBOROUGH MEMORIAL HOSPITAL","Repairs & Maintenance","","Jack Alabd","JOB # J53165","","08-04-2023 12:22:32","","ENG","84600","662500","","08-07-2023 09:32:17","jalabd@phsi.us","","$0.00"
"FPO0059495","Received","728040820","63685","$4,340.00","RAMM","RAMM INC","ROXBOROUGH MEMORIAL HOSPITAL","Repairs & Maintenance","","Jack Alabd","JOB # J53081","","08-04-2023 12:16:23","","ENG","84600","662500","","08-07-2023 09:32:58","jalabd@phsi.us","","$0.00"
"FPO0059456","Received","728040801","3095510","$220.00","SECURITAS TECHNOLOGY CORPORATI","SECURITAS TECHNOLOGY CORPORATI","ROXBOROUGH MEMORIAL HOSPITAL","Repairs & Maintenance","","Jack Alabd","ALL ICU TV's  NOT WORKING ","","08-04-2023 07:58:35","","ENG","84600","662500","","08-04-2023 12:12:29","jalabd@phsi.us","","$0.00"
"FPO0059455","Received","728040800","972","$889.00","FLOW DRAIN SERVICES","FLOW DRAIN SERVICES","ROXBOROUGH MEMORIAL HOSPITAL","Repairs & Maintenance","","Jack Alabd","8"" DRAIN SEWER JETTING ","","08-04-2023 07:45:31","","ENG","84600","662500","","08-04-2023 12:13:11","jalabd@phsi.us","","$0.00"
"FPO0059387","Received","728040821","20991","$2,533.50","LIMBACH COMPANY LLC","LIMBACH COMPANY LLC","ROXBOROUGH MEMORIAL HOSPITAL","Repairs & Maintenance","","Jack Alabd","CRACK DRAIN LINE ","","08-03-2023 07:18:57","WO# 190722","ENG","84600","662500","","02-27-2024 11:46:22","system","","$0.00"
"FPO0059385","Received","728040910","20958","$7,815.00","LIMBACH COMPANY LLC","LIMBACH COMPANY LLC","ROXBOROUGH MEMORIAL HOSPITAL","Repairs & Maintenance","","Jack Alabd","Various Plumbing Work for June 2023","","08-03-2023 07:13:52","WO# 190555","ENG","84600","662500","","08-10-2023 10:10:45","jalabd@phsi.us","","$0.00"
"FPO0059330","Approved-PO Issued","728040780","","$1,917.24","CREST HEALTHCARE SUPPLY","CREST HEALTHCARE SUPPLY","ROXBOROUGH MEMORIAL HOSPITAL","Repairs & Maintenance","","Jack Alabd","PILLOW SPKEAR ","","08-02-2023 13:39:04","","ENG","84601","662500","","05-02-2024 14:41:42","system","","$0.00"
"FPO0059294","Received","728040773","161143","$735.50","ARTIC ICE & CHEMICAL","ARTIC ICE & CHEMICAL INC","ROXBOROUGH MEMORIAL HOSPITAL","Repairs & Maintenance","","Jack Alabd","SOLAR SALT","","08-02-2023 08:53:13","","ENG","84600","662500","","08-02-2023 09:47:22","jalabd@phsi.us","","$0.00"
"FPO0059293","Received","728040776","","$858.00","KB LIGHTING MFG CO INC","KB LIGHTING MFG CO  INC","ROXBOROUGH MEMORIAL HOSPITAL","Repairs & Maintenance","","Jack Alabd","LED LIGHTS BULB","","08-02-2023 08:36:22","","ENG","84600","662500","","08-29-2023 06:55:32","jalabd@phsi.us","","$0.00"
"FPO0059286","Received","728040765","","$789.40","ARTIC ICE & CHEMICAL","ARTIC ICE & CHEMICAL INC","ROXBOROUGH MEMORIAL HOSPITAL","Repairs & Maintenance","","Jack Alabd","Solar Salt ","","08-02-2023 06:08:03","","ENG","84600","662500","","09-11-2023 14:01:16","system","","$0.00"
"FPO0059153","Received","728040665","","$268.60","UNIFIRST CORP","UNIFIRST CORP","ROXBOROUGH MEMORIAL HOSPITAL","Repairs & Maintenance","","Jack Alabd","UNIFORM ","","07-31-2023 08:49:51","","ENG","84200","662500","","08-16-2023 13:54:37","jalabd@phsi.us","","$0.00"
"FPO0059136","Received","728040655","63624","$1,677.00","RAMM","RAMM INC","ROXBOROUGH MEMORIAL HOSPITAL","Repairs & Maintenance","","Jack Alabd","JOB # J53009","","07-28-2023 14:15:27","JOB# J53009","ENG","84600","662500","","07-31-2023 08:28:45","jalabd@phsi.us","","$0.00"
"FPO0059135","Received","728040654","63622","$340.00","RAMM","RAMM INC","ROXBOROUGH MEMORIAL HOSPITAL","Repairs & Maintenance","","Jack Alabd","JOB # J53116","","07-28-2023 14:12:17","JOB# J53116","ENG","84600","662500","","07-31-2023 08:28:14","jalabd@phsi.us","","$0.00"
"FPO0059081","Received","728040640","","$392.70","MED PAT & INN PHONE","MED PAT & INN PHONE","ROXBOROUGH MEMORIAL HOSPITAL","Repairs & Maintenance","Status: Delivered
Delivery Details:
>City/State: Philadelphia, PA
>Date: 2023-08-18
>Signature Name: Signature not required
>Delivery location: null","Jack Alabd","Patient Phones","","07-28-2023 09:35:28","","ENG","84600","662500","","05-31-2024 18:56:35","system","Delivered","$0.00"
"FPO0059018","Received","728040624","","$140.17","GRAINGER","GRAINGER WW INC 860641950","ROXBOROUGH MEMORIAL HOSPITAL","Repairs & Maintenance","","Jack Alabd","
DURACELL PROCELL","","07-27-2023 13:22:43","","ENG","84600","662500","","07-31-2023 08:34:15","jalabd@phsi.us","","$0.00"
"FPO0058997","Approved-PO Issued","728040622","","$410.00","IRIS LTD  INC","IRIS LTD  INC","ROXBOROUGH MEMORIAL HOSPITAL","Repairs & Maintenance","","Jack Alabd","BADGE REELS","","07-27-2023 10:38:18","","ENG","84200","662500","","07-27-2023 12:59:25","system","","$0.00"
"FPO0058994","Approved-PO Issued","728040621","","$1,124.22","JAMES DOORCHECK","JAMES DOORCHECK","ROXBOROUGH MEMORIAL HOSPITAL","Repairs & Maintenance","","Jack Alabd","TRILOGY LOCK","","07-27-2023 10:30:25","QUOTE# 434794","ENG","84600","662500","","02-02-2024 07:54:22","system","","$0.00"
"FPO0058705","Received","728040575","63577","$5,298.00","RAMM","RAMM INC","ROXBOROUGH MEMORIAL HOSPITAL","Repairs & Maintenance","","Jack Alabd","JOB # M 53086","","07-21-2023 10:51:45","JOB# M53086","ENG","84600","662500","","07-27-2023 09:08:12","jalabd@phsi.us","","$0.00"
"FPO0058703","Received","728040572","63576","$2,096.00","RAMM","RAMM INC","ROXBOROUGH MEMORIAL HOSPITAL","Repairs & Maintenance","","Jack Alabd","JOB # J53082","","07-21-2023 10:48:09","JOB# J53082","ENG","84600","662500","","07-27-2023 09:09:01","jalabd@phsi.us","","$0.00"
"FPO0058701","Received","728040573","63575","$1,093.00","RAMM","RAMM INC","ROXBOROUGH MEMORIAL HOSPITAL","Repairs & Maintenance","","Jack Alabd","Nuclear Condensate Leak","","07-21-2023 10:42:06","JOB# J53050","ENG","84600","662500","","07-27-2023 09:09:33","jalabd@phsi.us","","$0.00"
"FPO0058532","Received","728040528","","$560.00","GRAINGER","GRAINGER WW INC 860641950","ROXBOROUGH MEMORIAL HOSPITAL","Repairs & Maintenance","","Jack Alabd","TOOLS","","07-19-2023 08:13:21","","ENG","84600","662500","","07-31-2023 08:33:44","jalabd@phsi.us","","$0.00"
"FPO0058515","Received","728040535","","$4,923.28","WIRELESS ELECTRONICS INC","WIRELESS ELECTRONICS INC","ROXBOROUGH MEMORIAL HOSPITAL","Repairs & Maintenance","","Jack Alabd","CP 200d RADIO","","07-18-2023 14:12:06","QUOTE# 23RM230718-11","ENG","84200","662500","*ATTN: ENG / JACK ALABD


REF: QUOTE# 23RM230718-11


** Note: Any taxes and/or shipping (if applicable) will be paid upon receipt of invoice ** *CP 200d RADIO","08-13-2024 10:15:58","eroman2@phsi.us","","$0.00"
"FPO0058514","Received","728040520","","$1,567.80","WIRELESS ELECTRONICS INC","WIRELESS ELECTRONICS INC","ROXBOROUGH MEMORIAL HOSPITAL","Repairs & Maintenance","","Jack Alabd","SL 3500E RADIO","","07-18-2023 14:07:51","","ENG","84200","662500","*ATTN : Jack Alabd/ENG

QUOTE # 23RM230718-14 *SL 3500E RADIO","08-13-2024 10:25:07","eroman2@phsi.us","","$0.00"
"FPO0058492","Received","728040519","","$140.30","UNIFIRST CORP","UNIFIRST CORP","ROXBOROUGH MEMORIAL HOSPITAL","Repairs & Maintenance","","Jack Alabd","06AV Shirt","","07-18-2023 12:18:59","","ENG","84600","662500","","08-16-2023 13:58:21","jalabd@phsi.us","","$0.00"
"FPO0058470","Approved-PO Issued","728040517","","$1,340.00","ELLIOTT LEWIS CORPORATION","ELLIOTT LEWIS","ROXBOROUGH MEMORIAL HOSPITAL","Repairs & Maintenance","","Jack Alabd","REPLACE CONTROL AND CONTACTOR FOR URGENT CARE","","07-18-2023 08:50:50","","ENG","84600","662500","","07-18-2023 14:24:59","admin","","$0.00"
"FPO0058450","Received","728040513","","$201.43","GRAINGER","GRAINGER WW INC 860641950","ROXBOROUGH MEMORIAL HOSPITAL","Repairs & Maintenance","Status: Delivered
Delivery Details:
>City/State: Philadelphia, PA
>Date: 2023-07-18
>Signature Name: Signature not required
>Delivery location: null","Jack Alabd","SAFETY BUTTON FOR MOB","","07-17-2023 15:06:50","","ENG","84200","662500","","07-31-2023 08:33:20","jalabd@phsi.us","Delivered","$0.00"
"FPO0058348","Received","728040486","","$236.67","HD SUPPLY","HD SUPPLY","ROXBOROUGH MEMORIAL HOSPITAL","Repairs & Maintenance","","Jack Alabd","WET SHOP VACUUM","","07-14-2023 12:57:31","","ENG","84400","662500","","03-11-2024 09:36:02","system","","$0.00"
"FPO0058347","Received","728040489","63555","$1,502.00","RAMM","RAMM INC","ROXBOROUGH MEMORIAL HOSPITAL","Repairs & Maintenance","","Jack Alabd","JOB # J53040","","07-14-2023 12:31:27","JOB# 53040","ENG","84600","662500","","07-14-2023 14:10:20","jalabd@phsi.us","","$0.00"
"FPO0058344","Received","728040488","63554","$1,020.00","RAMM","RAMM INC","ROXBOROUGH MEMORIAL HOSPITAL","Repairs & Maintenance","","Jack Alabd","JOB # J53042","","07-14-2023 12:25:58","","ENG","84600","662500","","07-14-2023 14:09:15","jalabd@phsi.us","","$0.00"
"FPO0058343","Received","728040493","63553","$8,703.00","RAMM","RAMM INC","ROXBOROUGH MEMORIAL HOSPITAL","Repairs & Maintenance","","Jack Alabd","JOB # J53059","","07-14-2023 12:19:00","JOB# J53059","ENG","84600","662500","","10-22-2024 08:09:33","system","","$0.00"
"FPO0058341","Received","728040487","63552","$680.00","RAMM","RAMM INC","ROXBOROUGH MEMORIAL HOSPITAL","Repairs & Maintenance","","Jack Alabd","JOB # J53070","","07-14-2023 12:15:47","","ENG","84600","662500","","07-14-2023 14:08:24","jalabd@phsi.us","","$0.00"
"FPO0058307","Received","728040494","","$3,200.00","WYATT ELEVATOR COMPANY","WYATT ELEVATOR COMPANY","ROXBOROUGH MEMORIAL HOSPITAL","Repairs & Maintenance","","Jack Alabd","NEW CONTROLLER - ELEVATOR #3","","07-14-2023 09:25:56","","ENG","84600","662500","","08-29-2023 06:58:07","jalabd@phsi.us","","$0.00"
"FPO0058157","Received","728040457","INV-000319","$300.00","TRI STAR FACILICARE","FACILICARE SOLUTIONS","ROXBOROUGH MEMORIAL HOSPITAL","Repairs & Maintenance","","Jack Alabd","PRESSURE WASH ","","07-12-2023 12:50:24","","ENG","84400","662500","","07-12-2023 13:32:49","jalabd@phsi.us","","$0.00"
"FPO0058134","Received","728040459","","$428.35","GRAINGER","GRAINGER WW INC 860641950","ROXBOROUGH MEMORIAL HOSPITAL","Repairs & Maintenance","Status: Delivered
Delivery Details:
>City/State: Philadelphia, PA
>Date: 2023-07-14
>Signature Name: Signature not required
>Delivery location: null","Jack Alabd","PLUMBING","","07-12-2023 09:36:14","","ENG","84600","662500","","07-31-2023 08:32:50","jalabd@phsi.us","Delivered","$0.00"
"FPO0058133","Received","728040452","","$147.78","GRAINGER","GRAINGER WW INC 860641950","ROXBOROUGH MEMORIAL HOSPITAL","Repairs & Maintenance","","Jack Alabd","SUPERCLEAN Cleaner/Degreaser: ","","07-12-2023 09:29:02","","ENG","84400","662500","","07-31-2023 08:32:17","jalabd@phsi.us","","$0.00"
"FPO0058092","Canceled","728040445","","$0.00","HD SUPPLY","HD SUPPLY","ROXBOROUGH MEMORIAL HOSPITAL","Repairs & Maintenance","","Jack Alabd","supplies","","07-11-2023 14:15:38","","ENG","84600","662500","","03-11-2024 09:36:37","system","","$0.00"
"FPO0058059","Received","728040444","","$322.16","GRAINGER","GRAINGER WW INC 860641950","ROXBOROUGH MEMORIAL HOSPITAL","Repairs & Maintenance","608885632802
Status: Delivered
>Date: 2023-07-13
>City/State: Philadelphia, PA
>Signature Name: Signature not required

 608885634838
Status: Delivered
>Date: 2023-07-13
>City/State: Philadelphia, PA
>Signature Name: Signature not required

","Jack Alabd","Air King 2 Speeds Fan for GERO PSYCH","","07-11-2023 11:26:20","","ENG","84600","662500","","07-31-2023 08:30:01","jalabd@phsi.us","Delivered","$0.00"
"FPO0058029","Received","728040433","","$609.48","UNIFIRST CORP","UNIFIRST CORP","ROXBOROUGH MEMORIAL HOSPITAL","Repairs & Maintenance","","Jack Alabd","UNIFORMS ORDER
","","07-11-2023 08:37:43","","ENG","84600","662500","","08-16-2023 13:57:24","jalabd@phsi.us","","$0.00"
"FPO0057992","Received","728040430","","$1,175.00","JOSEPH CAPALDI","JOSEPH CAPALDI CABINETMAKERS","ROXBOROUGH MEMORIAL HOSPITAL","Repairs & Maintenance","","Jack Alabd","REPAIR DAMAGED MEGANITE COUNTERTOP ON ER","","07-10-2023 13:43:42","","ENG","84600","662500","","07-27-2023 09:12:33","jalabd@phsi.us","","$0.00"
"FPO0057989","Approved-PO Issued","728040429","","$1,150.50","IRIS LTD  INC","IRIS LTD  INC","ROXBOROUGH MEMORIAL HOSPITAL","Repairs & Maintenance","","Jack Alabd"," ID Card Supplies","","07-10-2023 13:23:43","","ENG","84200","662500","","07-10-2023 14:03:35","admin","","$0.00"
"FPO0057897","Received","728040404","44578","$935.00","ELECTRONIC SECURITY SOLUTIONS","ELECTRONIC SECURITY SOLUTIONS","ROXBOROUGH MEMORIAL HOSPITAL","Purchased Services/Service Agreements","","Jack Alabd"," MONITORING OF THE FRIE ALARM FOR URGINT CARE","","07-07-2023 12:24:02"," FIRE ALARM & SECURITY SYSTEM MONITORING","ENG","84600","669500","","07-11-2024 18:34:54","system","","$0.00"
"FPO0057896","Received","728040398","63511","$283.00","RAMM","RAMM INC","ROXBOROUGH MEMORIAL HOSPITAL","Repairs & Maintenance","","Jack Alabd","JOB # JP 52659","","07-07-2023 12:17:21","","ENG","84600","662500","","07-07-2023 15:06:58","jalabd@phsi.us","","$0.00"
"FPO0057895","Received","728040400","63510","$342.00","RAMM","RAMM INC","ROXBOROUGH MEMORIAL HOSPITAL","Repairs & Maintenance","","Jack Alabd","JOB # JP 53071","","07-07-2023 12:13:37","JOB# JP53071","ENG","84600","662500","","07-07-2023 14:59:32","jalabd@phsi.us","","$0.00"
"FPO0057894","Received","728040397","63500","$3,457.00","RAMM","RAMM INC","ROXBOROUGH MEMORIAL HOSPITAL","Repairs & Maintenance","","Jack Alabd","JOB # J52963","","07-07-2023 12:09:42","JOB# J52963","ENG","84600","662500","","07-07-2023 14:59:02","jalabd@phsi.us","","$0.00"
"FPO0057892","Received","728040402","63499","$340.00","RAMM","RAMM INC","ROXBOROUGH MEMORIAL HOSPITAL","Repairs & Maintenance","","Jack Alabd","JOB # J52990","","07-07-2023 12:06:31","","ENG","84600","662500","","07-07-2023 14:54:43","jalabd@phsi.us","","$0.00"
"FPO0057891","Received","728040403","63498","$680.00","RAMM","RAMM INC","ROXBOROUGH MEMORIAL HOSPITAL","Repairs & Maintenance","","Jack Alabd","JOB # J52988","","07-07-2023 12:02:21","JOB# J52988","ENG","84600","662500","","07-07-2023 14:38:23","jalabd@phsi.us","","$0.00"
"FPO0057890","Received","728040401","63497","$340.00","RAMM","RAMM INC","ROXBOROUGH MEMORIAL HOSPITAL","Repairs & Maintenance","","Jack Alabd","JOB # J52964","","07-07-2023 11:52:31","JOB# J52964","ENG","84600","662500","","07-07-2023 14:36:43","jalabd@phsi.us","","$0.00"
"FPO0057889","Received","728040399","63496","$1,120.00","RAMM","RAMM INC","ROXBOROUGH MEMORIAL HOSPITAL","Repairs & Maintenance","","Jack Alabd","Job # J52938","","07-07-2023 11:46:41","","ENG","84600","662500","","07-07-2023 14:50:05","jalabd@phsi.us","","$0.00"
"FPO0057869","Received","728040325","","$23.10","LABOV SUPPLY CO INC","LABOV SUPPLY CO INC THE","ROXBOROUGH MEMORIAL HOSPITAL","Repairs & Maintenance","","Jack Alabd","DIALYSIS","","07-07-2023 08:20:16","","ENG","84600","662500","","07-14-2023 08:09:39","jalabd@phsi.us","","$0.00"
"FPO0057828","Received","728039859","","$50.27","GRAINGER","GRAINGER WW INC 860641950","ROXBOROUGH MEMORIAL HOSPITAL","Repairs & Maintenance","669295530387
Status: Delivered
>Date: 2023-07-07
>City/State: Philadelphia, PA
>Signature Name: Signature not required

 669295534912
Status: Delivered
>Date: 2023-07-07
>City/State: Philadelphia, PA
>Signature Name: Signature not required

","Jack Alabd","HVAC Parts ","","07-06-2023 14:55:43","","ENG","84600","662500","","07-31-2023 08:31:41","jalabd@phsi.us","Delivered","$0.00"
"FPO0057824","Received","728040409","5002161820","$420.90","TK ELEVATOR CORPORATION","THYSSEN KRUPP ELEVATOR CORP","ROXBOROUGH MEMORIAL HOSPITAL","Repairs & Maintenance","","Jack Alabd","Labor Extra Work Outside Contract Daytime ","","07-06-2023 14:07:56","","ENG","84600","662500","","07-10-2023 10:07:41","jalabd@phsi.us","","$0.00"
"FPO0057789","Received","728039856","","$678.00","KB LIGHTING MFG CO INC","KB LIGHTING MFG CO  INC","ROXBOROUGH MEMORIAL HOSPITAL","Repairs & Maintenance","","Jack Alabd","LIGHT BULB ","","07-06-2023 09:57:41","","ENG","84600","662500","","08-29-2023 06:59:00","jalabd@phsi.us","","$0.00"
"FPO0057757","Received","728039847","","$299.00","GRAINGER","GRAINGER WW INC 860641950","ROXBOROUGH MEMORIAL HOSPITAL","Repairs & Maintenance","","Jack Alabd","Parts","","07-05-2023 15:21:03","","ENG","84600","662500","","07-31-2023 08:31:01","jalabd@phsi.us","","$0.00"
"FPO0057667","Received","728039825","12304","$925.00","KLENZOID INC","KLENZOID INC","ROXBOROUGH MEMORIAL HOSPITAL","Repairs & Maintenance","","Jack Alabd","CULTURING LEGIONELLA","","07-03-2023 09:18:20","","ENG","84600","662500","","07-05-2023 09:33:20","jalabd@phsi.us","","$0.00"
"FPO0057537","Received","728039786","","$180.67","LABOV SUPPLY CO INC","LABOV SUPPLY CO INC THE","ROXBOROUGH MEMORIAL HOSPITAL","Repairs & Maintenance","","Jack Alabd","DIALYSIS","","06-29-2023 13:13:58","","ENG","84600","662500","","07-14-2023 08:05:52","jalabd@phsi.us","","$0.00"
"FPO0057516","Received","728039783","","$112.24","UNIFIRST CORP","UNIFIRST CORP","ROXBOROUGH MEMORIAL HOSPITAL","Repairs & Maintenance","","Jack Alabd","UNIFORM ","","06-29-2023 10:01:26","","ENG","84600","662500","","08-16-2023 13:59:35","jalabd@phsi.us","","$0.00"
"FPO0057501","Received","728039781","","$47.02","GRAINGER","GRAINGER WW INC 860641950","ROXBOROUGH MEMORIAL HOSPITAL","Repairs & Maintenance","","Jack Alabd"," Cleaning HVAC units","","06-29-2023 07:39:19","","ENG","84600","662500","","06-30-2023 14:57:59","jalabd@phsi.us","","$0.00"
"FPO0057462","Received","728039787","19535","$3,345.50","LIMBACH COMPANY LLC","LIMBACH COMPANY LLC","ROXBOROUGH MEMORIAL HOSPITAL","Repairs & Maintenance","","Jack Alabd","APRIL PLUMBING WORK ","","06-28-2023 12:25:35","WO# 188566","ENG","84600","662500","","06-30-2023 07:07:06","jalabd@phsi.us","","$0.00"
"FPO0057459","Received","728039774","","$171.12","HILTI INC","HILTI INC","ROXBOROUGH MEMORIAL HOSPITAL","Repairs & Maintenance","","Jack Alabd","HILTI BATTERY PACK B 12-30 LI-ION","","06-28-2023 12:12:23","","ENG","84600","662500","","10-04-2024 14:15:15","system","","$0.00"
"FPO0057447","Received","728039772","","$181.32","GRAINGER","GRAINGER WW INC 860641950","ROXBOROUGH MEMORIAL HOSPITAL","Repairs & Maintenance","","Jack Alabd","Diaphragm Assembly: Fits Sloan Brand, For Regal(R), 2.4 gpf Size, 2.4 gpf Gallons per Flush","","06-28-2023 10:25:42","","ENG","84600","662500","","06-30-2023 14:57:33","jalabd@phsi.us","","$0.00"
"FPO0057391","Received","728039752","","$50.04","GRAINGER","GRAINGER WW INC 860641950","ROXBOROUGH MEMORIAL HOSPITAL","Repairs & Maintenance","","Jack Alabd"," Battery for Stanley Monitor ","","06-27-2023 15:05:54","","ENG","84600","662500","","07-05-2023 11:20:53","system","","$0.00"
"FPO0057372","Received","728039751","62223","$706.63","DARREN DANILOWICZ REFRIGERATIO","DARREN DANILOWICZ REFRIGERATIO","ROXBOROUGH MEMORIAL HOSPITAL","Repairs & Maintenance","","Jack Alabd","CLEAN AND SANITIZE KITCHEN ICE MACHINE ","","06-27-2023 12:37:01","","ENG","84600","662500","","03-25-2024 14:58:34","system","","$0.00"
"FPO0057369","Received","728039750","62723","$374.46","DARREN DANILOWICZ REFRIGERATIO","DARREN DANILOWICZ REFRIGERATIO","ROXBOROUGH MEMORIAL HOSPITAL","Repairs & Maintenance","","Jack Alabd","WALKING FREEZER DOOR ","","06-27-2023 12:24:08","","ENG","84600","662500","","06-27-2023 14:17:01","jalabd@phsi.us","","$0.00"
"FPO0057254","Received","728039735","","$701.50","GRAINGER","GRAINGER WW INC 860641950","ROXBOROUGH MEMORIAL HOSPITAL","Repairs & Maintenance","Status: Delivered
Delivery Details:
>City/State: Philadelphia, PA
>Date: 2023-06-27
>Signature Name: Signature not required
>Delivery location: null","Jack Alabd","HVAC PARTS","","06-26-2023 09:31:23","","ENG","84600","662500","","03-25-2024 14:45:08","system","Delivered","$0.00"
"FPO0057247","Received","728039733","","$1,401.57","FSI INDUSTRIES","FSI INDUSTRIES","ROXBOROUGH MEMORIAL HOSPITAL","Repairs & Maintenance","","Jack Alabd","HVAC FILTERS order ","","06-26-2023 07:49:34","","ENG","84600","662500","","12-20-2023 11:48:03","system","","$0.00"
"FPO0057176","Received","728039728","","$864.00","GP ENERGY PRODUCTS LLC","GP ENERGY PRODUCTS LLC","ROXBOROUGH MEMORIAL HOSPITAL","Repairs & Maintenance","","Jack Alabd","BOILER PARTS 3","","06-23-2023 11:16:58","","ENG","84600","662500","","01-26-2024 13:12:43","system","","$0.00"
"FPO0057158","Received","728039731","63416","$1,870.00","RAMM","RAMM INC","ROXBOROUGH MEMORIAL HOSPITAL","Repairs & Maintenance","","Jack Alabd","PENTHOUSE RADIATION PUMPS LEAKING ","","06-23-2023 07:58:12","JOB# J52937","ENG","84600","662500","","06-23-2023 12:40:24","jalabd@phsi.us","","$0.00"
"FPO0057101","Received","728039697","37976","$710.00","MAJOR MEDICAL HOSPITAL SVCS","MAJOR MEDICAL HOSPITAL SVCS","ROXBOROUGH MEMORIAL HOSPITAL","Repairs & Maintenance","","Jack Alabd","MED GAS EMERGENCY ROOM 304","","06-22-2023 10:06:24","","ENG","84600","662500","","06-23-2023 07:54:47","jalabd@phsi.us","","$0.00"
"FPO0057094","Received","728039686","","$1,575.00","JOSEPH CAPALDI","JOSEPH CAPALDI CABINETMAKERS","ROXBOROUGH MEMORIAL HOSPITAL","Repairs & Maintenance","","Jack Alabd","FIRST FLOOR ADMINISTRATION WOMAN'S LAVATORY","","06-22-2023 08:30:38","PROPOSAL# 2052","ENG","84600","662500","","06-27-2023 07:33:08","jalabd@phsi.us","","$0.00"
"FPO0057091","Approved-PO Issued","728039685","","$631.94","GP ENERGY PRODUCTS LLC","GP ENERGY PRODUCTS LLC","ROXBOROUGH MEMORIAL HOSPITAL","Repairs & Maintenance","","Jack Alabd","BOILER PARTS-2","","06-22-2023 08:21:04","","ENG","84600","662500","","06-22-2023 09:31:46","admin","","$0.00"
"FPO0057090","Received","728039684","","$254.62","GP ENERGY PRODUCTS LLC","GP ENERGY PRODUCTS LLC","ROXBOROUGH MEMORIAL HOSPITAL","Repairs & Maintenance","","Jack Alabd","BOILER  PARTS-1","","06-22-2023 08:16:46","","ENG","84600","662500","","06-26-2023 11:54:53","jalabd@phsi.us","","$0.00"
"FPO0056994","Received","728039707","","$230.16","GRAINGER","GRAINGER WW INC 860641950","ROXBOROUGH MEMORIAL HOSPITAL","Repairs & Maintenance","","Jack Alabd","V-BELT
","","06-21-2023 08:48:59","","ENG","84400","662500","","06-30-2023 14:51:50","jalabd@phsi.us","","$0.00"
"FPO0056932","Received","728039663","","$19.08","GRAINGER","GRAINGER WW INC 860641950","ROXBOROUGH MEMORIAL HOSPITAL","Repairs & Maintenance","Status: Delivered
Delivery Details:
>City/State: Philadelphia, PA
>Date: 2023-06-22
>Signature Name: Signature not required
>Delivery location: null","Jack Alabd","tamperproof switch plate screw for  GERO","","06-20-2023 11:54:41","","ENG","84600","662500","","06-30-2023 14:50:44","jalabd@phsi.us","Delivered","$0.00"
"FPO0056904","Received","728039643","9319-6","$60.90","SHERWIN WILLIAMS CO INC","SHERWIN WILLIAMS CO INC","ROXBOROUGH MEMORIAL HOSPITAL","Repairs & Maintenance","","Jack Alabd","DOH visit for GERO","","06-20-2023 07:40:24","","ENG","84600","662500","","02-07-2024 11:37:23","system","","$0.00"
"FPO0056861","Approved-PO Issued","728039639","","$2,928.00","ELLIOTT LEWIS CORPORATION","ELLIOTT LEWIS","ROXBOROUGH MEMORIAL HOSPITAL","Purchased Services/Service Agreements","","Jack Alabd","URGENT CARE ROOFTOP CARRIER HVAC UNIT PREVENATIVE MAINTENANCE - PREVIOUS PO 728034762","","06-19-2023 13:21:57","2023 PM SERVICE FOR ROOFTOP CARRIER HVAC UNIT","ENG","84600","669500","","06-24-2024 11:49:27","system","","$0.00"
"FPO0056857","Approved-PO Issued","728039640","","$2,572.00","ELLIOTT LEWIS CORPORATION","ELLIOTT LEWIS","ROXBOROUGH MEMORIAL HOSPITAL","Purchased Services/Service Agreements","","Jack Alabd","Telecome room Annual Protection Agreement ","","06-19-2023 13:12:07","2023 PM SERVICE FOR AIR HANDLER/CONDENSER","ENG","84600","669500","","09-26-2024 11:05:27","system","","$0.00"
"FPO0056832","Approved-PO Issued","728039638","","$6,264.52","CM3 BUILDING SOLUTIONS INC","CM3 BUILDING SOLUTIONS INC","ROXBOROUGH MEMORIAL HOSPITAL","Repairs & Maintenance","","Jack Alabd","security issue 2nd floor by medical records","","06-19-2023 08:57:07","","ENG","84200","662500","","06-19-2023 14:06:52","admin","","$0.00"
"FPO0056762","Received","728039616","","$277.17","UNIFIRST CORP","UNIFIRST CORP","ROXBOROUGH MEMORIAL HOSPITAL","Repairs & Maintenance","","Jack Alabd","UNIFORM","","06-16-2023 09:41:58","","ENG","84600","662500","","08-16-2023 13:56:07","jalabd@phsi.us","","$0.00"
"FPO0056664","Received","728039612","","$4,800.00","RAMM","RAMM INC","ROXBOROUGH MEMORIAL HOSPITAL","Repairs & Maintenance","","Jack Alabd","DOMESTIC WATER PUMP REPAIR","","06-15-2023 08:12:27","","ENG","84600","662500","","06-30-2023 14:41:50","jalabd@phsi.us","","$0.00"
"FPO0056625","Received","728039587","","$92.75","STRYKER SALES LLC","STRYKER MEDICAL","ROXBOROUGH MEMORIAL HOSPITAL","Repairs & Maintenance","","Jack Alabd"," FIX THE BED..M# FL28C..S# R28088","","06-14-2023 13:06:05","WO# WO-05972160","ENG","84400","662500","","08-15-2023 13:29:23","system","","$0.00"
"FPO0056622","Received","728039586","","$706.75","STRYKER SALES LLC","STRYKER MEDICAL","ROXBOROUGH MEMORIAL HOSPITAL","Repairs & Maintenance","","Jack Alabd"," FIX THE BED M# FL28EXS# M54099","","06-14-2023 12:57:38","WO-05972156","ENG","84400","662500","","08-15-2023 13:30:33","system","","$0.00"
"FPO0056618","Received","728039585","","$788.50","STRYKER SALES LLC","STRYKER MEDICAL","ROXBOROUGH MEMORIAL HOSPITAL","Repairs & Maintenance","","Jack Alabd","FIX THE BED 
M# FL28EX
S# M54003","","06-14-2023 12:45:36","WO-05972152","ENG","84400","662500","","08-15-2023 12:31:02","jalabd@phsi.us","","$0.00"
"FPO0056571","Received","728039584","","$1,550.00","GENSERVE LLC","GENSERVE LLC","ROXBOROUGH MEMORIAL HOSPITAL","Repairs & Maintenance","","Jack Alabd","BATTERY FOR  KOHLER 15KW","","06-14-2023 07:54:17","QUOTE# Q-15716","ENG","84600","662500","","06-27-2023 08:13:01","jalabd@phsi.us","","$0.00"
"FPO0056534","Received","728039571","868","$761.40","FLOW DRAIN SERVICES","FLOW DRAIN SERVICES","ROXBOROUGH MEMORIAL HOSPITAL","Repairs & Maintenance","","Jack Alabd","VIDEO INSPECTION","","06-13-2023 13:21:37","","ENG","84600","662500","","06-13-2023 15:00:34","jalabd@phsi.us","","$0.00"
"FPO0056532","Received","728039568","","$2,600.00","GENSERVE LLC","GENSERVE LLC","ROXBOROUGH MEMORIAL HOSPITAL","Repairs & Maintenance","","Jack Alabd","BATTERY FOR MTU 750KW","","06-13-2023 13:14:19","QUOTE# Q-15722","ENG","84600","662500","","06-27-2023 08:33:14","jalabd@phsi.us","","$0.00"
"FPO0056530","Approved-PO Issued","728039570","","$1,100.00","GENSERVE LLC","GENSERVE LLC","ROXBOROUGH MEMORIAL HOSPITAL","Repairs & Maintenance","","Jack Alabd","BATTERY FOR LIMA75KW","","06-13-2023 13:10:28","","ENG","84600","662500","","06-13-2023 14:38:45","admin","","$0.00"
"FPO0056529","Received","728039569","","$1,075.00","GENSERVE LLC","GENSERVE LLC","ROXBOROUGH MEMORIAL HOSPITAL","Repairs & Maintenance","","Jack Alabd","BATTERY FOR ONAN200KW","","06-13-2023 13:03:05","","ENG","84600","662500","","06-27-2023 08:29:45","jalabd@phsi.us","","$0.00"
"FPO0056510","Received","728039565","","$468.71","UNIFIRST CORP","UNIFIRST CORP","ROXBOROUGH MEMORIAL HOSPITAL","Repairs & Maintenance","","Jack Alabd","Uniforms ","","06-13-2023 10:02:46","","ENG","84600","662500","","08-16-2023 14:00:53","jalabd@phsi.us","","$0.00"
"FPO0056425","Received","728039536","","$2,209.32","UNITED ELECTRIC SUPPLY CO INC","UNITED ELECTRIC SUPPLY CO INC","ROXBOROUGH MEMORIAL HOSPITAL","Repairs & Maintenance","","Jack Alabd","Lobby lights ","","06-12-2023 07:46:38","","ENG","84600","662500","","02-20-2024 08:01:03","system","","$0.00"
"FPO0056359","Approved-PO Issued","728039533","","$38,000.00","OLIVER FIRE PROTECTION & SECUR","OLIVER FIRE PROTECTION & SECUR","ROXBOROUGH MEMORIAL HOSPITAL","Purchased Services/Service Agreements","","Jack Alabd","Fire Protection / Life Saftey Equipment Inspections","","06-09-2023 06:54:26","FIRE PROTECTION/LIFE SAFETY EQUIPMENT INSPECTIONS","ENG","84600","669500","*ATTN: ENG / JACK ALABD


REF: QUOTE# 0004078


FIRE PROTECTION/LIFE SAFETY EQUIPMENT INSPECTIONS
From 7/1/2023 - 6/30/2024 *Fire Protection / Life Saftey Equipment Inspections","11-15-2024 09:41:06","kvinson@phsi.us","","$0.00"
"FPO0056303","Received","728039517","","$1,308.60","AIR LINK INTERNATIONAL","AIR LINK INTERNATIONAL","ROXBOROUGH MEMORIAL HOSPITAL","Repairs & Maintenance","","Jack Alabd","INSPECT SYSTEM - CARRIER GETTING
STUCK","","06-08-2023 10:44:52","","ENG","84600","662500","","09-13-2024 09:24:20","system","","$0.00"
"FPO0056231","Received","728039506","340194144","$3,118.16","ADVANCED DOOR SVC","ADVANCED DOOR SERVICE","ROXBOROUGH MEMORIAL HOSPITAL","Repairs & Maintenance","","Jack Alabd","ICU DOOR","","06-07-2023 10:42:23","","ENG","84600","662500","","06-07-2023 14:11:03","jalabd@phsi.us","","$0.00"
"FPO0056228","Received","728039504","63311","$340.00","RAMM","RAMM INC","ROXBOROUGH MEMORIAL HOSPITAL","Repairs & Maintenance","","Jack Alabd","Hot Room 2"" Steam Leak","","06-07-2023 10:08:03","","ENG","84600","662500","","06-07-2023 13:13:51","jalabd@phsi.us","","$0.00"
"FPO0056227","Received","728039503","63310","$510.00","RAMM","RAMM INC","ROXBOROUGH MEMORIAL HOSPITAL","Repairs & Maintenance","","Jack Alabd","AC 2 Return","","06-07-2023 10:02:54","","ENG","84600","662500","","06-07-2023 13:16:08","jalabd@phsi.us","","$0.00"
"FPO0056224","Received","728039502","","$1,079.94","GP ENERGY PRODUCTS LLC","GP ENERGY PRODUCTS LLC","ROXBOROUGH MEMORIAL HOSPITAL","Repairs & Maintenance","","Jack Alabd","Boiler Parts","","06-07-2023 09:26:33","","ENG","84600","662500","","02-09-2024 08:38:02","system","","$0.00"
"FPO0055993","Approved-PO Issued","728039446","65085","$1,191.00","INDEPENDENT CONTRACT FLOORING","INDEPENDENT CONTRACT FLOORING","ROXBOROUGH MEMORIAL HOSPITAL","Repairs & Maintenance","","Kacey Krystopa","small office floor","","06-02-2023 13:26:38","","ENG","84600","662500","","06-02-2023 14:26:21","admin","","$0.00"
"FPO0055936","Received","728039417","","$56.07","ZORO TOOLS INC","ZORO TOOLS INC","ROXBOROUGH MEMORIAL HOSPITAL","Repairs & Maintenance","","Kacey Krystopa","Test Probe","","06-02-2023 08:50:50","","ENG","84600","662500","","08-29-2023 07:03:12","system","","$0.00"
"FPO0055906","Received","728039415","","$63.80","GRAINGER","GRAINGER WW INC 860641950","ROXBOROUGH MEMORIAL HOSPITAL","Repairs & Maintenance","Status: Delivered
Delivery Details:
>City/State: Philadelphia, PA
>Date: 2023-06-05
>Signature Name: Signature not required
>Delivery location: null","Kacey Krystopa","Fusible link","","06-01-2023 15:09:31","","ENG","84600","662500","","06-07-2023 08:15:13","system","Delivered","$0.00"
"FPO0055887","Received","728039413","","$51.31","GRAINGER","GRAINGER WW INC 860641950","ROXBOROUGH MEMORIAL HOSPITAL","Repairs & Maintenance","Status: Delivered
Delivery Details:
>City/State: Philadelphia, PA
>Date: 2023-06-02
>Signature Name: Signature not required
>Delivery location: null","Jack Alabd"," Commercial Pressure Gauge","","06-01-2023 13:14:02","","ENG","84600","662500","","06-07-2023 08:21:31","jalabd@phsi.us","Delivered","$0.00"
"FPO0055861","Received","728039410","","$185.00","FOLLETT PRODUCTS LLC","FOLLETT PRODUCTS LLC","ROXBOROUGH MEMORIAL HOSPITAL","Repairs & Maintenance","","Jack Alabd","Nu- Calgon IMS-III sanitizer,  Case of 12x16 oz bottles","","06-01-2023 09:49:49","","ENG","84600","662500","","11-05-2024 10:42:52","system","","$0.00"
"FPO0055837","Received","728039402","","$667.26","GRAINGER","GRAINGER WW INC 860641950","ROXBOROUGH MEMORIAL HOSPITAL","Repairs & Maintenance","Status: Delivered
Delivery Details:
>City/State: Philadelphia, PA
>Date: 2023-06-02
>Signature Name: Signature not required
>Delivery location: null","Jack Alabd","Red Line
Gage Glass","","05-31-2023 14:36:43","","ENG","84600","662500","","06-07-2023 08:22:50","jalabd@phsi.us","Delivered","$0.00"
"FPO0055799","Received","728039405","","$42.06","LABOV SUPPLY CO INC","LABOV SUPPLY CO INC THE","ROXBOROUGH MEMORIAL HOSPITAL","Repairs & Maintenance","","Kacey Krystopa","MR56 44ARCWD 4""& GALV RISER CLAMP
","","05-31-2023 10:38:07","","ENG","84600","662500","","08-29-2023 07:04:25","jalabd@phsi.us","","$0.00"
"FPO0055676","Received","728039351","","$120.07","GRAINGER","GRAINGER WW INC 860641950","ROXBOROUGH MEMORIAL HOSPITAL","Repairs & Maintenance","","Kacey Krystopa","6ft ladder","","05-26-2023 14:20:22","","ENG","84600","662500","","06-07-2023 08:13:44","jalabd@phsi.us","","$0.00"
"FPO0055672","Received","728039354","","$267.95","CHEMSEARCH FE","CHEMSEARCH FE","ROXBOROUGH MEMORIAL HOSPITAL","Repairs & Maintenance","","Kacey Krystopa","Emerge","","05-26-2023 13:48:44","","ENG","84600","662500","","08-29-2023 07:03:34","jalabd@phsi.us","","$0.00"
"FPO0055658","Received","728039348","","$6,137.59","JOHNSON CONTROLS SECURITY SOLU","JOHNSON CONTROLS","ROXBOROUGH MEMORIAL HOSPITAL","Repairs & Maintenance","","Kacey Krystopa","Sprinkler Defeciency","","05-26-2023 11:13:15","","ENG","84600","662500","","06-27-2023 07:45:25","jalabd@phsi.us","","$0.00"
"FPO0055652","Received","728039353","","$261.57","GRAINGER","GRAINGER WW INC 860641950","ROXBOROUGH MEMORIAL HOSPITAL","Repairs & Maintenance","","Kacey Krystopa","pneumatic t-stat","","05-26-2023 10:35:51","","ENG","84600","662500","","06-07-2023 08:12:22","system","","$0.00"
"FPO0055650","Received","728039347","","$138.03","ZORO TOOLS INC","ZORO TOOLS INC","ROXBOROUGH MEMORIAL HOSPITAL","Repairs & Maintenance","","Kacey Krystopa","test probe, oil","","05-26-2023 09:57:11","","ENG","84600","662500","","06-01-2023 14:35:14","kkrystopa@phsi.us","","$0.00"
"FPO0055548","Approved-PO Issued","728039304","","$17,500.00","RAMM","RAMM INC","ROXBOROUGH MEMORIAL HOSPITAL","Purchased Services/Service Agreements","","Kacey Krystopa","Maintenance contract","","05-24-2023 14:39:26","HVAC PM SERVICE AGREEMENT","ENG","84600","669500","*ATTN: ENG / KACEY KRYSTOPA


HVAC PM SERVICE AGREEMENT
From  6/1/2023 - 5/31/2024 *Maintenance contract","06-12-2024 05:27:32","admin","","$0.00"
"FPO0055542","Received","728039467","12457547","$450.00","CM3 BUILDING SOLUTIONS INC","CM3 BUILDING SOLUTIONS INC","ROXBOROUGH MEMORIAL HOSPITAL","Repairs & Maintenance","","Kacey Krystopa","Wander Guard not working","","05-24-2023 14:22:18","","ENG","84600","662500","","07-17-2024 10:14:22","system","","$0.00"
"FPO0055538","Received","728039302","","$154.12","GRAINGER","GRAINGER WW INC 860641950","ROXBOROUGH MEMORIAL HOSPITAL","Repairs & Maintenance","Status: Delivered
Delivery Details:
>City/State: Philadelphia, PA
>Date: 2023-05-25
>Signature Name: Signature not required
>Delivery location: null","Kacey Krystopa","4"" stem thermometer, inside covers","","05-24-2023 13:45:06","","ENG","84600","662500","","06-07-2023 08:41:54","jalabd@phsi.us","Delivered","$0.00"
"FPO0055487","Received","728039289","","$32.02","GRAINGER","GRAINGER WW INC 860641950","ROXBOROUGH MEMORIAL HOSPITAL","Repairs & Maintenance","Status: Delivered
Delivery Details:
>City/State: Philadelphia, PA
>Date: 2023-05-24
>Signature Name: Signature not required
>Delivery location: null","Kacey Krystopa","rotary hammer drill bit","","05-23-2023 15:03:16","","ENG","84600","662500","","06-05-2023 09:53:20","kkrystopa@phsi.us","Delivered","$0.00"
"FPO0055426","Received","728039285","63211","$894.00","RAMM","RAMM INC","ROXBOROUGH MEMORIAL HOSPITAL","Repairs & Maintenance","","Kacey Krystopa","AS1 DOWN WONT RESTART","","05-23-2023 07:25:04","JOB# 52764","ENG","84600","662500","","06-07-2023 12:42:52","system","","$0.00"
"FPO0055425","Received","728039286","63210","$2,086.00","RAMM","RAMM INC","ROXBOROUGH MEMORIAL HOSPITAL","Repairs & Maintenance","","Kacey Krystopa","CT SCAN WARM AND SPLIT SYSTEM FROZEN","","05-23-2023 07:23:21","JOB# J52775","ENG","84600","662500","","05-24-2023 07:24:19","kkrystopa@phsi.us","","$0.00"
"FPO0055423","Received","728039284","63209","$298.00","RAMM","RAMM INC","ROXBOROUGH MEMORIAL HOSPITAL","Repairs & Maintenance","","Kacey Krystopa","RM 302 WARM","","05-23-2023 07:21:59","JOB# J52779","ENG","84600","662500","","05-24-2023 07:23:52","kkrystopa@phsi.us","","$0.00"
"FPO0055390","Received","728039269","","$115.61","GRAINGER","GRAINGER WW INC 860641950","ROXBOROUGH MEMORIAL HOSPITAL","Repairs & Maintenance","652128906892
Status: Delivered
>Date: 2023-05-24
>City/State: Philadelphia, PA
>Signature Name: Signature not required

 652128906918
Status: Delivered
>Date: 2023-05-24
>City/State: Philadelphia, PA
>Signature Name: Signature not required

","Kacey Krystopa","case of 20X20X1 Merv 8 filters, grease, 9v","","05-22-2023 15:13:15","","ENG","84600","662500","","06-07-2023 08:33:22","system","Delivered","$0.00"
"FPO0055364","Approved-PO Issued","728039283","","$5,426.35","JAMES DOORCHECK","JAMES DOORCHECK","ROXBOROUGH MEMORIAL HOSPITAL","Repairs & Maintenance","","Kacey Krystopa","MECH RM DOOR REPLACEMENT","","05-22-2023 13:22:53","","ENG","84600","662500","","02-02-2024 07:55:22","system","","$0.00"
"FPO0055319","Approved-PO Issued","728039255","","$214.70","JAMES DOORCHECK","JAMES DOORCHECK","ROXBOROUGH MEMORIAL HOSPITAL","Repairs & Maintenance","","Kacey Krystopa","10 Blank Keys","","05-22-2023 08:37:44","","ENG","84600","662500","","08-01-2023 15:27:07","admin","","$0.00"
"FPO0055291","Received","728039249","","$136.46","GRAINGER","GRAINGER WW INC 860641950","ROXBOROUGH MEMORIAL HOSPITAL","Repairs & Maintenance","Status: Delivered
Delivery Details:
>City/State: Philadelphia, PA
>Date: 2023-05-22
>Signature Name: Signature not required
>Delivery location: null","Kacey Krystopa","American Flags, C batteries","","05-19-2023 14:23:24","","ENG","84600","662500","","06-07-2023 08:35:43","jalabd@phsi.us","Delivered","$0.00"
"FPO0055286","Received","728039247","","$183.40","GRAINGER","GRAINGER WW INC 860641950","ROXBOROUGH MEMORIAL HOSPITAL","Repairs & Maintenance","","Kacey Krystopa","25"" led vanity","","05-19-2023 14:00:45","","ENG","84600","662500","","06-07-2023 08:43:02","system","","$0.00"
"FPO0055238","Approved-PO Issued","728039235","","$1,409.56","FSI INDUSTRIES","FSI INDUSTRIES","ROXBOROUGH MEMORIAL HOSPITAL","Repairs & Maintenance","","Kacey Krystopa","Filter order","","05-19-2023 08:47:40","","ENG","84600","662500","","08-02-2023 09:07:14","system","","$0.00"
"FPO0055230","Received","728039243","63052","$1,639.00","RAMM","RAMM INC","ROXBOROUGH MEMORIAL HOSPITAL","Repairs & Maintenance","","Kacey Krystopa","CHILLER 2 HIGH APPROACH","","05-19-2023 08:06:51","JOB# J52658","ENG","84600","662500","","10-22-2024 08:10:03","system","","$0.00"
"FPO0055228","Received","728039244","62975","$749.00","RAMM","RAMM INC","ROXBOROUGH MEMORIAL HOSPITAL","Repairs & Maintenance","","Kacey Krystopa","SON AHU REPLACE BELTS AND FILTERS","","05-19-2023 08:04:23","JOB# 52540","ENG","84600","662500","","06-07-2023 12:43:28","system","","$0.00"
"FPO0055227","Received","728039234","789","$568.00","FLOW DRAIN SERVICES","FLOW DRAIN SERVICES","ROXBOROUGH MEMORIAL HOSPITAL","Repairs & Maintenance","","Kacey Krystopa","snake kitchen drain and bathroom in cafeteria","","05-19-2023 08:01:12","","ENG","84600","662500","","05-22-2023 13:15:22","kkrystopa@phsi.us","","$0.00"
"FPO0055179","Approved-PO Issued","728039230","","$268.56","SHERWIN WILLIAMS CO INC","SHERWIN WILLIAMS CO INC","ROXBOROUGH MEMORIAL HOSPITAL","Repairs & Maintenance","","Kacey Krystopa","Paint sup","","05-18-2023 14:49:55","","ENG","84600","662500","","02-07-2024 11:37:52","system","","$0.00"
"FPO0055132","Received","728039225","","$1,800.00","LIMA COMPANY","LIMA COMPANY","ROXBOROUGH MEMORIAL HOSPITAL","Repairs & Maintenance","","Kacey Krystopa","Install lpow ambient control on refrigeration port","","05-18-2023 10:56:39","","ENG","84600","662500","","07-28-2023 11:34:04","jalabd@phsi.us","","$0.00"
"FPO0055131","Approved-PO Issued","728039242","","$3,725.00","BIG BOYS CLEANING SERVICE","BIG BOYS CLEANING SERVICE","ROXBOROUGH MEMORIAL HOSPITAL","Repairs & Maintenance","","Kacey Krystopa","Cafeteria Cleaning","","05-18-2023 10:29:58","","ENG","83400","662500","","05-19-2023 11:23:38","admin","","$0.00"
"FPO0055120","Received","728039222","3024760","$2,072.00","SECURITAS HEALTHCARE LLC","SECURITAS ELECTRONIC SECURI","ROXBOROUGH MEMORIAL HOSPITAL","Repairs & Maintenance","","Kacey Krystopa","Patient Stations","","05-18-2023 08:48:30","","ENG","84600","662500","","08-02-2023 09:41:24","system","","$0.00"
"FPO0055089","Received","728039224","63103","$1,842.00","RAMM","RAMM INC","ROXBOROUGH MEMORIAL HOSPITAL","Repairs & Maintenance","","Kacey Krystopa","BOILER PLANT COOLING TOWER BELTS","","05-17-2023 14:32:41","JOB# J52699","ENG","84600","662500","","05-18-2023 14:37:29","kkrystopa@phsi.us","","$0.00"
"FPO0055088","Received","728039236","63054","$3,419.00","RAMM","RAMM INC","ROXBOROUGH MEMORIAL HOSPITAL","Repairs & Maintenance","","Kacey Krystopa","CHILLER 1 HT LYONS","","05-17-2023 14:30:57","","ENG","84600","662500","","05-22-2023 13:19:15","kkrystopa@phsi.us","","$0.00"
"FPO0055087","Received","728039226","63053","$1,192.00","RAMM","RAMM INC","ROXBOROUGH MEMORIAL HOSPITAL","Repairs & Maintenance","","Kacey Krystopa","CHILLER CONTROLS W/ SIEMENS","","05-17-2023 14:28:57","JOB# J52657","ENG","84600","662500","","05-18-2023 14:38:04","kkrystopa@phsi.us","","$0.00"
"FPO0055084","Canceled","728039241","3007098753","$0.00","TK ELEVATOR CORPORATION","THYSSEN KRUPP ELEVATOR CORP","ROXBOROUGH MEMORIAL HOSPITAL","Repairs & Maintenance","","Kacey Krystopa","MARCH","","05-17-2023 14:20:44","","ENG","84600","662500","","06-02-2023 15:01:04","system","","$0.00"
"FPO0055082","Canceled","728039240","3007020676","$0.00","TK ELEVATOR CORPORATION","THYSSEN KRUPP ELEVATOR CORP","ROXBOROUGH MEMORIAL HOSPITAL","Repairs & Maintenance","","Kacey Krystopa","January","","05-17-2023 14:13:02","","ENG","84600","662500","","05-19-2023 14:24:14","admin","","$0.00"
"FPO0055061","Received","728039213","60550","$1,360.00","CM3 BUILDING SOLUTIONS INC","CM3 BUILDING SOLUTIONS INC","ROXBOROUGH MEMORIAL HOSPITAL","Repairs & Maintenance","","Kacey Krystopa","Work with JamesDoorcheck to install MOB doors","","05-17-2023 12:24:13","","ENG","84600","662500","","07-17-2024 10:14:22","system","","$0.00"
"FPO0055046","Approved-PO Issued","728039208","","$505.75","FSI INDUSTRIES","FSI INDUSTRIES","ROXBOROUGH MEMORIAL HOSPITAL","Repairs & Maintenance","","Kacey Krystopa","Filters","","05-17-2023 10:43:45","","ENG","84600","662500","","06-23-2023 14:27:13","system","","$0.00"
"FPO0055011","Approved-PO Issued","728039202","","$354.98","MCMASTER CARR SUPPLY COMPANY","MCMASTER CARR SUPPLY CO","ROXBOROUGH MEMORIAL HOSPITAL","Repairs & Maintenance","","Kacey Krystopa","Maintenance supplies","","05-16-2023 14:26:01","","ENG","84600","662500","","05-17-2023 09:58:12","CKunti@phsi.us","","$0.00"
"FPO0054946","Received","728039186","62987","$2,231.00","RAMM","RAMM INC","ROXBOROUGH MEMORIAL HOSPITAL","Repairs & Maintenance","","Kacey Krystopa","BOILER FEEDWATER PUMPS DOWN","","05-16-2023 09:07:39","JOB# J52565","ENG","84600","662500","","05-17-2023 11:16:59","kkrystopa@phsi.us","","$0.00"
"FPO0054945","Received","728039185","62986","$2,405.00","RAMM","RAMM INC","ROXBOROUGH MEMORIAL HOSPITAL","Repairs & Maintenance","","Kacey Krystopa","COOLING TOWER CELL 2 CLEANING","","05-16-2023 09:05:58","JOB# J52574","ENG","84600","662500","","05-17-2023 11:16:37","kkrystopa@phsi.us","","$0.00"
"FPO0054943","Received","728039189","62979","$2,384.00","RAMM","RAMM INC","ROXBOROUGH MEMORIAL HOSPITAL","Repairs & Maintenance","","Kacey Krystopa","COOLING TOWER CELL 1 CLEANING","","05-16-2023 09:04:32","JOB# J52573","ENG","84600","662500","","05-17-2023 11:16:13","kkrystopa@phsi.us","","$0.00"
"FPO0054942","Received","728039190","62978","$3,754.00","RAMM","RAMM INC","ROXBOROUGH MEMORIAL HOSPITAL","Repairs & Maintenance","","Kacey Krystopa","BASEMENT AIR COMP REPAIR","","05-16-2023 09:03:00","","ENG","84600","662500","","05-17-2023 11:15:44","kkrystopa@phsi.us","","$0.00"
"FPO0054940","Received","728039187","62977","$1,017.00","RAMM","RAMM INC","ROXBOROUGH MEMORIAL HOSPITAL","Repairs & Maintenance","","Kacey Krystopa","CHILLER CONDENSER BARREL REPLACE SWITCH","","05-16-2023 09:01:34","JOB# J52530","ENG","84600","662500","","05-17-2023 11:15:07","kkrystopa@phsi.us","","$0.00"
"FPO0054938","Received","728039188","62976","$1,535.00","RAMM","RAMM INC","ROXBOROUGH MEMORIAL HOSPITAL","Repairs & Maintenance","","Kacey Krystopa","TOWER WATERPROOF BOX FOR T775 CONTROL","","05-16-2023 08:59:55","JOB# J52531","ENG","84600","662500","","05-17-2023 11:12:04","kkrystopa@phsi.us","","$0.00"
"FPO0054845","Received","728039158","63155","$946.00","RAMM","RAMM INC","ROXBOROUGH MEMORIAL HOSPITAL","Repairs & Maintenance","","Kacey Krystopa","WOUND CARE UNIT WARM","","05-15-2023 10:14:38","JOB# J52733","ENG","84600","662500","","06-07-2023 12:43:53","system","","$0.00"
"FPO0054838","Received","728039159","63156","$298.00","RAMM","RAMM INC","ROXBOROUGH MEMORIAL HOSPITAL","Repairs & Maintenance","","Kacey Krystopa","School of Nursing Spring Changeover","","05-15-2023 09:53:28","JOB# J52742","ENG","84600","662500","","06-07-2023 12:44:23","system","","$0.00"
"FPO0054832","Received","728039157","43456","$615.00","ELECTRONIC SECURITY SOLUTIONS","ELECTRONIC SECURITY SOLUTIONS","ROXBOROUGH MEMORIAL HOSPITAL","Repairs & Maintenance","","Kacey Krystopa","DUCT DETECTOR MAINT ALERT ","","05-15-2023 09:28:41","","ENG","84600","662500","","05-16-2023 08:53:28","kkrystopa@phsi.us","","$0.00"
"FPO0054666","Received","728039110","","$392.44","GRAINGER","GRAINGER WW INC 860641950","ROXBOROUGH MEMORIAL HOSPITAL","Repairs & Maintenance","Status: Delivered
Delivery Details:
>City/State: Philadelphia, PA
>Date: 2023-05-11
>Signature Name: Signature not required
>Delivery location: null","Kacey Krystopa","plumbed eyewash, no exit sign","","05-10-2023 14:07:05","","ENG","84600","662500","","06-07-2023 08:07:17","jalabd@phsi.us","Delivered","$0.00"
"FPO0054610","Received","728039102","","$280.96","GRAINGER","GRAINGER WW INC 860641950","ROXBOROUGH MEMORIAL HOSPITAL","Repairs & Maintenance","648853717300
Status: Delivered
>Date: 2023-05-11
>City/State: Philadelphia, PA
>Signature Name: Signature not required

 648853722879
Status: Delivered
>Date: 2023-05-11
>City/State: Philadelphia, PA
>Signature Name: Signature not required

","Kacey Krystopa","Folding gate, filters, bumpers","","05-09-2023 14:23:00","","ENG","84600","662500","","06-07-2023 08:30:23","jalabd@phsi.us","Delivered","$0.00"
"FPO0054298","Received","728039062","","$2,760.00","RAMM","RAMM INC","ROXBOROUGH MEMORIAL HOSPITAL","Repairs & Maintenance","","Kacey Krystopa","Repair high pressure steam line","","05-04-2023 07:45:33","","ENG","84600","662500","","03-01-2024 08:48:04","system","","$0.00"
"FPO0054260","Received","728039161","783","$868.00","FLOW DRAIN SERVICES","FLOW DRAIN SERVICES","ROXBOROUGH MEMORIAL HOSPITAL","Repairs & Maintenance","","Kacey Krystopa","PCU RM 309 AND AUDITORIUM LADIES RM PLUMBING","","05-03-2023 13:51:18","","ENG","84600","662500","","05-16-2023 08:54:39","kkrystopa@phsi.us","","$0.00"
"FPO0054258","Received","728039160","283720","$490.00","ATIS ELEVATOR INSPECTIONS LLC","ATIS ELEVATOR INSPECTIONS LLC","ROXBOROUGH MEMORIAL HOSPITAL","Repairs & Maintenance","","Kacey Krystopa","Elevator inspection","","05-03-2023 13:49:17","","ENG","84600","662500","","02-15-2024 11:17:23","system","","$0.00"
"FPO0054144","Approved-PO Issued","728039030","","$755.00","ELLIOTT LEWIS CORPORATION","ELLIOTT LEWIS","ROXBOROUGH MEMORIAL HOSPITAL","Repairs & Maintenance","","Kacey Krystopa","clean Ductless split system","","05-02-2023 11:48:23","","ENG","84600","662500","","05-02-2023 12:58:33","admin","","$0.00"
"FPO0053947","Received","728039019","","$2,409.00","GRAINGER","GRAINGER WW INC 860641950","ROXBOROUGH MEMORIAL HOSPITAL","Repairs & Maintenance","","Kacey Krystopa","Ceiling tile order","","04-27-2023 13:53:32","","ENG","84600","662500","","06-07-2023 08:38:32","jalabd@phsi.us","","$0.00"
"FPO0053866","Received","728038956","","$580.00","JAMES DOORCHECK","JAMES DOORCHECK","ROXBOROUGH MEMORIAL HOSPITAL","Repairs & Maintenance","","Kacey Krystopa","GERO UNIT RM 282 DOOR LOCK","","04-27-2023 08:20:35","","ENG","84600","662500","","06-30-2023 14:58:21","jalabd@phsi.us","","$0.00"
"FPO0053793","Received","728038948","771","$1,961.00","FLOW DRAIN SERVICES","FLOW DRAIN SERVICES","ROXBOROUGH MEMORIAL HOSPITAL","Repairs & Maintenance","","Kacey Krystopa","CATH LAB DRAIN, RM 205 DRAIN","","04-26-2023 11:18:34","","ENG","84600","662500","","04-27-2023 07:47:32","kkrystopa@phsi.us","","$0.00"
"FPO0053791","Approved-PO Issued","728038941","","$224.00","NEW PIG  CORP","NEW PIG  CORP","ROXBOROUGH MEMORIAL HOSPITAL","Repairs & Maintenance","397527763071
Status: Delivered
>Date: 2023-04-27
>City/State: Philadelphia, PA
>Signature Name: Signature not required

397527763715
Status: Delivered
>Date: 2023-04-27
>City/State: Philadelphia, PA
>Signature Name: Signature not required

397527763943
Status: Delivered
>Date: 2023-04-27
>City/State: Philadelphia, PA
>Signature Name: Signature not required

397527764939
Status: Delivered
>Date: 2023-04-27
>City/State: Philadelphia, PA
>Signature Name: Signature not required

","Kacey Krystopa","15.5X20"" ceiling tile pad","","04-26-2023 11:13:17","","ENG","84600","662500","","04-27-2023 11:43:35","CKunti@phsi.us","Delivered","$0.00"
"FPO0053779","Received","728038940","","$182.06","ZORO TOOLS INC","ZORO TOOLS INC","ROXBOROUGH MEMORIAL HOSPITAL","Repairs & Maintenance","","Kacey Krystopa","emergency light","","04-26-2023 10:18:42","","ENG","84600","662500","","04-27-2023 18:05:55","JCoake@phsi.us","","$0.00"
"FPO0053776","Received","728038939","","$39.48","GRAINGER","GRAINGER WW INC 860641950","ROXBOROUGH MEMORIAL HOSPITAL","Repairs & Maintenance","","Kacey Krystopa","Belt","","04-26-2023 10:05:50","","ENG","84600","662500","","06-07-2023 08:24:32","system","","$0.00"
"FPO0053765","Received","728038951","63012","$2,384.00","RAMM","RAMM INC","ROXBOROUGH MEMORIAL HOSPITAL","Repairs & Maintenance","","Kacey Krystopa","COOLING TOWER CELL 3 CLEANING","","04-26-2023 09:24:04","","ENG","84600","662500","","04-26-2023 14:53:47","kkrystopa@phsi.us","","$0.00"
"FPO0053764","Received","728038952","63011","$894.00","RAMM","RAMM INC","ROXBOROUGH MEMORIAL HOSPITAL","Repairs & Maintenance","","Kacey Krystopa","No domestic water pressure 4th fl","","04-26-2023 09:21:47","","ENG","84600","662500","","04-26-2023 14:53:21","kkrystopa@phsi.us","","$0.00"
"FPO0053716","Received","728038925","19005","$5,172.50","LIMBACH COMPANY LLC","LIMBACH COMPANY LLC","ROXBOROUGH MEMORIAL HOSPITAL","Repairs & Maintenance","","Kacey Krystopa","PLUMBING WORK FOR MARCH","","04-25-2023 11:42:03","WO# 187480","ENG","84600","662500","","04-26-2023 09:20:36","kkrystopa@phsi.us","","$0.00"
"FPO0053715","Received","728038942","18813","$7,067.00","LIMBACH COMPANY LLC","LIMBACH COMPANY LLC","ROXBOROUGH MEMORIAL HOSPITAL","Repairs & Maintenance","","Kacey Krystopa","PLUMBING WORK FOR FEBRUARY","","04-25-2023 11:39:33","WO# 186814","ENG","84600","662500","","04-26-2023 14:50:43","kkrystopa@phsi.us","","$0.00"
"FPO0053542","Received","728038881","","$142.86","GRAINGER","GRAINGER WW INC 860641950","ROXBOROUGH MEMORIAL HOSPITAL","Repairs & Maintenance","","Kacey Krystopa","batteries","","04-21-2023 13:50:55","","ENG","84600","662500","","04-25-2023 10:58:54","kkrystopa@phsi.us","","$0.00"
"FPO0053507","Received","728038879","62470","$298.00","RAMM","RAMM INC","ROXBOROUGH MEMORIAL HOSPITAL","Repairs & Maintenance","","Kacey Krystopa","PAVILION BUIILDING 4TH FL LEAK","","04-21-2023 10:08:41","JOB# J52107","ENG","84600","662500","","04-25-2023 11:23:48","kkrystopa@phsi.us","","$0.00"
"FPO0053505","Received","728038880","62469","$894.00","RAMM","RAMM INC","ROXBOROUGH MEMORIAL HOSPITAL","Repairs & Maintenance","","Kacey Krystopa","LOBBY AIR CURTAINS","","04-21-2023 10:07:04","JOB# J52095","ENG","84600","662500","","04-25-2023 11:24:08","kkrystopa@phsi.us","","$0.00"
"FPO0053491","Received","728038878","62463","$745.00","RAMM","RAMM INC","ROXBOROUGH MEMORIAL HOSPITAL","Repairs & Maintenance","","Kacey Krystopa","WOUND CARE STEAM LEAK","","04-21-2023 08:08:24","JOB# J52115","ENG","84600","662500","","04-25-2023 11:24:28","kkrystopa@phsi.us","","$0.00"
"FPO0053489","Received","728038877","62462","$596.00","RAMM","RAMM INC","ROXBOROUGH MEMORIAL HOSPITAL","Repairs & Maintenance","","Kacey Krystopa","RTU Duct Detector test W/ Johnson Controls","","04-21-2023 07:53:37","JOB# J52132","ENG","84600","662500","","04-25-2023 11:24:47","kkrystopa@phsi.us","","$0.00"
"FPO0053422","Received","728038864","62761","$745.00","RAMM","RAMM INC","ROXBOROUGH MEMORIAL HOSPITAL","Repairs & Maintenance","","Kacey Krystopa","PHARM VICTORY REFRIG NOT WORKING
","","04-20-2023 12:13:03","JOB# J52385","ENG","84600","662500","","04-21-2023 07:42:21","kkrystopa@phsi.us","","$0.00"
"FPO0053421","Received","728038867","62753","$5,452.00","RAMM","RAMM INC","ROXBOROUGH MEMORIAL HOSPITAL","Repairs & Maintenance","","Kacey Krystopa","BOILER 1 GAS COMBUSTION TEST
","","04-20-2023 12:11:20","JOB# J52193","ENG","84600","662500","","04-21-2023 07:41:41","kkrystopa@phsi.us","","$0.00"
"FPO0053420","Received","728038863","62752","$447.00","RAMM","RAMM INC","ROXBOROUGH MEMORIAL HOSPITAL","Repairs & Maintenance","","Kacey Krystopa","AC4 SUPERVISORY ALARM","","04-20-2023 12:09:25","","ENG","84600","662500","","04-21-2023 07:39:54","kkrystopa@phsi.us","","$0.00"
"FPO0053419","Approved-PO Issued","728038861","","$296.00","MARK COSTELLO CO","MARK COSTELLO CO","ROXBOROUGH MEMORIAL HOSPITAL","Repairs & Maintenance","","Kacey Krystopa","Waste Sterilizer OR Ratchet Assy","","04-20-2023 11:59:17","","ENG","84600","662500","","04-20-2023 12:14:55","admin","","$0.00"
"FPO0053395","Approved-PO Issued","728038865","","$11,470.00","GENSERVE LLC","GENSERVE LLC","ROXBOROUGH MEMORIAL HOSPITAL","Purchased Services/Service Agreements","","Kacey Krystopa","2023 Generator Contract","","04-20-2023 08:45:07","(GENERATOR) POWER MAINTENANCE AGREEMENT","ENG","84600","669500","","04-05-2024 09:09:53","system","","$0.00"
"FPO0053359","Received","728038847","","$759.39","GRAINGER","GRAINGER WW INC 860641950","ROXBOROUGH MEMORIAL HOSPITAL","Repairs & Maintenance","Status: Delivered
Delivery Details:
>City/State: Philadelphia, PA
>Date: 2023-04-21
>Signature Name: Signature not required
>Delivery location: null","Kacey Krystopa","BLOODBORNE PATHOGEN KITS - LAB, OR, PACU, SDS, 2T, CTI, CT2, NUC MED, CATH LAB, ER, ICU, GERO, PCU, 4C, WOUNDCARE, OP ","","04-19-2023 15:14:40","","ENG","84400","662500","","04-25-2023 11:10:49","kkrystopa@phsi.us","Delivered","$0.00"
"FPO0053292","Approved-PO Issued","728038866","","$4,342.00","JAMES DOORCHECK","JAMES DOORCHECK","ROXBOROUGH MEMORIAL HOSPITAL","Repairs & Maintenance","","Kacey Krystopa","MOB Pocket Door Replacement","","04-19-2023 07:52:58","","ENG","84600","662500","","04-20-2023 14:53:25","admin","","$0.00"
"FPO0053187","Approved-PO Issued","728038821","","$1,442.96","JOHNSON CONTROLS FIRE PROTECT","JOHNSON CONTROLS FIRE PROTECT","ROXBOROUGH MEMORIAL HOSPITAL","Repairs & Maintenance","","Kacey Krystopa","FDC Connection Signage","","04-18-2023 08:32:29","","ENG","84600","662500","","07-24-2023 15:39:12","system","","$0.00"
"FPO0053031","Received","728038794","","$360.00","KB LIGHTING MFG CO INC","KB LIGHTING MFG CO  INC","ROXBOROUGH MEMORIAL HOSPITAL","Repairs & Maintenance","","Kacey Krystopa","lighting order","","04-14-2023 07:09:23","","ENG","84600","662500","","07-05-2023 09:38:02","jalabd@phsi.us","","$0.00"
"FPO0052961","Received","728038782","","$2,135.00","RAMM","RAMM INC","ROXBOROUGH MEMORIAL HOSPITAL","Repairs & Maintenance","","Kacey Krystopa","WOUND CARE CARRIER UNIT REPLACEMENT","","04-13-2023 08:12:32","","ENG","84600","662500","","05-15-2023 15:22:31","kkrystopa@phsi.us","","$0.00"
"FPO0052960","Approved-PO Issued","728038770","","$990.00","JAMES DOORCHECK","JAMES DOORCHECK","ROXBOROUGH MEMORIAL HOSPITAL","Repairs & Maintenance","","Kacey Krystopa","SBHU Door Closer","","04-13-2023 08:06:10","","ENG","84600","662500","","10-23-2024 12:48:32","system","","$0.00"
"FPO0052959","Received","728038786","62946","$2,673.00","RAMM","RAMM INC","ROXBOROUGH MEMORIAL HOSPITAL","Repairs & Maintenance","","Kacey Krystopa","KITCHEN UNIT OVERHEATING","","04-13-2023 08:02:35","","ENG","84600","662500","","04-14-2023 07:14:21","kkrystopa@phsi.us","","$0.00"
"FPO0052958","Received","728038785","62941","$1,192.00","RAMM","RAMM INC","ROXBOROUGH MEMORIAL HOSPITAL","Repairs & Maintenance","","Kacey Krystopa","BASEMENT MECH RM STEAM LEAK REPAIR","","04-13-2023 08:00:22","","ENG","84600","662500","","04-14-2023 07:14:52","kkrystopa@phsi.us","","$0.00"
"FPO0052957","Received","728038780","62820","$1,937.00","RAMM","RAMM INC","ROXBOROUGH MEMORIAL HOSPITAL","Repairs & Maintenance","","Kacey Krystopa","BOILER HOUSE STEAM LEAK","","04-13-2023 07:48:51","JOB# J52432","ENG","84600","662500","","05-04-2023 08:30:28","kkrystopa@phsi.us","","$0.00"
"FPO0052956","Received","728038781","62819","$1,682.00","RAMM","RAMM INC","ROXBOROUGH MEMORIAL HOSPITAL","Repairs & Maintenance","","Kacey Krystopa","GR FL ELEVATOR LEAK IN CEILING","","04-13-2023 07:47:00","","ENG","84600","662500","","04-14-2023 07:13:40","kkrystopa@phsi.us","","$0.00"
"FPO0052862","Received","728038757","","$94.62","ZORO TOOLS INC","ZORO TOOLS INC","ROXBOROUGH MEMORIAL HOSPITAL","Repairs & Maintenance","","Kacey Krystopa","Half dome mirror","","04-11-2023 14:36:12","","ENG","84600","662500","","04-18-2023 12:37:32","kkrystopa@phsi.us","","$0.00"
"FPO0052740","Received","728038721","","$124.38","GRAINGER","GRAINGER WW INC 860641950","ROXBOROUGH MEMORIAL HOSPITAL","Repairs & Maintenance","Status: Delivered
Delivery Details:
>City/State: Philadelphia, PA
>Date: 2023-04-11
>Signature Name: Signature not required
>Delivery location: null","Kacey Krystopa","battery","","04-10-2023 08:28:13","","ENG","84600","662500","","04-25-2023 11:12:04","kkrystopa@phsi.us","Delivered","$0.00"
"FPO0052632","Received","728038695","","$130.72","GRAINGER","GRAINGER WW INC 860641950","ROXBOROUGH MEMORIAL HOSPITAL","Repairs & Maintenance","","Kacey Krystopa","mineral oil, fire barrier sealant","","04-06-2023 15:13:32","","ENG","84600","662500","","04-25-2023 11:14:18","kkrystopa@phsi.us","","$0.00"
"FPO0052597","Approved-PO Issued","728038692","","$104.00","HILTI INC","HILTI INC","ROXBOROUGH MEMORIAL HOSPITAL","Repairs & Maintenance","","Kacey Krystopa","firestop cable disc","","04-06-2023 12:38:35","","ENG","84600","662500","","04-06-2023 13:16:19","admin","","$0.00"
"FPO0052575","Received","728038693","","$1,340.50","MAJOR MEDICAL HOSPITAL SVCS","MAJOR MEDICAL HOSPITAL SVCS","ROXBOROUGH MEMORIAL HOSPITAL","Repairs & Maintenance","","Kacey Krystopa","REPAIR COOLING FAN ON PUMP#2 ON MED VAC","","04-06-2023 09:41:27","QUOTE# 12914","ENG","84600","662500","","05-03-2023 13:16:45","kkrystopa@phsi.us","","$0.00"
"FPO0052574","Approved-PO Issued","728038690","","$15,200.00","SIEMENS BUILDING TECHNOLOG","SIEMENS BUILDING TECHNOLOG","ROXBOROUGH MEMORIAL HOSPITAL","Purchased Services/Service Agreements","","Kacey Krystopa","1 YEAR SERVICE FOR BAS+ HVAC AGREEMENT (7/1/2023-6/30/2024)","","04-06-2023 09:36:28","BUILDING AUTOMATION PM SERVICES","ENG","84600","669500","","07-23-2024 12:25:34","system","","$0.00"
"FPO0052459","Received","728038673","","$94.11","GRAINGER","GRAINGER WW INC 860641950","ROXBOROUGH MEMORIAL HOSPITAL","Repairs & Maintenance","Status: Delivered
Delivery Details:
>City/State: Philadelphia, PA
>Date: 2023-04-05
>Signature Name: Signature not required
>Delivery location: null","Kacey Krystopa","handicapped push sign","","04-04-2023 14:33:37","","ENG","84600","662500","","04-25-2023 11:16:29","kkrystopa@phsi.us","Delivered","$0.00"
"FPO0052427","Approved-PO Issued","728038672","","$3,570.00","DC GROUP INC","DC GROUP INC","ROXBOROUGH MEMORIAL HOSPITAL","Purchased Services/Service Agreements","","Kacey Krystopa","UPS Battery inspection","","04-04-2023 10:20:04","2023 SEMI-ANNUAL UPS/BATTERY INSPECTION","ENG","84600","669500","","04-22-2024 14:37:10","system","","$0.00"
"FPO0052365","Received","728038639","","$28.44","GRAINGER","GRAINGER WW INC 860641950","ROXBOROUGH MEMORIAL HOSPITAL","Repairs & Maintenance","Status: Delivered
Delivery Details:
>City/State: Philadelphia, PA
>Date: 2023-04-04
>Signature Name: Signature not required
>Delivery location: null","Jack Alabd","DANTONA Battery,6V,Alkaline Dantona Electro","","04-03-2023 12:30:42","","ENG","84600","662500","","04-25-2023 11:18:02","system","Delivered","$0.00"
"FPO0052257","Approved-PO Issued","728038618","","$1,950.00","RAMM","RAMM INC","ROXBOROUGH MEMORIAL HOSPITAL","Repairs & Maintenance","","Kacey Krystopa","reinsulate existing duct in Radiology","","03-31-2023 08:43:17","","ENG","84600","662500","","03-31-2023 12:38:47","admin","","$0.00"
"FPO0052254","Approved-PO Issued","728038655","304015","$4,600.00","CLARK SERVICES GROUP LLC","CLARK SERVICES GROUP LLC","ROXBOROUGH MEMORIAL HOSPITAL","Purchased Services/Service Agreements","","Kacey Krystopa","Q1 2023 KITCHEN HOOD CLEANING","","03-31-2023 08:38:35","2023 KITCHEN HOOD & EXHAUST DUCT CLEANING","ENG","84600","669500","","04-03-2023 17:04:34","admin","","$0.00"
"FPO0052253","Received","728038638","303679","$1,150.00","CLARK SERVICES GROUP LLC","CLARK SERVICES GROUP LLC","ROXBOROUGH MEMORIAL HOSPITAL","Repairs & Maintenance","","Kacey Krystopa","Q4 KITCHEN HOOD & EXHAUST DUCT CLEANING","","03-31-2023 08:37:16","WO# WO 1722","ENG","84600","662500","","04-04-2023 08:09:58","kkrystopa@phsi.us","","$0.00"
"FPO0052252","Received","728038617","","$2,104.40","MAJOR MEDICAL HOSPITAL SVCS","MAJOR MEDICAL HOSPITAL SVCS","ROXBOROUGH MEMORIAL HOSPITAL","Repairs & Maintenance","","Kacey Krystopa","REPLACE TOP AND BOTTOM CONTACTORS ON COMPRESSOR #1","","03-31-2023 08:25:24","QUOTE# 12899","ENG","84600","662500","","05-03-2023 13:12:09","kkrystopa@phsi.us","","$0.00"
"FPO0052251","Received","728038657","36542","$2,776.76","MAJOR MEDICAL HOSPITAL SVCS","MAJOR MEDICAL HOSPITAL SVCS","ROXBOROUGH MEMORIAL HOSPITAL","Repairs & Maintenance","","Kacey Krystopa","2023 ANNUAL INSPECTION","","03-31-2023 08:20:58","","ENG","84600","662500","","02-13-2024 10:41:26","eroman2@phsi.us","","$0.00"
"FPO0052121","Received","728038590","15","$2,835.00","BIG BOYS CLEANING SERVICE","BIG BOYS CLEANING SERVICE","ROXBOROUGH MEMORIAL HOSPITAL","Repairs & Maintenance","","Kacey Krystopa","March cleaning services","","03-29-2023 13:38:35","","ENG","70830","662500","","03-13-2024 11:27:27","system","","$0.00"
"FPO0052020","Received","728038591","166218, 169258","$7,056.00","PURE WATER TECHNOLOGY OF CENTR","PURE WATER TECHNOLOGY OF CENTE","ROXBOROUGH MEMORIAL HOSPITAL","Purchased Services/Service Agreements","","Kacey Krystopa","monthly Pure Water Rental","","03-28-2023 11:26:40","2023 MONTHLY RENTAL - WATER PURIFICATION UNITS","ENG","84600","669500","","07-12-2024 15:09:22","system","","$0.00"
"FPO0052015","Received","728038569","32323","$386.10","DARREN DANILOWICZ REFRIGERATIO","DARREN DANILOWICZ REFRIGERATIO","ROXBOROUGH MEMORIAL HOSPITAL","Repairs & Maintenance","","Kacey Krystopa","CLEANED AND SANITIZE ICE MACHINE","","03-28-2023 11:06:12","","ENG","70830","662500","","03-29-2023 08:22:30","kkrystopa@phsi.us","","$0.00"
"FPO0052013","Approved-PO Issued","728038574","GPH766918","$3,407.40","GTO GREASE TRAP SERVICES","GTO GREASE TRAP SERVICES","ROXBOROUGH MEMORIAL HOSPITAL","Purchased Services/Service Agreements","","Kacey Krystopa","grease traps February","","03-28-2023 10:58:24","2023 MONTHLY GREASE TRAP SERVICES","ENG","84600","669500","*ATTN: ENG / KACEY KRYSTOPA


REF: INVOICE# GPH766918


2023 GREASE TRAP MONTHLY MAINTENANCE
From 1/1/2023 - 12/31/2023 *grease traps February","07-19-2024 09:32:52","system","","$0.00"
"FPO0051925","Received","728038565","37377","$669.24","MAJOR MEDICAL HOSPITAL SVCS","MAJOR MEDICAL HOSPITAL SVCS","ROXBOROUGH MEMORIAL HOSPITAL","Repairs & Maintenance","","Kacey Krystopa","source equip. repair","","03-27-2023 11:20:59","WO# WO13079","ENG","84600","662500","","03-29-2023 08:23:37","kkrystopa@phsi.us","","$0.00"
"FPO0051897","Received","728038537","","$257.66","GRAINGER","GRAINGER WW INC 860641950","ROXBOROUGH MEMORIAL HOSPITAL","Repairs & Maintenance","Status: Delivered
Delivery Details:
>City/State: Philadelphia, PA
>Date: 2023-03-28
>Signature Name: Signature not required
>Delivery location: null","Kacey Krystopa","Plumbing Supplies","","03-27-2023 08:44:40","","ENG","84600","662500","","04-25-2023 11:19:14","kkrystopa@phsi.us","Delivered","$0.00"
"FPO0051758","Received","728038526","62783","$2,086.00","RAMM","RAMM INC","ROXBOROUGH MEMORIAL HOSPITAL","Repairs & Maintenance","","Kacey Krystopa","AC1 AIR SUPPLY TOO HIGH","","03-23-2023 07:26:35","JOB# J52416","ENG","84600","662500","","03-27-2023 10:33:12","kkrystopa@phsi.us","","$0.00"
"FPO0051757","Received","728038529","62782","$3,733.00","RAMM","RAMM INC","ROXBOROUGH MEMORIAL HOSPITAL","Repairs & Maintenance","","Kacey Krystopa","4TH FL CATH LAB ROOM PRESSURE ISSUE","","03-23-2023 07:18:52","JOB# J52390","ENG","84600","662500","","03-27-2023 10:34:35","kkrystopa@phsi.us","","$0.00"
"FPO0051756","Received","728038514","62718","$297.00","RAMM","RAMM INC","ROXBOROUGH MEMORIAL HOSPITAL","Repairs & Maintenance","","Kacey Krystopa","MERV 10 FILTERS","","03-23-2023 07:16:02","","ENG","84600","662500","","03-27-2023 10:37:04","kkrystopa@phsi.us","","$0.00"
"FPO0051755","Received","728038513","62760","$1,192.00","RAMM","RAMM INC","ROXBOROUGH MEMORIAL HOSPITAL","Repairs & Maintenance","","Kacey Krystopa","GR FL STEAM CONDENSATE PUMPS","","03-23-2023 07:13:52","","ENG","84600","662500","","03-27-2023 10:38:08","kkrystopa@phsi.us","","$0.00"
"FPO0051754","Received","728038530","62759","$3,278.00","RAMM","RAMM INC","ROXBOROUGH MEMORIAL HOSPITAL","Repairs & Maintenance","","Kacey Krystopa","ICU TOO COLD","","03-23-2023 07:11:59","JOB# J52096","ENG","84600","662500","","03-27-2023 10:39:00","kkrystopa@phsi.us","","$0.00"
"FPO0051664","Received","728038486","31523","$1,590.44","DARREN DANILOWICZ REFRIGERATIO","DARREN DANILOWICZ REFRIGERATIO","ROXBOROUGH MEMORIAL HOSPITAL","Repairs & Maintenance","","Kacey Krystopa","Dietary victory roll refrigerator","","03-21-2023 14:30:32","","ENG","84600","662500","","03-23-2023 07:03:26","kkrystopa@phsi.us","","$0.00"
"FPO0051639","Received","728038476","62758","$298.00","RAMM","RAMM INC","ROXBOROUGH MEMORIAL HOSPITAL","Repairs & Maintenance","","Kacey Krystopa","DA TANK PUMP 1 STRAINER","","03-21-2023 12:17:54","JOB# J52374","ENG","84600","662500","","03-23-2023 07:04:33","kkrystopa@phsi.us","","$0.00"
"FPO0051638","Received","728038475","62756","$2,086.00","RAMM","RAMM INC","ROXBOROUGH MEMORIAL HOSPITAL","Repairs & Maintenance","","Kacey Krystopa","AS1 RADIATION LOOP COLD","","03-21-2023 12:16:33","JOB# J52353","ENG","84600","662500","","03-23-2023 07:05:32","kkrystopa@phsi.us","","$0.00"
"FPO0051637","Received","728038474","62755","$596.00","RAMM","RAMM INC","ROXBOROUGH MEMORIAL HOSPITAL","Repairs & Maintenance","","Kacey Krystopa","DA TANK STEAM PRESSURE","","03-21-2023 12:15:09","JOB# J52372","ENG","84600","662500","","03-23-2023 07:07:05","kkrystopa@phsi.us","","$0.00"
"FPO0051636","Received","728038473","62754","$1,192.00","RAMM","RAMM INC","ROXBOROUGH MEMORIAL HOSPITAL","Repairs & Maintenance","","Kacey Krystopa","BOILER 2 FEED WATER VALVE","","03-21-2023 12:13:33","SO# J52373","ENG","84600","662500","","03-23-2023 07:08:20","kkrystopa@phsi.us","","$0.00"
"FPO0051611","Received","728038470","","$772.60","GRAINGER","GRAINGER WW INC 860641950","ROXBOROUGH MEMORIAL HOSPITAL","Repairs & Maintenance","639758499730
Status: Delivered
>Date: 2023-03-24
>City/State: Philadelphia, PA
>Signature Name: Signature not required

 640107105686
Status: Delivered
>Date: 2023-03-23
>City/State: Philadelphia, PA
>Signature Name: Signature not required

 640107110799
Status: Delivered
>Date: 2023-03-22
>City/State: Philadelphia, PA
>Signature Name: Signature not required

","Kacey Krystopa","Grainger supplies","","03-21-2023 08:42:16","","ENG","84600","662500","","04-25-2023 11:20:06","kkrystopa@phsi.us","Delivered","$0.00"
"FPO0051609","Received","728038465","12456548","$755.13","CM3 BUILDING SOLUTIONS INC","CM3 BUILDING SOLUTIONS INC","ROXBOROUGH MEMORIAL HOSPITAL","Repairs & Maintenance","","Kacey Krystopa","ER LOBBY CAMERA NOT WORKING","","03-21-2023 08:31:32","","ENG","84600","662500","","03-21-2023 12:20:57","kkrystopa@phsi.us","","$0.00"
"FPO0051608","Received","728038464","340190448","$1,368.97","ADVANCED DOOR SVC","ADVANCED DOOR SERVICE","ROXBOROUGH MEMORIAL HOSPITAL","Repairs & Maintenance","","Kacey Krystopa","ICU Doors not working","","03-21-2023 08:17:52","","ENG","84600","662500","","03-21-2023 12:21:52","kkrystopa@phsi.us","","$0.00"
"FPO0051367","Received","728038414","17800","$4,973.50","LIMBACH COMPANY LLC","LIMBACH COMPANY LLC","ROXBOROUGH MEMORIAL HOSPITAL","Repairs & Maintenance","","Kacey Krystopa","January plumbing repairs","","03-15-2023 12:53:22","WO# 186313","ENG","84600","662500","","03-20-2023 08:46:02","kkrystopa@phsi.us","","$0.00"
"FPO0051355","Received","728038416","","$5,800.00","ASHENFELTER BROS LLC","ASHENFELTER BROS LLC","ROXBOROUGH MEMORIAL HOSPITAL","Repairs & Maintenance","","Kacey Krystopa","REPAIR STONE WALL","","03-15-2023 10:22:51","","ENG","84600","662500","","06-23-2023 12:20:35","mcardenas3@phsi.us","","$0.00"
"FPO0051328","Rejected","","89471621","$10,620.40","JOHNSON CONTROLS FIRE PROTECT","JOHNSON CONTROLS FIRE PROTECT","ROXBOROUGH MEMORIAL HOSPITAL","Repairs & Maintenance","","Kacey Krystopa","Fire Alarm Defeciencies ","","03-15-2023 07:54:15","","ENG","84600","662500","","02-27-2024 13:36:05","JCoake@phsi.us","","$0.00"
"FPO0051241","Received","728038395","41610","$1,463.78","ELECTRONIC SECURITY SOLUTIONS","ELECTRONIC SECURITY SOLUTIONS","ROXBOROUGH MEMORIAL HOSPITAL","Repairs & Maintenance","","Kacey Krystopa","fire alarm panel battery replacement","","03-14-2023 09:01:06","JOB# D039832","ENG","84600","662500","","03-15-2023 15:16:42","kkrystopa@phsi.us","","$0.00"
"FPO0050999","Received","728038343","5002056378","$773.60","TK ELEVATOR CORPORATION","THYSSEN KRUPP ELEVATOR CORP","ROXBOROUGH MEMORIAL HOSPITAL","Repairs & Maintenance","","Jack Alabd","ELEV IS STK ON 4TH FL","","03-09-2023 10:09:21","SR# 72304448","ENG","84600","662500","","06-02-2023 15:02:53","system","","$0.00"
"FPO0050997","Received","728038344","5002051035","$1,414.60","TK ELEVATOR CORPORATION","THYSSEN KRUPP ELEVATOR CORP","ROXBOROUGH MEMORIAL HOSPITAL","Repairs & Maintenance","","Jack Alabd","ELEV 7 not working ","","03-09-2023 10:02:39","SR# 72150224","ENG","84600","662500","","03-10-2023 09:42:46","jalabd@phsi.us","","$0.00"
"FPO0050988","Received","728038337","","$244.56","GRAINGER","GRAINGER WW INC 860641950","ROXBOROUGH MEMORIAL HOSPITAL","Repairs & Maintenance","Status: Delivered
Delivery Details:
>City/State: Philadelphia, PA
>Date: 2023-03-10
>Signature Name: Signature not required
>Delivery location: null","Jack Alabd","light order","","03-09-2023 09:15:37","","ENG","84600","662500","","03-13-2023 07:19:13","jalabd@phsi.us","Delivered","$0.00"
"FPO0050959","Received","728038339","62701","$2,235.00","RAMM","RAMM INC","ROXBOROUGH MEMORIAL HOSPITAL","Repairs & Maintenance","","Jack Alabd","BOILER 1 HIGH WATER ALARM","","03-08-2023 13:55:58","JOB# J52294","ENG","84600","662500","","03-10-2023 09:05:22","system","","$0.00"
"FPO0050958","Received","728038345","62700","$13,450.00","RAMM","RAMM INC","ROXBOROUGH MEMORIAL HOSPITAL","Repairs & Maintenance","","Jack Alabd","HOT ROOM CONDENSATE","","03-08-2023 13:50:29","JOB# J52272","ENG","84600","662500","","03-10-2023 09:04:59","kkrystopa@phsi.us","","$0.00"
"FPO0050953","Received","728038340","62699","$631.00","RAMM","RAMM INC","ROXBOROUGH MEMORIAL HOSPITAL","Repairs & Maintenance","","Jack Alabd","Wound care unit noisy","","03-08-2023 13:40:08","JOB# J52341","ENG","84600","662500","","03-10-2023 09:04:34","kkrystopa@phsi.us","","$0.00"
"FPO0050949","Received","728038341","62698","$1,192.00","RAMM","RAMM INC","ROXBOROUGH MEMORIAL HOSPITAL","Repairs & Maintenance","","Jack Alabd","AS1- STEAM STATION ","","03-08-2023 13:35:30","JOB# J52340","ENG","84600","662500","","05-18-2023 10:37:33","system","","$0.00"
"FPO0050904","Rejected","","","$11,690.00","ELLIOTT LEWIS CORPORATION","ELLIOTT LEWIS","ROXBOROUGH MEMORIAL HOSPITAL","Repairs & Maintenance","","Kacey Krystopa","Replacement split ac for telecom rm","","03-08-2023 09:24:43","","ENG","84600","662500","","03-31-2023 14:17:55","mcardenas3@phsi.us","","$0.00"
"FPO0050896","Received","728038342","37217","$1,300.00","MAJOR MEDICAL HOSPITAL SVCS","MAJOR MEDICAL HOSPITAL SVCS","ROXBOROUGH MEMORIAL HOSPITAL","Repairs & Maintenance","","Kacey Krystopa","Service call for wall unit leaking in dialysis","","03-08-2023 08:05:22","SO# 15130741","ENG","84600","662500","","03-10-2023 09:03:07","kkrystopa@phsi.us","","$0.00"
"FPO0050700","Received","728038229","","$617.25","LABOV SUPPLY CO INC","LABOV SUPPLY CO INC THE","ROXBOROUGH MEMORIAL HOSPITAL","Repairs & Maintenance","","Kacey Krystopa","Plumbing Supplies","","03-03-2023 09:55:19","","ENG","84600","662500","","06-07-2023 15:02:54","kkrystopa@phsi.us","","$0.00"
"FPO0050651","Approved-PO Issued","728038226","","$2,620.32","KLENZOID INC","KLENZOID INC","ROXBOROUGH MEMORIAL HOSPITAL","Purchased Services/Service Agreements","","Kacey Krystopa","2023 R/O DI SYSTEM","","03-02-2023 15:04:02","QUARTERLY INSPECTION/PM ON R/O DI  SYSTEM RENEWAL","ENG","84600","669500","","03-03-2023 19:07:35","admin","","$0.00"
"FPO0050645","Received","728038223","62629","$1,341.00","RAMM","RAMM INC","ROXBOROUGH MEMORIAL HOSPITAL","Repairs & Maintenance","","Kacey Krystopa","ED UNIT HUMIDIFIER","","03-02-2023 14:45:41","JOB# J52242","ENG","84600","662500","","03-06-2023 10:05:13","kkrystopa@phsi.us","","$0.00"
"FPO0050544","Received","728038222","","$22,050.00","M MELADY LANDSCAPING LLC","MELADY LANDSCAPING","ROXBOROUGH MEMORIAL HOSPITAL","Purchased Services/Service Agreements","","Kacey Krystopa","2023 LANDSCAPING CONTRACT","","03-01-2023 15:01:41","2023 LANDSCAPING SEASON SERVICE AGREEMENT","ENG","84600","669500","","06-27-2024 11:43:25","system","","$0.00"
"FPO0050541","Approved-PO Issued","728038211","","$114.21","GRAINGER","GRAINGER WW INC 860641950","ROXBOROUGH MEMORIAL HOSPITAL","Repairs & Maintenance","Status: Delivered
Delivery Details:
>City/State: Philadelphia, PA
>Date: 2023-03-02
>Signature Name: Signature not required
>Delivery location: null","Kacey Krystopa","24"" led strip light","","03-01-2023 14:57:42","","ENG","84600","662500","","01-26-2024 09:58:34","system","Delivered","$0.00"
"FPO0050538","Received","728038225","62628","$1,192.00","RAMM","RAMM INC","ROXBOROUGH MEMORIAL HOSPITAL","Repairs & Maintenance","","Kacey Krystopa","BOILER 1 LEAK","","03-01-2023 14:49:54","JOB# J52252","ENG","84600","662500","","03-06-2023 10:00:17","kkrystopa@phsi.us","","$0.00"
"FPO0050529","Received","728038224","62627","$2,086.00","RAMM","RAMM INC","ROXBOROUGH MEMORIAL HOSPITAL","Repairs & Maintenance","","Kacey Krystopa","BOILER 2 BLOWDOWN VALVE PASSING","","03-01-2023 14:34:11","JOB# J52253","ENG","84600","662500","","03-06-2023 10:03:26","kkrystopa@phsi.us","","$0.00"
"FPO0050469","Approved-PO Issued","728038209","","$9,537.38","FSI INDUSTRIES","FSI INDUSTRIES","ROXBOROUGH MEMORIAL HOSPITAL","Repairs & Maintenance","","Kacey Krystopa","Bulk air filter order","","03-01-2023 08:14:04","ESTIMATE# 17494","ENG","84600","662500","","08-02-2023 09:05:43","system","","$0.00"
"FPO0050373","Received","728038176","62585","$6,271.00","RAMM","RAMM INC","ROXBOROUGH MEMORIAL HOSPITAL","Repairs & Maintenance","","Kacey Krystopa","BOILER 1 RUN 1"" GAS PILOT LINE","","02-28-2023 08:45:37","JOB# J52151","ENG","84600","662500","","03-01-2023 08:12:46","kkrystopa@phsi.us","","$0.00"
"FPO0050367","Received","728038172","62584","$2,447.00","RAMM","RAMM INC","ROXBOROUGH MEMORIAL HOSPITAL","Repairs & Maintenance","","Kacey Krystopa","LAUNDRY COMPRESSOR PNEUMATIC BYPASS","","02-28-2023 07:29:00","","ENG","84600","662500","","03-01-2023 08:13:07","kkrystopa@phsi.us","","$0.00"
"FPO0050366","Received","728038173","62583","$1,332.00","RAMM","RAMM INC","ROXBOROUGH MEMORIAL HOSPITAL","Repairs & Maintenance","","Kacey Krystopa","BOILER 1 AIR COMPRESSOR COUPLER","","02-28-2023 07:25:47","","ENG","84600","662500","","03-01-2023 08:13:24","kkrystopa@phsi.us","","$0.00"
"FPO0050347","Approved-PO Issued","728038175","","$4,916.00","ELLIOTT LEWIS CORPORATION","ELLIOTT LEWIS","ROXBOROUGH MEMORIAL HOSPITAL","Purchased Services/Service Agreements","","Kacey Krystopa","IT LIEBERT UNIT CONTRACT 2023","","02-27-2023 15:06:29","RENEWAL OF CAPITAL ASSET PROTECTION AGREEMENT","ENG","84600","669500","","12-04-2024 12:48:20","system","","$0.00"
"FPO0050333","Received","728038174","14","$2,835.00","BIG BOYS CLEANING SERVICE","BIG BOYS CLEANING SERVICE","ROXBOROUGH MEMORIAL HOSPITAL","Repairs & Maintenance","","Kacey Krystopa","FEBRUARY CLEANING SERVICES","","02-27-2023 12:25:31","","ENG","70830","662500","","03-17-2023 10:49:44","kkrystopa@phsi.us","","$0.00"
"FPO0050322","Received","728038154","41222","$615.00","ELECTRONIC SECURITY SOLUTIONS","ELECTRONIC SECURITY SOLUTIONS","ROXBOROUGH MEMORIAL HOSPITAL","Repairs & Maintenance","","Kacey Krystopa","REPLACE FIRE ALARM PANEL FAULTCODE","","02-27-2023 10:38:07","JOB# D039655","ENG","84600","662500","","02-28-2023 08:52:23","kkrystopa@phsi.us","","$0.00"
"FPO0050271","Received","728038141","62582","$745.00","RAMM","RAMM INC","ROXBOROUGH MEMORIAL HOSPITAL","Repairs & Maintenance","","Kacey Krystopa","DA TANK LOW WATER ALARM","","02-24-2023 14:00:22","JOB# J52218","ENG","84600","662500","","02-28-2023 08:51:52","kkrystopa@phsi.us","","$0.00"
"FPO0050270","Received","728038140","62581","$2,235.00","RAMM","RAMM INC","ROXBOROUGH MEMORIAL HOSPITAL","Repairs & Maintenance","","Kacey Krystopa","PENTHOUSE AIR COMPRESSORS NOT WORKING","","02-24-2023 13:57:50","JOB# J52097","ENG","84600","662500","","02-28-2023 08:51:29","kkrystopa@phsi.us","","$0.00"
"FPO0050269","Received","728038139","62580","$447.00","RAMM","RAMM INC","ROXBOROUGH MEMORIAL HOSPITAL","Repairs & Maintenance","","Kacey Krystopa","DA TANK BLOWDOWN","","02-24-2023 13:56:29","JOB# J52243","ENG","84600","662500","","02-28-2023 08:51:05","kkrystopa@phsi.us","","$0.00"
"FPO0050192","Received","728038119","","$409.00","LABOV SUPPLY CO INC","LABOV SUPPLY CO INC THE","ROXBOROUGH MEMORIAL HOSPITAL","Repairs & Maintenance","","Kacey Krystopa","Automatic flush valve retrofit kit","","02-23-2023 14:18:11","","ENG","84600","662500","","02-27-2023 12:46:19","kkrystopa@phsi.us","","$0.00"
"FPO0050166","Received","728038114","","$4,800.00","DYNAMIC BALANCING CO INC","DYNAMIC BALANCING CO  INC","ROXBOROUGH MEMORIAL HOSPITAL","Repairs & Maintenance","","Kacey Krystopa","AIR BALANCING DEFICIENCIES","","02-23-2023 12:26:58","","ENG","84600","662500","","06-17-2024 07:30:20","system","","$0.00"
"FPO0050147","Received","728038116","","$4,500.00","RAMM","RAMM INC","ROXBOROUGH MEMORIAL HOSPITAL","Repairs & Maintenance","","Kacey Krystopa","CLEANING CHILLER AT SCHOOL OF NURSING","","02-23-2023 10:19:53","","ENG","84600","662500","","04-04-2023 09:46:26","kkrystopa@phsi.us","","$0.00"
"FPO0050146","Received","728038118","","$4,950.00","RAMM","RAMM INC","ROXBOROUGH MEMORIAL HOSPITAL","Repairs & Maintenance","","Kacey Krystopa","CLEANING COOLING TOWER AT SCHOOL OF NURSING","","02-23-2023 10:17:57","","ENG","84600","662500","","04-04-2023 09:47:49","kkrystopa@phsi.us","","$0.00"
"FPO0050133","Received","728038122","","$2,880.00","CHADWICK SERVICE CO","CHADWICK SERVICE CO","ROXBOROUGH MEMORIAL HOSPITAL","Purchased Services/Service Agreements","","Kacey Krystopa","2023 MRI UNIT PREVENTATIVE MAINTENANCE","","02-23-2023 08:32:09","2023 MRI UNIT PM SERVICES","ENG","84600","669500","","02-28-2024 14:45:52","mcardenas3@phsi.us","","$0.00"
"FPO0050088","Received","728038111","107968","$925.00","KLENZOID INC","KLENZOID INC","ROXBOROUGH MEMORIAL HOSPITAL","Repairs & Maintenance","","Jack Alabd","CULTURING LEGIONELLA","","02-22-2023 12:30:32","","ENG","84600","662500","","02-28-2023 10:18:57","kkrystopa@phsi.us","","$0.00"
"FPO0050083","Received","728038076","","$359.40","SHERWIN WILLIAMS CO INC","SHERWIN WILLIAMS CO INC","ROXBOROUGH MEMORIAL HOSPITAL","Repairs & Maintenance","","Kacey Krystopa","2 packs of 763 ceiling tile","","02-22-2023 11:50:09","","ENG","84600","662500","","02-28-2023 10:09:00","kkrystopa@phsi.us","","$0.00"
"FPO0050055","Received","728038112","62579","$1,341.00","RAMM","RAMM INC","ROXBOROUGH MEMORIAL HOSPITAL","Repairs & Maintenance","","Kacey Krystopa","PNEUMATIC AIR TEST W/ NEW LAUNDRY COMPRESSOR BYPASS TEST","","02-22-2023 09:53:58","JOB# J52244","ENG","84600","662500","","02-27-2023 12:47:25","kkrystopa@phsi.us","","$0.00"
"FPO0050054","Received","728038113","62578","$298.00","RAMM","RAMM INC","ROXBOROUGH MEMORIAL HOSPITAL","Repairs & Maintenance","","Kacey Krystopa","DA TANK PUMP 1 STRAINER CLEANING","","02-22-2023 09:52:03","JOB# J52192","ENG","84600","662500","","02-23-2023 14:37:58","jalabd@phsi.us","","$0.00"
"FPO0049994","Received","728038048","22123","$723.96","DARREN DANILOWICZ REFRIGERATIO","DARREN DANILOWICZ REFRIGERATIO","ROXBOROUGH MEMORIAL HOSPITAL","Repairs & Maintenance","","Kacey Krystopa","INSTALL NEW CURTAIN STRIP IN DIETARY ","","02-21-2023 10:59:48","","ENG","84600","662500","","02-21-2023 12:02:40","kkrystopa@phsi.us","","$0.00"
"FPO0049993","Received","728038047","11322","$333.60","DARREN DANILOWICZ REFRIGERATIO","DARREN DANILOWICZ REFRIGERATIO","ROXBOROUGH MEMORIAL HOSPITAL","Repairs & Maintenance","","Kacey Krystopa","CLEAN AND SANITIZE ICE MACHINE AND STORAGE BIN","","02-21-2023 10:52:41","","ENG","70830","662500","","02-21-2023 12:02:08","kkrystopa@phsi.us","","$0.00"
"FPO0049992","Received","728038117","62577","$12,286.00","RAMM","RAMM INC","ROXBOROUGH MEMORIAL HOSPITAL","Repairs & Maintenance","","Kacey Krystopa","This is in correlation with Erequester 17-22-001 for the gas booster system that was installed in 2022","","02-21-2023 10:39:46","JOB# J52125","ENG","84600","662500","","02-27-2023 12:48:05","kkrystopa@phsi.us","","$0.00"
"FPO0049991","Received","728038049","62576","$894.00","RAMM","RAMM INC","ROXBOROUGH MEMORIAL HOSPITAL","Repairs & Maintenance","","Kacey Krystopa","BOILER RM DA TANK PUMP 2 STRAINER NOT WORKING ","","02-21-2023 10:32:56","JOB# J52206","ENG","84600","662500","","02-22-2023 09:48:15","kkrystopa@phsi.us","","$0.00"
"FPO0049887","Approved-PO Issued","728038021","","$72.23","GRAINGER","GRAINGER WW INC 860641950","ROXBOROUGH MEMORIAL HOSPITAL","Repairs & Maintenance","Status: Delivered
Delivery Details:
>City/State: Philadelphia, PA
>Date: 2023-02-20
>Signature Name: Signature not required
>Delivery location: null","Kacey Krystopa","anti slip tape, c batteries","","02-17-2023 15:02:00","","ENG","84600","662500","","02-20-2023 12:00:23","CKunti@phsi.us","Delivered","$0.00"
"FPO0049886","Received","728038026","62575","$2,712.00","RAMM","RAMM INC","ROXBOROUGH MEMORIAL HOSPITAL","Repairs & Maintenance","","Kacey Krystopa","BOILER 2 OIL PUMP","","02-17-2023 14:25:19","JOB# J52160","ENG","84600","662500","","02-21-2023 08:34:47","kkrystopa@phsi.us","","$0.00"
"FPO0049885","Received","728038023","62574","$1,192.00","RAMM","RAMM INC","ROXBOROUGH MEMORIAL HOSPITAL","Repairs & Maintenance","","Kacey Krystopa","WORKED W/ SIEMENS ON CONTROLS AND SENSORS THAT WERE BAD","","02-17-2023 14:23:17","JOB# J52211","ENG","84600","662500","","02-20-2023 09:20:12","kkrystopa@phsi.us","","$0.00"
"FPO0049883","Received","728038022","62573","$894.00","RAMM","RAMM INC","ROXBOROUGH MEMORIAL HOSPITAL","Repairs & Maintenance","","Kacey Krystopa","BOILER RM EXHAUST FAN NOT WORKING","","02-17-2023 14:20:12","JOB# J52205","ENG","84600","662500","","02-20-2023 09:16:37","kkrystopa@phsi.us","","$0.00"
"FPO0049840","Approved-PO Issued","728038025","","$2,775.00","JERSEY INFRARED CONSULTANTS","JERSEY INFRARED CONSULTANTS","ROXBOROUGH MEMORIAL HOSPITAL","Repairs & Maintenance","","Kacey Krystopa","2023 infrared electrical survey","","02-17-2023 08:13:03","QUOTE# Q230216.71","ENG","84600","662500","","09-19-2024 11:26:00","system","","$0.00"
"FPO0049826","Received","728038006","","$2,800.00","INDEPENDENT CONTRACT FLOORING","INDEPENDENT CONTRACT FLOORING","ROXBOROUGH MEMORIAL HOSPITAL","Repairs & Maintenance","","Kacey Krystopa","CATH LAB FLOOR","","02-16-2023 15:25:45","","ENG","84600","662500","","03-17-2023 10:49:03","kkrystopa@phsi.us","","$0.00"
"FPO0049773","Canceled","","","$3,200.00","M MELADY LANDSCAPING LLC","MELADY LANDSCAPING","ROXBOROUGH MEMORIAL HOSPITAL","Repairs & Maintenance","","Kacey Krystopa","REMOVAL OF SHED","","02-16-2023 08:56:05","","ENG","84600","662500","","11-14-2024 08:45:58","system","","$0.00"
"FPO0049702","Approved-PO Issued","728037989","","$6,507.00","REMEDI8 LLC","REMEDI8 LLC","ROXBOROUGH MEMORIAL HOSPITAL","Repairs & Maintenance","","Kacey Krystopa","2023 FIRE AND SMOKE DOOR INSPECTION","","02-15-2023 07:55:36","","ENG","84600","662500","","01-09-2025 14:19:25","system","","$0.00"
"FPO0049678","Approved-PO Issued","728037974","","$45.00","PARTOPIA MEDICAL LLC","PARTOPIA MEDICAL LLC","ROXBOROUGH MEMORIAL HOSPITAL","Repairs & Maintenance","Status: Delivered
Delivery Details:
>City/State: Philadelphia, PA
>Date: 2023-02-21
>Signature Name: MHOSPITAL
>Delivery location: null","Kacey Krystopa","XENO RTLS BATTERY W/ NO PIGTAIL","","02-14-2023 13:56:32","","ENG","84600","662500","","03-10-2023 13:41:37","CKunti@phsi.us","Delivered","$0.00"
"FPO0049524","Approved-PO Issued","728037929","0324-003444376","$10,309.27","REPUBLIC SERVICES INC","REPUBLIC SERVICES INC","ROXBOROUGH MEMORIAL HOSPITAL","Purchased Services/Service Agreements","","Kacey Krystopa","2023 TRASH CONTRACT","","02-10-2023 07:38:42","2023 MONTHLY WASTE/RECYCLING REMOVAL","ENG","84600","669500","","10-04-2024 11:07:45","system","","$0.00"
"FPO0049480","Received","728037912","13","$2,835.00","BIG BOYS CLEANING SERVICE","BIG BOYS CLEANING SERVICE","ROXBOROUGH MEMORIAL HOSPITAL","Repairs & Maintenance","","Kacey Krystopa","January cleaning services","","02-09-2023 11:16:31","","ENG","70830","662500","","12-23-2024 10:24:58","system","","$0.00"
"FPO0049456","Received","728037900","12455231","$423.50","CM3 BUILDING SOLUTIONS INC","CM3 BUILDING SOLUTIONS INC","ROXBOROUGH MEMORIAL HOSPITAL","Repairs & Maintenance","","Kacey Krystopa","CAMERAS NOT WORKING","","02-09-2023 09:09:32","","ENG","84600","662500","","02-13-2023 10:01:33","kkrystopa@phsi.us","","$0.00"
"FPO0049406","Received","728037885","","$449.37","GRAINGER","GRAINGER WW INC 860641950","ROXBOROUGH MEMORIAL HOSPITAL","Repairs & Maintenance","Status: Delivered
Delivery Details:
>City/State: Philadelphia, PA
>Date: 2023-02-09
>Signature Name: Signature not required
>Delivery location: null","Kacey Krystopa","SIEMENS PNEUMATIC RECIEVER CONTROLLER","","02-08-2023 14:37:38","","ENG","84600","662500","","03-20-2023 08:36:12","kkrystopa@phsi.us","Delivered","$0.00"
"FPO0049303","Received","728037873","","$61.80","GRAINGER","GRAINGER WW INC 860641950","ROXBOROUGH MEMORIAL HOSPITAL","Repairs & Maintenance","Status: Delivered
Delivery Details:
>City/State: Philadelphia, PA
>Date: 2023-02-08
>Signature Name: Signature not required
>Delivery location: null","Kacey Krystopa","MOBIL COMPRESSOR OIL","","02-07-2023 13:48:52","","ENG","84600","662500","","03-20-2023 08:34:50","kkrystopa@phsi.us","Delivered","$0.00"
"FPO0049198","Approved-PO Issued","728037805","","$45.00","PARTOPIA MEDICAL LLC","PARTOPIA MEDICAL LLC","ROXBOROUGH MEMORIAL HOSPITAL","Repairs & Maintenance","Status: Delivered
Delivery Details:
>City/State: Philadelphia, PA
>Date: 2023-02-13
>Signature Name: Signature not required
>Delivery location: null","Kacey Krystopa","12 XENO 1/2AA 3.6V BATTERY","","02-06-2023 09:51:55","","ENG","84600","662500","","10-30-2023 12:14:13","mcardenas3@phsi.us","Delivered","$0.00"
"FPO0049193","Received","728037804","","$2,050.00","M MELADY LANDSCAPING LLC","MELADY LANDSCAPING","ROXBOROUGH MEMORIAL HOSPITAL","Repairs & Maintenance","","Kacey Krystopa","ER LOT LANDSCAPING RENOVATION","","02-06-2023 08:58:57","ESTIMATE# 1239","ENG","84600","662500","","03-21-2023 08:11:04","kkrystopa@phsi.us","","$0.00"
"FPO0049039","Received","728037774","1522285","$14.32","LABOV SUPPLY CO INC","LABOV SUPPLY CO INC THE","ROXBOROUGH MEMORIAL HOSPITAL","Repairs & Maintenance","","Kacey Krystopa","SMOKE CAP","","02-02-2023 07:26:12","","ENG","84600","662500","","02-06-2023 09:01:52","kkrystopa@phsi.us","","$0.00"
"FPO0049022","Received","728037764","","$85.15","GRAINGER","GRAINGER WW INC 860641950","ROXBOROUGH MEMORIAL HOSPITAL","Repairs & Maintenance","Status: Delivered
Delivery Details:
>City/State: Philadelphia, PA
>Date: 2023-02-03
>Signature Name: Signature not required
>Delivery location: null","Kacey Krystopa","SCRAPERS AND BATTERIES","","02-01-2023 14:31:13","","ENG","84600","662500","","03-20-2023 08:33:41","kkrystopa@phsi.us","Delivered","$0.00"
"FPO0049000","Received","728037763","615","$267.00","FLOW DRAIN SERVICES","FLOW DRAIN SERVICES","ROXBOROUGH MEMORIAL HOSPITAL","Repairs & Maintenance","","Kacey Krystopa","DRAIN CLOGGED BY IT STAIRWELL OUTSIDE","","02-01-2023 12:20:29","","ENG","84600","662500","","09-23-2024 13:39:50","system","","$0.00"
"FPO0048934","Approved-PO Issued","728037742","","$11,239.92","KLENZOID INC","KLENZOID INC","ROXBOROUGH MEMORIAL HOSPITAL","Purchased Services/Service Agreements","","Kacey Krystopa","QUARTERLY WATER TREATMENT","","01-31-2023 13:17:10","QUARTERLY WATER TREATMENT","ENG","84600","669500","","07-24-2024 09:23:09","system","","$0.00"
"FPO0048904","Approved-PO Issued","728037741","","$3,516.24","CM3 BUILDING SOLUTIONS INC","CM3 BUILDING SOLUTIONS INC","ROXBOROUGH MEMORIAL HOSPITAL","Repairs & Maintenance","","Kacey Krystopa","PHARMACY CAMERAS","","01-31-2023 08:51:27","PROPOSAL# SEC-2023-685","ENG","84600","662500","","01-31-2023 14:36:14","admin","","$0.00"
"FPO0048894","Received","728037727","12455150","$300.00","CM3 BUILDING SOLUTIONS INC","CM3 BUILDING SOLUTIONS INC","ROXBOROUGH MEMORIAL HOSPITAL","Repairs & Maintenance","","Kacey Krystopa","MOB Door  magnets malfunctioning","","01-31-2023 07:24:57","","ENG","84600","662500","","01-31-2023 08:45:52","kkrystopa@phsi.us","","$0.00"
"FPO0048842","Received","728037715","62394","$1,490.00","RAMM","RAMM INC","ROXBOROUGH MEMORIAL HOSPITAL","Repairs & Maintenance","","Kacey Krystopa","AC4 DOWN","","01-30-2023 10:13:56","JOB# J52066","ENG","84600","662500","","01-31-2023 08:38:52","kkrystopa@phsi.us","","$0.00"
"FPO0048841","Received","728037713","62393","$4,667.00","RAMM","RAMM INC","ROXBOROUGH MEMORIAL HOSPITAL","Repairs & Maintenance","","Kacey Krystopa","AS1 COMPRESSOR AIR DRYER ","","01-30-2023 10:12:05","JOB# J52084","ENG","84600","662500","","01-31-2023 08:39:34","kkrystopa@phsi.us","","$0.00"
"FPO0048741","Rejected","","","$34,020.00","BIG BOYS CLEANING SERVICE","BIG BOYS CLEANING SERVICE","ROXBOROUGH MEMORIAL HOSPITAL","Purchased Services/Service Agreements","","Kacey Krystopa","MONTHLY CLEANING URGENT CARE","","01-27-2023 07:36:29","","ENG","70830","669500","","11-25-2024 09:21:17","system","","$0.00"
"FPO0048740","Received","728037684","","$365.00","CARDONE NUSS PRINTING","CARDONE NUSS PRINTING","ROXBOROUGH MEMORIAL HOSPITAL","Repairs & Maintenance","","Kacey Krystopa","hospitals signs and car magnets","","01-27-2023 07:12:02","","ENG","84600","662500","","08-28-2024 09:08:00","system","","$0.00"
"FPO0048679","Received","728037677","","$2,589.00","BIG BOYS CLEANING SERVICE","BIG BOYS CLEANING SERVICE","ROXBOROUGH MEMORIAL HOSPITAL","Repairs & Maintenance","","Kacey Krystopa","URGENT CARE FLOORS CLEANED","","01-26-2023 10:31:42","","ENG","70830","662500","","12-23-2024 10:25:28","system","","$0.00"
"FPO0048665","Received","728037678","","$1,916.24","MAJOR MEDICAL HOSPITAL SVCS","MAJOR MEDICAL HOSPITAL SVCS","ROXBOROUGH MEMORIAL HOSPITAL","Purchased Services/Service Agreements","","Kacey Krystopa","MEDICAL GAS QUARTERLY PREVENTATIVE MAINTENANCE 2023 old PO#728027262","","01-26-2023 08:52:08","MEDICAL GAS QUARTERLY PM SERVICE","ENG","84600","669500","*ATTN: ENG / KACEY KRYSTOPA


REF: SQ# SQ12696

MEDICAL GAS QUARTERLY PM SERVICE
From 5/1/2023 - 4/30/2024 *MEDICAL GAS QUARTERLY PREVENTATIVE MAINTENANCE 2023 old PO#728027262","09-27-2024 09:13:37","system","","$0.00"
"FPO0048565","Received","728037682","125367","$4,799.00","WALTER A DWYER INC","WALTER A DWYER INC","ROXBOROUGH MEMORIAL HOSPITAL","Repairs & Maintenance","","Kacey Krystopa","FUEL DELIVERY","","01-25-2023 08:19:51","","ENG","84600","662500","","11-26-2024 11:56:49","system","","$0.00"
"FPO0048454","Received","728037650","","$165.10","ZORO TOOLS INC","ZORO TOOLS INC","ROXBOROUGH MEMORIAL HOSPITAL","Repairs & Maintenance","","Kacey Krystopa","Supplies","","01-24-2023 08:15:48","","ENG","84600","662500","","01-27-2023 14:02:29","kkrystopa@phsi.us","","$0.00"
"FPO0048402","Received","728037621","62321","$751.50","RAMM","RAMM INC","ROXBOROUGH MEMORIAL HOSPITAL","Repairs & Maintenance","","Kacey Krystopa","2ND FL RADIATOR NOT WORKING","","01-23-2023 11:01:29","JOB# J51997","ENG","84600","662500","","01-24-2023 07:16:54","kkrystopa@phsi.us","","$0.00"
"FPO0048397","Received","728037619","12023","$1,621.73","DARREN DANILOWICZ REFRIGERATIO","DARREN DANILOWICZ REFRIGERATIO","ROXBOROUGH MEMORIAL HOSPITAL","Repairs & Maintenance","","Kacey Krystopa","3 WALK IN FREEZERS DIAETARY","","01-23-2023 09:59:28","","ENG","84600","662500","","01-24-2023 07:16:19","kkrystopa@phsi.us","","$0.00"
"FPO0048356","Received","728037610","","$540.84","LABOV SUPPLY CO INC","LABOV SUPPLY CO INC THE","ROXBOROUGH MEMORIAL HOSPITAL","Repairs & Maintenance","","Kacey Krystopa","FAUCETS","","01-20-2023 15:00:29","ORDER# S1521709","ENG","84600","662500","","01-26-2023 12:09:41","kkrystopa@phsi.us","","$0.00"
"FPO0048160","Received","728037576","0578924","$735.00","KB LIGHTING MFG CO INC","KB LIGHTING MFG CO  INC","ROXBOROUGH MEMORIAL HOSPITAL","Repairs & Maintenance","","Kacey Krystopa","LIGHT STOCK","","01-18-2023 10:40:58","","ENG","84600","662500","","01-23-2023 14:06:46","kkrystopa@phsi.us","","$0.00"
"FPO0048099","Approved-PO Issued","728037559","","$108.10","ZORO TOOLS INC","ZORO TOOLS INC","ROXBOROUGH MEMORIAL HOSPITAL","Repairs & Maintenance","","Kacey Krystopa","5"" swivel caster wheels and spotlight","","01-17-2023 12:39:06","","ENG","84600","662500","","02-01-2023 12:02:25","system","","$0.00"
"FPO0048068","Received","728037554","SRVCE000164289","$426.00","ELLIOTT LEWIS CORPORATION","ELLIOTT LEWIS","ROXBOROUGH MEMORIAL HOSPITAL","Repairs & Maintenance","","Kacey Krystopa","HEAT NOT WORKING","","01-17-2023 07:56:17","SERVICE CALL# 221227-0059","ENG","70830","662500","","01-24-2023 07:18:42","kkrystopa@phsi.us","","$0.00"
"FPO0048067","Received","728037553","SRVCE000164175","$426.00","ELLIOTT LEWIS CORPORATION","ELLIOTT LEWIS","ROXBOROUGH MEMORIAL HOSPITAL","Repairs & Maintenance","","Kacey Krystopa","HEAT NOT WORKING","","01-17-2023 07:53:12","SERVICE CALL# 221115-0070","ENG","70830","662500","","01-24-2023 07:17:38","kkrystopa@phsi.us","","$0.00"
"FPO0048019","Received","728037558","124947","$7,048.50","WALTER A DWYER INC","WALTER A DWYER INC","ROXBOROUGH MEMORIAL HOSPITAL","Repairs & Maintenance","","Kacey Krystopa","Diesel delivery","","01-16-2023 13:15:59","","ENG","84600","662500","","11-26-2024 11:57:49","system","","$0.00"
"FPO0047990","Received","728037534","1","$1,500.00","CK ROOFING & SIDING CO   INC","CK ROOFING & SIDING CO   INC","ROXBOROUGH MEMORIAL HOSPITAL","Repairs & Maintenance","","Kacey Krystopa","ROOF CEMENT PATCH","","01-16-2023 10:53:45","","ENG","84600","662500","","01-18-2023 07:42:01","kkrystopa@phsi.us","","$0.00"
"FPO0047968","Received","728037513","","$1,182.00","KB LIGHTING MFG CO INC","KB LIGHTING MFG CO  INC","ROXBOROUGH MEMORIAL HOSPITAL","Repairs & Maintenance","","Kacey Krystopa","LIGHTING ORDER","","01-16-2023 08:10:52","QUOTE# 116231","ENG","84600","662500","","07-05-2023 09:45:02","jalabd@phsi.us","","$0.00"
"FPO0047967","Received","728037512","","$540.84","LABOV SUPPLY CO INC","LABOV SUPPLY CO INC THE","ROXBOROUGH MEMORIAL HOSPITAL","Repairs & Maintenance","","Kacey Krystopa","4 Faucets","","01-16-2023 07:50:23","","ENG","84600","662500","","01-25-2023 10:38:24","kkrystopa@phsi.us","","$0.00"
"FPO0047936","Received","728037460","","$107.44","GRAINGER","GRAINGER WW INC 860641950","ROXBOROUGH MEMORIAL HOSPITAL","Repairs & Maintenance","630234738668
Status: Delivered
>Date: 2023-01-16
>City/State: Philadelphia, PA
>Signature Name: MHOSPITAL

 630234739789
Status: Delivered
>Date: 2023-01-16
>City/State: Philadelphia, PA
>Signature Name: MHOSPITAL

","Kacey Krystopa","Belt & batteries","","01-13-2023 15:04:00","","ENG","84600","662500","","02-21-2023 15:20:52","kkrystopa@phsi.us","Delivered","$0.00"
"FPO0047930","Received","728037455","62292","$1,937.00","RAMM","RAMM INC","ROXBOROUGH MEMORIAL HOSPITAL","Repairs & Maintenance","","Kacey Krystopa","DIETARY TOO WARM","","01-13-2023 14:23:35","JOB# J51939","ENG","84600","662500","","01-16-2023 08:00:39","kkrystopa@phsi.us","","$0.00"
"FPO0047929","Received","728037457","62291","$745.00","RAMM","RAMM INC","ROXBOROUGH MEMORIAL HOSPITAL","Repairs & Maintenance","","Kacey Krystopa","2ND FL ROOF ED LOW HUMIDITY
","","01-13-2023 14:21:32","JOB# J51947","ENG","84600","662500","","01-16-2023 08:01:35","kkrystopa@phsi.us","","$0.00"
"FPO0047928","Received","728037526","62290","$4,149.50","RAMM","RAMM INC","ROXBOROUGH MEMORIAL HOSPITAL","Repairs & Maintenance","","Kacey Krystopa","AS1 PNEUMATICS","","01-13-2023 14:19:20","JOB# J51875","ENG","84600","662500","","01-18-2023 08:02:36","kkrystopa@phsi.us","","$0.00"
"FPO0047925","Received","728037456","62289","$1,192.00","RAMM","RAMM INC","ROXBOROUGH MEMORIAL HOSPITAL","Repairs & Maintenance","","Kacey Krystopa","ADMIN UNIT WARM","","01-13-2023 14:16:14","JOB# J51985","ENG","84600","662500","","01-16-2023 08:02:46","kkrystopa@phsi.us","","$0.00"
"FPO0047924","Received","728037527","62288","$4,159.00","RAMM","RAMM INC","ROXBOROUGH MEMORIAL HOSPITAL","Repairs & Maintenance","","Kacey Krystopa","GR FL FREIGHT ELEVATOR AREA COLD
","","01-13-2023 14:14:12","JOB# J51958","ENG","84600","662500","","01-18-2023 08:02:59","kkrystopa@phsi.us","","$0.00"
"FPO0047923","Received","728037528","62287","$3,517.00","RAMM","RAMM INC","ROXBOROUGH MEMORIAL HOSPITAL","Repairs & Maintenance","","Kacey Krystopa","TRASH SANITIZER STEAM REGULATOR ISSUE","","01-13-2023 14:12:23","","ENG","84600","662500","","01-18-2023 08:03:20","kkrystopa@phsi.us","","$0.00"
"FPO0047921","Received","728037454","62286","$1,043.00","RAMM","RAMM INC","ROXBOROUGH MEMORIAL HOSPITAL","Repairs & Maintenance","","Kacey Krystopa","power outage. restart all RTU","","01-13-2023 14:09:36","JOB# J51896","ENG","84600","662500","","01-16-2023 08:03:46","kkrystopa@phsi.us","","$0.00"
"FPO0047874","Received","728037444","","$2,121.83","GENSERVE LLC","GENSERVE LLC","ROXBOROUGH MEMORIAL HOSPITAL","Repairs & Maintenance","","Kacey Krystopa","LIMA 75KW GENERATOR REPLACE VALVE COVER GASKET","","01-13-2023 09:26:44","QUOTE# Q-05207","ENG","84600","662500","","10-11-2024 07:41:19","system","","$0.00"
"FPO0047869","Received","728037443","36853","$1,282.75","MAJOR MEDICAL HOSPITAL SVCS","MAJOR MEDICAL HOSPITAL SVCS","ROXBOROUGH MEMORIAL HOSPITAL","Repairs & Maintenance","","Kacey Krystopa","Medical air system tripped","","01-13-2023 07:06:51","SO# 15130319,WO12879","ENG","84600","662500","","01-16-2023 07:58:42","kkrystopa@phsi.us","","$0.00"
"FPO0047846","Received","728037430","","$78.28","GRAINGER","GRAINGER WW INC 860641950","ROXBOROUGH MEMORIAL HOSPITAL","Repairs & Maintenance","Status: Delivered
Delivery Details:
>City/State: Philadelphia, PA
>Date: 2023-01-13
>Signature Name: Signature not required
>Delivery location: null","Kacey Krystopa","BELT AND BATTERIES","","01-12-2023 14:12:02","","ENG","84600","662500","","02-21-2023 15:21:25","kkrystopa@phsi.us","Delivered","$0.00"
"FPO0047757","Approved-PO Issued","728037427","","$787.76","JOHNSON CONTROLS FIRE PROTECT","JOHNSON CONTROLS FIRE PROTECT","ROXBOROUGH MEMORIAL HOSPITAL","Repairs & Maintenance","","Kacey Krystopa","FIRE ALARM DEFICIENCIES","","01-11-2023 12:54:53","SR# 53446898","ENG","76390","662500","","05-10-2023 14:58:48","admin","","$0.00"
"FPO0047753","Received","728037413","M73895","$1,560.77","EVERBRIDGE INC","EVERBRIDGE INC","ROXBOROUGH MEMORIAL HOSPITAL","Repairs & Maintenance","","Kacey Krystopa","EVERBRIDGE DEVICE FOR CATH LAB","","01-11-2023 12:48:15","","ENG","84600","662500","","12-02-2024 12:49:37","system","","$0.00"
"FPO0047752","Received","728037414","0193479","$1,062.75","DELVAL EQUIPMENT","DELVAL EQUIPMENT CORP","ROXBOROUGH MEMORIAL HOSPITAL","Repairs & Maintenance","","Kacey Krystopa","LABOR AND MATERIALS TO ASSESS CLEAVER BROOKS. BOILER UNIT AND PREPARE START UP","","01-11-2023 12:41:42","","ENG","84600","662500","","01-12-2023 14:02:16","kkrystopa@phsi.us","","$0.00"
"FPO0047633","Received","728037417","564","$889.00","FLOW DRAIN SERVICES","FLOW DRAIN SERVICES","ROXBOROUGH MEMORIAL HOSPITAL","Repairs & Maintenance","","Kacey Krystopa","JETTED DRAIN UPSTREAM AND DOWNSTREAM","","01-10-2023 07:19:22","","ENG","84600","662500","","01-13-2023 01:56:18","admin","","$0.00"
"FPO0047575","Received","728037392","5001934910","$554.30","TK ELEVATOR CORPORATION","THYSSEN KRUPP ELEVATOR CORP","ROXBOROUGH MEMORIAL HOSPITAL","Repairs & Maintenance","","Kacey Krystopa","elevator 11 not working","","01-09-2023 11:36:11","SR# 69210952","ENG","84600","662500","","01-11-2023 07:55:56","kkrystopa@phsi.us","","$0.00"
"FPO0047244","Received","728037287","","$292.10","GRAINGER","GRAINGER WW INC 860641950","ROXBOROUGH MEMORIAL HOSPITAL","Repairs & Maintenance","Status: Delivered
Delivery Details:
>City/State: Philadelphia, PA
>Date: 2023-01-02
>Signature Name: Signature not required
>Delivery location: null","Kacey Krystopa","MAINT SUPPLIES","","12-30-2022 14:23:59","","ENG","84600","662500","","01-05-2023 07:59:29","kkrystopa@phsi.us","Delivered","$0.00"
"FPO0047131","Received","728037251","","$310.04","HILTI INC","HILTI INC","ROXBOROUGH MEMORIAL HOSPITAL","Repairs & Maintenance","","Kacey Krystopa","hammer drill/driver set","","12-29-2022 08:26:21","","ENG","84600","662500","","01-13-2023 11:30:04","kkrystopa@phsi.us","","$0.00"
"FPO0047031","Received","728037235","62137","$2,693.00","RAMM","RAMM INC","ROXBOROUGH MEMORIAL HOSPITAL","Repairs & Maintenance","","Kacey Krystopa","replace with new pneumatic air filters","","12-27-2022 13:24:49","JOB# J51847","ENG","84600","662500","","12-29-2022 09:55:19","kkrystopa@phsi.us","","$0.00"
"FPO0047030","Received","728037230","62136","$1,043.00","RAMM","RAMM INC","ROXBOROUGH MEMORIAL HOSPITAL","Repairs & Maintenance","","Kacey Krystopa","ac1 humidifier too low","","12-27-2022 13:23:38","JOB# J51848","ENG","84600","662500","","12-27-2022 15:22:45","kkrystopa@phsi.us","","$0.00"
"FPO0047029","Received","728037229","62138","$298.00","RAMM","RAMM INC","ROXBOROUGH MEMORIAL HOSPITAL","Repairs & Maintenance","","Kacey Krystopa","set up honeywell controls","","12-27-2022 13:22:11","JOB# J51908","ENG","84600","662500","","12-27-2022 15:22:11","kkrystopa@phsi.us","","$0.00"
"FPO0046998","Approved-PO Issued","728037231","","$114,897.60","TK ELEVATOR CORPORATION","THYSSEN KRUPP ELEVATOR CORP","ROXBOROUGH MEMORIAL HOSPITAL","Purchased Services/Service Agreements","","Kacey Krystopa","3 Year elevator contact","","12-27-2022 09:04:43","MONTHLY PLATINUM ELEVATOR PM SERVICES","ENG","84600","669500","*3 Year elevator contact *ATTN: ENG / KACET KRYSTOPA



PLATINUM ELEVATOR PM SERVICES
From 1/1/2023 - 12/31/2025 *Increased Line 2 for year 2 of service to new increase shown on Invoice# 3007640139.

************************
RS
Rakesh Seth
Additional comments?2024-02-15 09:24:193m ago
Approved 

Rakesh

Sent quickly from my mobile device, please excuse typos.

reply from: rseth@primehealthcare.com

***************************
MC
Massiel Cardenas
Additional comments?2024-02-15 09:24:133m ago
received from: mcardenas3@primeheal","06-13-2024 13:36:57","eroman2@phsi.us","","$0.00"
"FPO0046884","Received","728037190","","$176.40","GRAINGER","GRAINGER WW INC 860641950","ROXBOROUGH MEMORIAL HOSPITAL","Repairs & Maintenance","626084255538
Status: Delivered
>Date: 2022-12-23
>City/State: Philadelphia, PA
>Signature Name: Signature not required

 626084255582
Status: Delivered
>Date: 2022-12-23
>City/State: Philadelphia, PA
>Signature Name: Signature not required

","Kacey Krystopa","3 PORTABLE HEATERS","","12-22-2022 13:39:10","","ENG","84600","662500","","01-05-2023 07:57:27","kkrystopa@phsi.us","Delivered","$0.00"
"FPO0046760","Received","728037151","","$149.10","GRAINGER","GRAINGER WW INC 860641950","ROXBOROUGH MEMORIAL HOSPITAL","Repairs & Maintenance","Status: Delivered
Delivery Details:
>City/State: Philadelphia, PA
>Date: 2022-12-22
>Signature Name: Signature not required
>Delivery location: null","Kacey Krystopa","quick connect filter","","12-21-2022 07:39:14","","ENG","84600","662500","","03-25-2024 14:44:23","system","Delivered","$0.00"
"FPO0046639","Received","728037221","36724","$1,235.00","MAJOR MEDICAL HOSPITAL SVCS","MAJOR MEDICAL HOSPITAL SVCS","ROXBOROUGH MEMORIAL HOSPITAL","Repairs & Maintenance","","Kacey Krystopa","02 AIR MOISTURE ALARM GOING OFF","","12-19-2022 09:21:06","WO# 12805,15130032","ENG","84600","662500","","12-29-2022 10:22:00","kkrystopa@phsi.us","","$0.00"
"FPO0046585","Received","728037120","62032","$4,589.00","RAMM","RAMM INC","ROXBOROUGH MEMORIAL HOSPITAL","Repairs & Maintenance","","Kacey Krystopa","PNEUMATIC AC FILLED WITH WATER","","12-16-2022 12:56:07","JOB# J51797","ENG","84600","662500","","12-19-2022 08:58:15","kkrystopa@phsi.us","","$0.00"
"FPO0046584","Received","728037115","62031","$298.00","RAMM","RAMM INC","ROXBOROUGH MEMORIAL HOSPITAL","Repairs & Maintenance","","Kacey Krystopa","DA TANK PUMP 2 NOT MOVING ENOUGH WATER","","12-16-2022 12:54:21","JOB# J51861","ENG","84600","662500","","12-19-2022 08:59:08","kkrystopa@phsi.us","","$0.00"
"FPO0046583","Received","728037114","62030","$298.00","RAMM","RAMM INC","ROXBOROUGH MEMORIAL HOSPITAL","Repairs & Maintenance","","Kacey Krystopa","OR ROOM LOW HUMIDITY","","12-16-2022 12:52:09","JOB# J51836","ENG","84600","662500","","12-19-2022 09:00:02","kkrystopa@phsi.us","","$0.00"
"FPO0046580","Received","728037113","62029","$1,192.00","RAMM","RAMM INC","ROXBOROUGH MEMORIAL HOSPITAL","Repairs & Maintenance","","Kacey Krystopa","AS1 REHEAT PUMP REPLACE COUPLER","","12-16-2022 12:49:01","JOB# J51855","ENG","84600","662500","","12-19-2022 09:00:59","kkrystopa@phsi.us","","$0.00"
"FPO0046579","Received","728037112","62028","$1,192.00","RAMM","RAMM INC","ROXBOROUGH MEMORIAL HOSPITAL","Repairs & Maintenance","","Kacey Krystopa","REPLACED RETURN COIL PREFILTER AND FINAL FILTERS FOR ACH AND ED","","12-16-2022 12:46:24","JOB# J51792","ENG","84600","662500","","12-19-2022 09:02:06","kkrystopa@phsi.us","","$0.00"
"FPO0046508","Received","728037080","","$140.35","GRAINGER","GRAINGER WW INC 860641950","ROXBOROUGH MEMORIAL HOSPITAL","Repairs & Maintenance","Status: Delivered
Delivery Details:
>City/State: Philadelphia, PA
>Date: 2022-12-16
>Signature Name: Signature not required
>Delivery location: null","Kacey Krystopa","Maintenance supplies","","12-15-2022 07:07:17","","ENG","84600","662500","","01-05-2023 07:52:18","kkrystopa@phsi.us","Delivered","$0.00"
"FPO0046413","Received","728037069","","$119.66","GRAINGER","GRAINGER WW INC 860641950","ROXBOROUGH MEMORIAL HOSPITAL","Repairs & Maintenance","Status: Delivered
Delivery Details:
>City/State: Philadelphia, PA
>Date: 2022-12-15
>Signature Name: Signature not required
>Delivery location: null","Kacey Krystopa","BELT AND BATTERIES","","12-14-2022 07:17:10","","ENG","84600","662500","","01-05-2023 07:51:09","kkrystopa@phsi.us","Delivered","$0.00"
"FPO0046374","Approved-PO Issued","728037068","","$462.00","SIEMENS INDUSTRY INC","SIEMENS INDUSTRY  INC","ROXBOROUGH MEMORIAL HOSPITAL","Repairs & Maintenance","","Kacey Krystopa","CATH LAB BAS NOT WORKING","","12-13-2022 13:19:19","JOB# 5004545677","ENG","84600","662500","","12-13-2022 15:41:13","admin","","$0.00"
"FPO0046343","Received","728037061","121322","$510.97","DARREN DANILOWICZ REFRIGERATIO","DARREN DANILOWICZ REFRIGERATIO","ROXBOROUGH MEMORIAL HOSPITAL","Repairs & Maintenance","","Kacey Krystopa","INSTALL NEW THERMOMETER DIETARY","","12-13-2022 10:37:00","","ENG","84600","662500","","12-14-2022 07:14:36","kkrystopa@phsi.us","","$0.00"
"FPO0046342","Received","728037060","112822","$771.24","DARREN DANILOWICZ REFRIGERATIO","DARREN DANILOWICZ REFRIGERATIO","ROXBOROUGH MEMORIAL HOSPITAL","Repairs & Maintenance","","Kacey Krystopa","DIETARY WALK IN FREEZER FAULTY SOLDER JOINT","","12-13-2022 10:34:33","","ENG","84600","662500","","12-14-2022 07:14:08","kkrystopa@phsi.us","","$0.00"
"FPO0046340","Received","728037062","sk28-2217-f","$764.84","MILLER BROS DIVISION OF WAMPOL","MILLER BROS DIVISION OF WAMPOL","ROXBOROUGH MEMORIAL HOSPITAL","Repairs & Maintenance","","Kacey Krystopa","15kV switchgear auto transfer and repair","","12-13-2022 10:22:10","","ENG","84600","662500","","12-14-2022 07:15:24","kkrystopa@phsi.us","","$0.00"
"FPO0046295","Received","728037046","39405","$420.00","ELECTRONIC SECURITY SOLUTIONS","ELECTRONIC SECURITY SOLUTIONS","ROXBOROUGH MEMORIAL HOSPITAL","Purchased Services/Service Agreements","","Kacey Krystopa","2022 FIRE ALARM SYSTEM ","","12-12-2022 15:21:34","FIRE ALARM SYSTEM MONITORING","ENG","84600","669500","","12-13-2022 10:17:08","kkrystopa@phsi.us","","$0.00"
"FPO0046237","Received","728037039","","$9,600.00","DYNAMIC BALANCING CO INC","DYNAMIC BALANCING CO  INC","ROXBOROUGH MEMORIAL HOSPITAL","Repairs & Maintenance","","Kacey Krystopa","2022 ISO & OR CERTIFICATION QUOTE","","12-12-2022 09:01:54","QUOTE# 7808","ENG","84600","662500","","04-10-2023 09:21:34","kkrystopa@phsi.us","","$0.00"
"FPO0046093","Received","728037018","","$137.10","GRAINGER","GRAINGER WW INC 860641950","ROXBOROUGH MEMORIAL HOSPITAL","Repairs & Maintenance","Status: Delivered
Delivery Details:
>City/State: Philadelphia, PA
>Date: 2022-12-09
>Signature Name: Signature not required
>Delivery location: null","Kacey Krystopa","UTILITY CART,","","12-08-2022 09:52:50","","ENG","84600","662500","","01-05-2023 07:50:05","kkrystopa@phsi.us","Delivered","$0.00"
"FPO0046090","Approved-PO Issued","728037019","","$392.70","MED PAT & INN PHONE","MED PAT & INN PHONE","ROXBOROUGH MEMORIAL HOSPITAL","Repairs & Maintenance","Status: Delivered
Delivery Details:
>City/State: Philadelphia, PA
>Date: 2022-12-13
>Signature Name: MHOSPITAL
>Delivery location: null","Kacey Krystopa","1 PC FRONT ON/OFF, VOL+","","12-08-2022 09:29:44","","ENG","84800","662500","","12-29-2022 12:43:18","CKunti@phsi.us","Delivered","$0.00"
"FPO0046078","Received","728037044","492","$576.00","FLOW DRAIN SERVICES","FLOW DRAIN SERVICES","ROXBOROUGH MEMORIAL HOSPITAL","Repairs & Maintenance","","Kacey Krystopa","SNAKE BATHROOM DRAIN BY CAFETERIA","","12-08-2022 07:31:27","","ENG","84600","662500","","12-13-2022 10:16:10","kkrystopa@phsi.us","","$0.00"
"FPO0046006","Approved-PO Issued","728036995","","$181.50","FOLLETT PRODUCTS LLC","FOLLETT PRODUCTS LLC","ROXBOROUGH MEMORIAL HOSPITAL","Repairs & Maintenance","","Kacey Krystopa","sensors","","12-06-2022 15:17:11","","ENG","84600","662500","","11-05-2024 10:53:33","system","","$0.00"
"FPO0045967","Received","728036985","484","$499.00","FLOW DRAIN SERVICES","FLOW DRAIN SERVICES","ROXBOROUGH MEMORIAL HOSPITAL","Repairs & Maintenance","","Kacey Krystopa","CAFETERIA DRAIN BACKED UP","","12-06-2022 10:49:47","","ENG","84600","662500","","12-07-2022 07:31:50","kkrystopa@phsi.us","","$0.00"
"FPO0045907","Received","728036966","","$49.60","GRAINGER","GRAINGER WW INC 860641950","ROXBOROUGH MEMORIAL HOSPITAL","Repairs & Maintenance","Status: Delivered
Delivery Details:
>City/State: Philadelphia, PA
>Date: 2022-12-06
>Signature Name: Signature not required
>Delivery location: null","Kacey Krystopa","MAINTENANCE SUPPLIES","","12-05-2022 11:05:14","","ENG","84600","662500","","01-05-2023 07:48:28","kkrystopa@phsi.us","Delivered","$0.00"
"FPO0045898","Received","728036963","61928","$596.00","RAMM","RAMM INC","ROXBOROUGH MEMORIAL HOSPITAL","Repairs & Maintenance","","Kacey Krystopa","SIEMENS CONTROLS","","12-05-2022 10:06:53","JOB ID: J51799","ENG","84600","662500","","12-05-2022 14:44:19","kkrystopa@phsi.us","","$0.00"
"FPO0045897","Received","728036967","61925","$6,616.00","RAMM","RAMM INC","ROXBOROUGH MEMORIAL HOSPITAL","Repairs & Maintenance","","Kacey Krystopa","TOWER SUMP HEATER CONTROL PANEL NOT WORKING","","12-05-2022 10:03:30","","ENG","84600","662500","","12-07-2022 07:32:27","kkrystopa@phsi.us","","$0.00"
"FPO0045895","Received","728036965","61927","$1,192.00","RAMM","RAMM INC","ROXBOROUGH MEMORIAL HOSPITAL","Repairs & Maintenance","","Kacey Krystopa","INSTALL NEW RADIATOR","","12-05-2022 09:59:23","JOB# J51782","ENG","84600","662500","","12-05-2022 14:46:07","kkrystopa@phsi.us","","$0.00"
"FPO0045893","Received","728036964","61924","$1,192.00","RAMM","RAMM INC","ROXBOROUGH MEMORIAL HOSPITAL","Repairs & Maintenance","","Kacey Krystopa","SERVICE CALL AIRLFOW ISSUES WITH AC1","","12-05-2022 09:55:23","JOB# J51777","ENG","84600","662500","","12-05-2022 15:13:55","kkrystopa@phsi.us","","$0.00"
"FPO0045828","Received","728036961","40187","$2,971.00","LIMA COMPANY","LIMA COMPANY","ROXBOROUGH MEMORIAL HOSPITAL","Repairs & Maintenance","","Kacey Krystopa","STEAM PRESSURE REDUCING VALVE","","12-02-2022 09:10:07","","ENG","84600","662500","","12-05-2022 08:57:08","kkrystopa@phsi.us","","$0.00"
"FPO0045768","Received","728036955","","$113.79","GRAINGER","GRAINGER WW INC 860641950","ROXBOROUGH MEMORIAL HOSPITAL","Repairs & Maintenance","Status: Delivered
Delivery Details:
>City/State: Philadelphia, PA
>Date: 2022-12-02
>Signature Name: Signature not required
>Delivery location: null","Kristi Toy","STERILIZER GRAPHING PAPER","","12-01-2022 11:06:42","","ENG","84600","662500","","01-05-2023 07:47:23","system","Delivered","$0.00"
"FPO0045713","Received","728036940","","$50.28","GRAINGER","GRAINGER WW INC 860641950","ROXBOROUGH MEMORIAL HOSPITAL","Repairs & Maintenance","Status: Delivered
Delivery Details:
>City/State: Philadelphia, PA
>Date: 2022-12-01
>Signature Name: Signature not required
>Delivery location: null","Kristi Toy","MATERIAL","","11-30-2022 13:19:00","","ENG","84600","662500","","01-05-2023 07:46:25","kkrystopa@phsi.us","Delivered","$0.00"
"FPO0045706","Received","728036939","","$499.72","GRAINGER","GRAINGER WW INC 860641950","ROXBOROUGH MEMORIAL HOSPITAL","Repairs & Maintenance","","Kacey Krystopa","pneumatic t-stat and pliers","","11-30-2022 12:59:23","","ENG","84600","662500","*Attn: Kacey Krystopa - ENG *pneumatic t-stat and pliers","06-19-2024 01:53:59","admin","Delivered","$0.00"
"FPO0045431","Approved-PO Issued","728036875","","$1,040.50","STRYKER SALES LLC","STRYKER MEDICAL","ROXBOROUGH MEMORIAL HOSPITAL","Repairs & Maintenance","","Kacey Krystopa","BED REPAIRS","","11-23-2022 07:24:53","WO-05762294 / WO-05762277","ENG","84400","662500","*Attn: Kacey Krystopa - ENG *BED REPAIRS","10-14-2024 11:31:18","admin","","$0.00"
"FPO0045350","Received","728036856","460","$499.00","FLOW DRAIN SERVICES","FLOW DRAIN SERVICES","ROXBOROUGH MEMORIAL HOSPITAL","Repairs & Maintenance","","Kacey Krystopa","CAFETERIA DRAIN SNAKED","","11-21-2022 14:54:57","","ENG","84600","662500","","09-23-2024 13:37:47","system","","$0.00"
"FPO0045340","Received","728036858","9856","$925.00","KLENZOID INC","KLENZOID INC","ROXBOROUGH MEMORIAL HOSPITAL","Repairs & Maintenance","","Kacey Krystopa","CULTURING LEGIONELLA","","11-21-2022 13:33:51","","ENG","84600","662500","","11-23-2022 07:31:40","kkrystopa@phsi.us","","$0.00"
"FPO0045329","Received","728036850","","$313.46","GRAINGER","GRAINGER WW INC 860641950","ROXBOROUGH MEMORIAL HOSPITAL","Repairs & Maintenance","","Kacey Krystopa","Pendant push button station","","11-21-2022 11:53:47","","ENG","84600","662500","","01-05-2023 07:40:14","kkrystopa@phsi.us","","$0.00"
"FPO0045288","Received","728036857","2573","$500.00","M MELADY LANDSCAPING LLC","MELADY LANDSCAPING","ROXBOROUGH MEMORIAL HOSPITAL","Repairs & Maintenance","","Kacey Krystopa","TREE REMOVAL FROM RAIN STORM","","11-21-2022 08:20:53","","ENG","84600","662500","","11-23-2022 07:32:05","kkrystopa@phsi.us","","$0.00"
"FPO0045262","Received","728036835","","$127.58","GRAINGER","GRAINGER WW INC 860641950","ROXBOROUGH MEMORIAL HOSPITAL","Repairs & Maintenance","618840613798
Status: Delivered
>Date: 2022-11-22
>City/State: Philadelphia, PA
>Signature Name: Signature not required

 187612465481
Status: Delivered
>Date: 2022-11-25
>City/State: Philadelphia, PA
>Signature Name: MHOSPITAL

","Kacey Krystopa","Maintenance supplies","","11-18-2022 15:09:40","","ENG","84600","662500","","01-05-2023 07:39:15","kkrystopa@phsi.us","Delivered","$0.00"
"FPO0045261","Received","728036837","61799","$596.00","RAMM","RAMM INC","ROXBOROUGH MEMORIAL HOSPITAL","Repairs & Maintenance","","Kacey Krystopa","4TH FL STEAM VALVE OVERFEEDING","","11-18-2022 15:06:32","JOB# J51619","ENG","84600","662500","","11-21-2022 08:14:31","kkrystopa@phsi.us","","$0.00"
"FPO0045259","Received","728036836","61800","$1,789.00","RAMM","RAMM INC","ROXBOROUGH MEMORIAL HOSPITAL","Repairs & Maintenance","","Kacey Krystopa","SWITCH SON BUILDING TO HEAT","","11-18-2022 15:03:57","JOB# J51601","ENG","84600","662500","","11-21-2022 08:14:51","kkrystopa@phsi.us","","$0.00"
"FPO0045242","Received","728036832","111822","$881.69","DARREN DANILOWICZ REFRIGERATIO","DARREN DANILOWICZ REFRIGERATIO","ROXBOROUGH MEMORIAL HOSPITAL","Repairs & Maintenance","","Kacey Krystopa","DIETARY WALK IN FREEZER TEMP ISSUE","","11-18-2022 11:59:22","","ENG","84600","662500","","11-21-2022 07:35:29","kkrystopa@phsi.us","","$0.00"
"FPO0045241","Received","728036831","6008858","$371.97","BILLOWS ELECTRIC SUPPLY COMPAN","BILLOWS ELECTRIC SUPPLY","ROXBOROUGH MEMORIAL HOSPITAL","Repairs & Maintenance","","Kacey Krystopa","LIGHT ORDER","","11-18-2022 11:56:22","","ENG","84600","662500","","11-21-2022 07:55:17","kkrystopa@phsi.us","","$0.00"
"FPO0045198","Approved-PO Issued","728036826","","$101.58","MCMASTER CARR SUPPLY COMPANY","MCMASTER CARR SUPPLY CO","ROXBOROUGH MEMORIAL HOSPITAL","Repairs & Maintenance","","Kacey Krystopa","GAUGE GLASS FOR DA TANK BOILER","","11-18-2022 07:37:17","","ENG","84600","662500","","05-08-2023 17:02:22","system","","$0.00"
"FPO0045159","Approved-PO Issued","728036781","","$664.50","KB LIGHTING MFG CO INC","KB LIGHTING MFG CO  INC","ROXBOROUGH MEMORIAL HOSPITAL","Repairs & Maintenance","","Kacey Krystopa","LIGHT BULBS","","11-17-2022 13:17:42","QUOTE# 1117221","ENG","84600","662500","","11-17-2022 15:16:21","admin","","$0.00"
"FPO0045130","Received","728036777","16157","$1,622.50","LIMBACH COMPANY LLC","LIMBACH COMPANY LLC","ROXBOROUGH MEMORIAL HOSPITAL","Repairs & Maintenance","","Kacey Krystopa","NOVEMBER PLUMBING REPAIRS Limbach is providing facility maintenance/plumbing services due to understaffed","","11-17-2022 11:24:54","WO# 184533","ENG","84600","662500","","02-27-2024 11:45:52","system","","$0.00"
"FPO0045129","Received","728036778","16086","$3,638.00","LIMBACH COMPANY LLC","LIMBACH COMPANY LLC","ROXBOROUGH MEMORIAL HOSPITAL","Repairs & Maintenance","","Kacey Krystopa","OCTOBER PLUMBING REPAIRS Limbach is providing facility maintenance/plumbing services due to understaffed","","11-17-2022 11:22:51","WO# 184384","ENG","84600","662500","","11-18-2022 07:28:22","kkrystopa@phsi.us","","$0.00"
"FPO0045107","Received","728036779","453","$576.00","FLOW DRAIN SERVICES","FLOW DRAIN SERVICES","ROXBOROUGH MEMORIAL HOSPITAL","Repairs & Maintenance","","Kacey Krystopa","UNCLOGGED MAIN DRAIN FROM MENS ROOM","","11-17-2022 09:00:37","","ENG","84600","662500","","11-18-2022 07:28:36","kkrystopa@phsi.us","","$0.00"
"FPO0045066","Approved-PO Issued","728036772","","$2,658.00","ELLIOTT LEWIS CORPORATION","ELLIOTT LEWIS","ROXBOROUGH MEMORIAL HOSPITAL","Purchased Services/Service Agreements","","Kacey Krystopa","IT LIEBERT HVAC UNIT QUARTERLY MAINTENANCE START DECEMBER 2022 - PREVIOUS PO 728031482","","11-16-2022 14:23:43","RENEWAL OF CAPITAL ASSET PROTECTION AGREEMENT","ENG","84600","669500","","09-30-2024 15:10:17","system","","$0.00"
"FPO0045030","Received","728036769","","$2,402.54","JOHNSON CONTROLS FIRE PROTECT","JOHNSON CONTROLS FIRE PROTECT","ROXBOROUGH MEMORIAL HOSPITAL","Repairs & Maintenance","","Kacey Krystopa","Sprinkler defeciency- cut and replace 6""piping","","11-16-2022 11:01:45","","ENG","84600","662500","","01-11-2023 13:16:36","kkrystopa@phsi.us","","$0.00"
"FPO0044958","Approved-PO Issued","728036753","","$480.00","SIEMENS INDUSTRY INC","SIEMENS INDUSTRY","ROXBOROUGH MEMORIAL HOSPITAL","Repairs & Maintenance","","Kacey Krystopa","tech remote log in to fix Cath lab picture issue on screen","","11-15-2022 10:36:45","SO# 5004536141","ENG","84600","662500","","11-15-2022 12:16:08","admin","","$0.00"
"FPO0044946","Received","728036739","448","$499.00","FLOW DRAIN SERVICES","FLOW DRAIN SERVICES","ROXBOROUGH MEMORIAL HOSPITAL","Repairs & Maintenance","","Kacey Krystopa","POWER SNAKE MAIN DRAIN ","","11-15-2022 09:23:36","","ENG","84600","662500","","11-16-2022 09:01:55","kkrystopa@phsi.us","","$0.00"
"FPO0044945","Received","728036752","IN256813","$490.00","ATIS ELEVATOR INSPECTIONS LLC","ATIS ELEVATOR INSPECTIONS LLC","ROXBOROUGH MEMORIAL HOSPITAL","Repairs & Maintenance","","Kacey Krystopa","SEMI ANNUAL ELEVATOR INSPECTION","","11-15-2022 09:18:41","","ENG","84600","662500","","02-15-2024 11:18:12","system","","$0.00"
"FPO0044940","Received","728036759","","$5,633.86","MAJOR MEDICAL HOSPITAL SVCS","MAJOR MEDICAL HOSPITAL SVCS","ROXBOROUGH MEMORIAL HOSPITAL","Repairs & Maintenance","","Kacey Krystopa","MED AIR DRYER NEW CARBON MONOXIDE DECT. AND DEW POINT MONITOR","","11-15-2022 08:28:18","QUOTE # 11274R","ENG","84600","662500","","05-03-2023 13:14:28","kkrystopa@phsi.us","","$0.00"
"FPO0044830","Received","728036722","430","$269.00","FLOW DRAIN SERVICES","FLOW DRAIN SERVICES","ROXBOROUGH MEMORIAL HOSPITAL","Repairs & Maintenance","","Kacey Krystopa","SNAKE BATHROOM SINK DRAIN RM 304","","11-14-2022 09:28:47","","ENG","84600","662500","","11-14-2022 13:07:28","kkrystopa@phsi.us","","$0.00"
"FPO0044819","Received","728036729","","$2,985.50","MAJOR MEDICAL HOSPITAL SVCS","MAJOR MEDICAL HOSPITAL SVCS","ROXBOROUGH MEMORIAL HOSPITAL","Repairs & Maintenance","","Kacey Krystopa","med air and med air dry maintenance","","11-14-2022 07:53:02","QUOTE# 12490","ENG","84600","662500","","03-27-2023 09:35:08","kkrystopa@phsi.us","","$0.00"
"FPO0044818","Received","728036721","","$919.00","MAJOR MEDICAL HOSPITAL SVCS","MAJOR MEDICAL HOSPITAL SVCS","ROXBOROUGH MEMORIAL HOSPITAL","Repairs & Maintenance","","Kacey Krystopa","Med vacuum oil and oil filter change","","11-14-2022 07:50:35","SQ# 12492","ENG","84600","662500","","05-03-2023 13:10:49","kkrystopa@phsi.us","","$0.00"
"FPO0044725","Received","728036700","","$4,000.00","LOCKATONG ENGINEERING INC","LOCKATONG ENGINEERING INC","ROXBOROUGH MEMORIAL HOSPITAL","Repairs & Maintenance","","Kacey Krystopa","2023 permit compliance evaul/padep annual emission report","","11-10-2022 14:20:05","","ENG","84600","662500","","10-02-2024 16:58:47","system","","$0.00"
"FPO0044722","Received","728036677","12454419","$280.00","CM3 BUILDING SOLUTIONS INC","CM3 BUILDING SOLUTIONS INC","ROXBOROUGH MEMORIAL HOSPITAL","Repairs & Maintenance","","Kacey Krystopa","LAB DOORS- NETWORK ERROR. REBOOTED SYSTEM","","11-10-2022 14:03:27","JOB # 27093289","ENG","84600","662500","","11-14-2022 09:51:23","kkrystopa@phsi.us","","$0.00"
"FPO0044711","Received","728036676","W16314","$801.00","INDEPENDENCE FIRE SPRINKLER CO","INDEPENDENCE FIRE SPRINKLER CO","ROXBOROUGH MEMORIAL HOSPITAL","Repairs & Maintenance","","Kacey Krystopa","SERVICE CALL FOR LEAKING FIRE PUMP","","11-10-2022 12:10:46","WO # S221259","ENG","84600","662500","","11-14-2022 09:46:04","kkrystopa@phsi.us","","$0.00"
"FPO0044674","Approved-PO Issued","728036672","","$213.00","SHERWIN WILLIAMS CO INC","SHERWIN WILLIAMS CO INC","ROXBOROUGH MEMORIAL HOSPITAL","Repairs & Maintenance","","Kacey Krystopa","School of nursing roller shade","","11-10-2022 08:53:45","","ENG","82200","662500","","09-04-2024 15:17:37","system","","$0.00"
"FPO0044542","Received","728036644","61731","$1,277.00","RAMM","RAMM INC","ROXBOROUGH MEMORIAL HOSPITAL","Repairs & Maintenance","","Kacey Krystopa","GYM UNITS GR FL SERVICED AIR HANDLERS","","11-08-2022 14:37:47","JOB ID: J51502","ENG","84600","662500","","11-10-2022 08:59:01","kkrystopa@phsi.us","","$0.00"
"FPO0044540","Received","728036643","61732","$2,427.00","RAMM","RAMM INC","ROXBOROUGH MEMORIAL HOSPITAL","Repairs & Maintenance","","Kacey Krystopa","AS1 MECH RM STEAM CONDENSATE LEAK","","11-08-2022 14:34:57","JOB # J51488","ENG","84600","662500","","11-10-2022 09:00:19","kkrystopa@phsi.us","","$0.00"
"FPO0044515","Approved-PO Issued","728036642","","$1,123.76","MEDLINE INDUSTRIES INC","MEDLINE INDUSTRIES INC DALLAS","ROXBOROUGH MEMORIAL HOSPITAL","Repairs & Maintenance","","Kacey Krystopa","curtain order","","11-08-2022 12:50:48","QUOTE # QT-87813/1","ENG","84400","662500","","11-08-2022 13:26:12","admin","","$0.00"
"FPO0044501","Received","728036639","","$750.00","C 3 TECHNOLOGIES LLC","C 3 TECHNOLOGIES LLC","ROXBOROUGH MEMORIAL HOSPITAL","Repairs & Maintenance","","Kacey Krystopa","BULK ANNUAL TESTING FOR EMS, OF, WALKTHROUGH","","11-08-2022 11:27:01","ESTIMATE 5225","ENG","84600","662500","","11-18-2022 12:28:20","kkrystopa@phsi.us","","$0.00"
"FPO0044476","Received","728036627","","$267.95","CHEMSEARCH FE","CHEMSEARCH FE","ROXBOROUGH MEMORIAL HOSPITAL","Repairs & Maintenance","","Kacey Krystopa","Emerge 12X32oz","","11-07-2022 14:27:07","QUOTE# US-FE-USFEF234-1972407","ENG","84600","662500","","05-26-2023 13:50:02","kkrystopa@phsi.us","","$0.00"
"FPO0044412","Received","728036607","","$52.80","GRAINGER","GRAINGER WW INC 860641950","ROXBOROUGH MEMORIAL HOSPITAL","Repairs & Maintenance","Status: Delivered
Delivery Details:
>City/State: Philadelphia, PA
>Date: 2022-11-07
>Signature Name: Signature on File
>Delivery location: null","Kacey Krystopa","black bed coating","","11-04-2022 13:26:59","","ENG","84600","662500","","01-05-2023 07:36:39","kkrystopa@phsi.us","Delivered","$0.00"
"FPO0044366","Received","728036724","5001915294","$750.08","TK ELEVATOR CORPORATION","THYSSEN KRUPP ELEVATOR CORP","ROXBOROUGH MEMORIAL HOSPITAL","Repairs & Maintenance","","Kacey Krystopa","ELEVATOR 6 NOT RESPONDING","","11-04-2022 09:09:05","SR# 68675530","ENG","84600","662500","","11-15-2022 09:44:52","kkrystopa@phsi.us","","$0.00"
"FPO0044334","Received","728036723","5001915284","$750.08","TK ELEVATOR CORPORATION","THYSSEN KRUPP ELEVATOR CORP","ROXBOROUGH MEMORIAL HOSPITAL","Repairs & Maintenance","","Kacey Krystopa","ELEVATOR 7 NOT RESPONDING","","11-03-2022 15:14:10","SR# 68670408","ENG","84600","662500","","11-15-2022 09:44:29","kkrystopa@phsi.us","","$0.00"
"FPO0044331","Received","728036590","000192","$300.00","TRI STAR FACILICARE","FACILICARE SOLUTIONS","ROXBOROUGH MEMORIAL HOSPITAL","Repairs & Maintenance","","Kacey Krystopa","main lobby, er, employee entrance","","11-03-2022 14:50:54","","ENG","84600","662500","","11-04-2022 09:26:13","kkrystopa@phsi.us","","$0.00"
"FPO0044327","Approved-PO Issued","728036587","","$2,400.00","RAMM","RAMM INC","ROXBOROUGH MEMORIAL HOSPITAL","Repairs & Maintenance","","Kacey Krystopa","REPLACE ELECTRIC HEATER IN CHILLER/PUMP RM","","11-03-2022 14:29:44","","ENG","84600","662500","","11-03-2022 16:51:37","admin","","$0.00"
"FPO0044326","Approved-PO Issued","728036593","","$5,450.00","RAMM","RAMM INC","ROXBOROUGH MEMORIAL HOSPITAL","Repairs & Maintenance","","Kacey Krystopa","REPLACE THREE 1"" IN CHECK VALVES","","11-03-2022 14:28:17","","ENG","84600","662500","","11-03-2022 16:51:38","admin","","$0.00"
"FPO0044325","Received","728036586","","$1,250.00","RAMM","RAMM INC","ROXBOROUGH MEMORIAL HOSPITAL","Repairs & Maintenance","","Kacey Krystopa","EXHAUST FAN REPAIR CHILLER RM","","11-03-2022 14:26:41","","ENG","84600","662500","","03-02-2023 14:47:14","kkrystopa@phsi.us","","$0.00"
"FPO0044321","Received","728036588","4871","$700.00","LOCKATONG ENGINEERING INC","LOCKATONG ENGINEERING INC","ROXBOROUGH MEMORIAL HOSPITAL","Repairs & Maintenance","","Kacey Krystopa","Underground Storage tank compliance","","11-03-2022 14:19:36","","ENG","84600","662500","","11-04-2022 09:27:52","kkrystopa@phsi.us","","$0.00"
"FPO0044311","Received","728036585","","$75.63","GRAINGER","GRAINGER WW INC 860641950","ROXBOROUGH MEMORIAL HOSPITAL","Repairs & Maintenance","Status: Delivered
Delivery Details:
>City/State: Philadelphia, PA
>Date: 2022-11-04
>Signature Name: Signature on File
>Delivery location: null","Kacey Krystopa","CABINET CATCH, BATTERIES, VACUUM REPAIR KIT","","11-03-2022 12:08:13","","ENG","84600","662500","","01-05-2023 07:34:58","kkrystopa@phsi.us","Delivered","$0.00"
"FPO0044277","Received","728036578","102522","$239.24","DARREN DANILOWICZ REFRIGERATIO","DARREN DANILOWICZ REFRIGERATIO","ROXBOROUGH MEMORIAL HOSPITAL","Repairs & Maintenance","","Kacey Krystopa","DIETARY I/M LEAKING","","11-03-2022 09:12:48","","ENG","84600","662500","","11-03-2022 14:01:58","kkrystopa@phsi.us","","$0.00"
"FPO0043689","Received","728036446","","$272.49","HILTI INC","HILTI INC","ROXBOROUGH MEMORIAL HOSPITAL","Repairs & Maintenance","","Kacey Krystopa","CORDLESS CIRCULAR SAW","","10-25-2022 12:49:43","","ENG","84600","662500","","02-08-2023 08:02:29","kkrystopa@phsi.us","","$0.00"
"FPO0043660","Approved-PO Issued","728036436","","$772.24","JAMES DOORCHECK","JAMES DOORCHECK","ROXBOROUGH MEMORIAL HOSPITAL","Repairs & Maintenance","","Kacey Krystopa","CUT MASTER/BLANK KEYS","","10-25-2022 08:31:44","","ENG","84600","662500","","01-13-2023 11:08:44","JCoake@phsi.us","","$0.00"
"FPO0043621","Received","728036430","","$69.02","GRAINGER","GRAINGER WW INC 860641950","ROXBOROUGH MEMORIAL HOSPITAL","Repairs & Maintenance","Status: Delivered
Delivery Details:
>City/State: Philadelphia, PA
>Date: 2022-10-26
>Signature Name: MHOSPITAL
>Delivery location: null","Kacey Krystopa","redline glass rod 20in 5/8 tube","","10-24-2022 13:46:19","","ENG","84600","662500","","11-21-2022 13:59:08","kkrystopa@phsi.us","Delivered","$0.00"
"FPO0043588","Received","728036579","12454235","$300.00","CM3 BUILDING SOLUTIONS INC","CM3 BUILDING SOLUTIONS INC","ROXBOROUGH MEMORIAL HOSPITAL","Repairs & Maintenance","","Kacey Krystopa","CAMERA IN IT ROOM NOT WORKING","","10-24-2022 10:44:21","","ENG","84600","662500","","11-03-2022 14:01:35","kkrystopa@phsi.us","","$0.00"
"FPO0043458","Received","728036423","15462","$4,513.50","LIMBACH COMPANY LLC","LIMBACH COMPANY LLC","ROXBOROUGH MEMORIAL HOSPITAL","Repairs & Maintenance","","Kacey Krystopa"," ""Limbach is providing facility maintenance/plumbing services due to understaffed"". ","","10-21-2022 07:29:24","","ENG","84600","662500","","10-24-2022 08:47:45","kkrystopa@phsi.us","","$0.00"
"FPO0043457","Received","728036410","14901","$1,201.50","LIMBACH COMPANY LLC","LIMBACH COMPANY LLC","ROXBOROUGH MEMORIAL HOSPITAL","Repairs & Maintenance","","Kacey Krystopa"," ""Limbach is providing facility maintenance/plumbing services due to understaffed"". ","","10-21-2022 07:25:56","","ENG","84600","662500","","10-24-2022 08:47:29","kkrystopa@phsi.us","","$0.00"
"FPO0043384","Received","728036390","","$269.00","FLOW DRAIN SERVICES","FLOW DRAIN SERVICES","ROXBOROUGH MEMORIAL HOSPITAL","Repairs & Maintenance","","Kacey Krystopa","CUT OUT SINK DRAIN, INSTALL NEW DRAIN LINE","","10-20-2022 09:48:53","","ENG","84600","662500","","11-03-2022 07:51:46","kkrystopa@phsi.us","","$0.00"
"FPO0043221","Received","728036360","61540","$2,544.00","RAMM","RAMM INC","ROXBOROUGH MEMORIAL HOSPITAL","Repairs & Maintenance","","Kacey Krystopa","PENTHOUSE STEAM TRAP AND RELIEF DRAIN","","10-18-2022 08:14:20","JOB# J51352","ENG","84600","662500","","10-19-2022 07:45:09","kkrystopa@phsi.us","","$0.00"
"FPO0043081","Approved-PO Issued","728036325","","$83.64","UNIFIRST CORP","UNIFIRST CORP","ROXBOROUGH MEMORIAL HOSPITAL","Repairs & Maintenance","","Kacey Krystopa","employee rain coats","","10-14-2022 10:19:41","","ENG","84600","662500","","06-13-2023 09:40:42","system","","$0.00"
"FPO0043015","Received","728036311","","$21.50","GRAINGER","GRAINGER WW INC 860641950","ROXBOROUGH MEMORIAL HOSPITAL","Repairs & Maintenance","Status: Delivered
Delivery Details:
>City/State: Philadelphia, PA
>Date: 2022-10-14
>Signature Name: Signature on File
>Delivery location: null","Kacey Krystopa","light bulbs","","10-13-2022 12:35:12","","ENG","84600","662500","","11-21-2022 13:58:06","kkrystopa@phsi.us","Delivered","$0.00"
"FPO0042982","Received","728036359","13877","$2,576.00","LIMBACH COMPANY LLC","LIMBACH COMPANY LLC","ROXBOROUGH MEMORIAL HOSPITAL","Repairs & Maintenance","","Kacey Krystopa","SON PLUMBING REPAIRS- ""Limbach is providing facility maintenance/plumbing services due to understaffed"". ","","10-13-2022 07:43:49","WO# 181981","ENG","84600","662500","","10-19-2022 07:23:23","kkrystopa@phsi.us","","$0.00"
"FPO0042981","Received","728036358","13877A","$4,416.00","LIMBACH COMPANY LLC","LIMBACH COMPANY LLC","ROXBOROUGH MEMORIAL HOSPITAL","Repairs & Maintenance","","Kacey Krystopa","REPLACEMENT VALVE, FAUCET, TRAPS- ""Limbach is providing facility maintenance/plumbing services due to understaffed"". ","","10-13-2022 07:41:13","WO# 181981","ENG","84600","662500","","10-19-2022 07:24:55","kkrystopa@phsi.us","","$0.00"
"FPO0042980","Received","728036309","13877B","$1,472.00","LIMBACH COMPANY LLC","LIMBACH COMPANY LLC","ROXBOROUGH MEMORIAL HOSPITAL","Repairs & Maintenance","","Kacey Krystopa","1ST FL FAUCET AND DRAIN REPLACEMENT","","10-13-2022 07:39:47","WO# 181981","ENG","84600","662500","","10-17-2022 07:49:24","kkrystopa@phsi.us","","$0.00"
"FPO0042979","Received","728036310","13877C","$1,017.50","LIMBACH COMPANY LLC","LIMBACH COMPANY LLC","ROXBOROUGH MEMORIAL HOSPITAL","Repairs & Maintenance","","Kacey Krystopa","SON FLUSH VALVE REPAIRS","","10-13-2022 07:37:29","WO# 181981","ENG","84600","662500","","10-17-2022 07:49:48","kkrystopa@phsi.us","","$0.00"
"FPO0042978","Received","728036308","13877D","$1,472.00","LIMBACH COMPANY LLC","LIMBACH COMPANY LLC","ROXBOROUGH MEMORIAL HOSPITAL","Repairs & Maintenance","","Kacey Krystopa","PLUMBING REPAIRS","","10-13-2022 07:35:50","WO# 181981","ENG","84600","662500","","10-17-2022 08:07:37","kkrystopa@phsi.us","","$0.00"
"FPO0042941","Approved-PO Issued","728036300","","$1,860.00","ELLIOTT LEWIS CORPORATION","ELLIOTT LEWIS","ROXBOROUGH MEMORIAL HOSPITAL","Repairs & Maintenance","","Kacey Krystopa","REPLACE BLOWER ASSEMBLY, COMPRESSOR, CONTACTORS","","10-12-2022 13:08:29","","ENG","70830","662500","","10-12-2022 19:26:21","admin","","$0.00"
"FPO0042824","Approved-PO Issued","728036292","","$1,482.70","CURBELL MEDICAL PRODUCTS INC","CURBELL MEDICAL PRODUCTS INC","ROXBOROUGH MEMORIAL HOSPITAL","Repairs & Maintenance","","Kacey Krystopa","Gen4 Plus call bells","","10-11-2022 11:34:17","","ENG","84600","662500","","05-03-2024 08:56:00","system","","$0.00"
"FPO0042797","Approved-PO Issued","728036289","","$2,082.84","SIEMENS INDUSTRY INC","SIEMENS INDUSTRY  INC","ROXBOROUGH MEMORIAL HOSPITAL","Repairs & Maintenance","","Kacey Krystopa","AS1 HUMIDITY SENSOR REPLACEMENT","","10-11-2022 07:22:48","PROPOSAL# CTS-4455","ENG","84600","662500","","10-11-2022 13:26:12","admin","","$0.00"
"FPO0042725","Approved-PO Issued","728036288","","$55,113.00","MMSR LLC","MMSR LLC","ROXBOROUGH MEMORIAL HOSPITAL","Purchased Services/Service Agreements","","Kacey Krystopa","2022-2023 Snow Removal Service Agreement","","10-10-2022 09:32:40","2022-2023 SNOW REMOVAL/DE-ICING","ENG","84600","669500","","09-25-2024 13:17:47","system","","$0.00"
"FPO0042715","Received","728036248","61494","$1,341.00","RAMM","RAMM INC","ROXBOROUGH MEMORIAL HOSPITAL","Repairs & Maintenance","","Kacey Krystopa","PENTHOUSE MEDIUM PRESSURE/KITCHEN STEAM","","10-10-2022 07:30:26","","ENG","84600","662500","","10-10-2022 10:24:27","kkrystopa@phsi.us","","$0.00"
"FPO0042686","Received","728036273","61495","$5,561.00","RAMM","RAMM INC","ROXBOROUGH MEMORIAL HOSPITAL","Repairs & Maintenance","","Kacey Krystopa","AS-1 RADIATION PUMP","","10-07-2022 14:05:09","JOB# J50322","ENG","84600","662500","","10-11-2022 07:42:39","kkrystopa@phsi.us","","$0.00"
"FPO0042681","Received","728036262","8735","$485.00","KLENZOID INC","KLENZOID INC","ROXBOROUGH MEMORIAL HOSPITAL","Repairs & Maintenance","","Kacey Krystopa","CULTURING LEGIONELLA","","10-07-2022 13:05:03","","ENG","84600","662500","","02-12-2024 12:38:32","system","","$0.00"
"FPO0042652","Received","728036263","12454062","$300.00","CM3 BUILDING SOLUTIONS INC","CM3 BUILDING SOLUTIONS INC","ROXBOROUGH MEMORIAL HOSPITAL","Repairs & Maintenance","","Kacey Krystopa","MOB DOORS NOT LOCKING","","10-07-2022 09:16:46","JOB# 26618539","ENG","84200","662500","","10-10-2022 14:42:11","kkrystopa@phsi.us","","$0.00"
"FPO0042650","Received","728036264","59214","$280.00","CM3 BUILDING SOLUTIONS INC","CM3 BUILDING SOLUTIONS INC","ROXBOROUGH MEMORIAL HOSPITAL","Repairs & Maintenance","","Kacey Krystopa","LAB CAMERA VIDEO NOT WORKING","","10-07-2022 09:15:18","","ENG","84600","662500","","10-10-2022 14:41:11","kkrystopa@phsi.us","","$0.00"
"FPO0042648","Received","728036265","404","$756.00","FLOW DRAIN SERVICES","FLOW DRAIN SERVICES","ROXBOROUGH MEMORIAL HOSPITAL","Repairs & Maintenance","","Kacey Krystopa","VENT COVER REPLACEMENT","","10-07-2022 09:09:48","","ENG","84600","662500","","10-10-2022 14:39:47","kkrystopa@phsi.us","","$0.00"
"FPO0042565","Received","728036203","","$250.38","GRAINGER","GRAINGER WW INC 860641950","ROXBOROUGH MEMORIAL HOSPITAL","Repairs & Maintenance","Status: Delivered
Delivery Details:
>City/State: Philadelphia, PA
>Date: 2022-10-07
>Signature Name: Signature on File
>Delivery location: null","Kristi Toy","PNEUMATIC TSTAT","","10-06-2022 07:41:40","","ENG","84600","662500","","11-21-2022 13:57:12","system","Delivered","$0.00"
"FPO0042499","Received","728036200","","$593.89","LABOV SUPPLY CO INC","LABOV SUPPLY CO INC THE","ROXBOROUGH MEMORIAL HOSPITAL","Repairs & Maintenance","","Kacey Krystopa","PLUMBING SUPPLIES","","10-05-2022 09:22:45","ORDER # S1516072","ENG","84600","662500","","10-19-2022 07:19:12","kkrystopa@phsi.us","","$0.00"
"FPO0042497","Received","728036290","35803","$2,006.00","MAJOR MEDICAL HOSPITAL SVCS","MAJOR MEDICAL HOSPITAL SVCS","ROXBOROUGH MEMORIAL HOSPITAL","Repairs & Maintenance","","Kacey Krystopa","MED AIR PENTHOUSE CONTACTORS TRIPPING","","10-05-2022 09:16:19","WO# 12599,15128826","ENG","84600","662500","","10-19-2022 07:47:37","kkrystopa@phsi.us","","$0.00"
"FPO0042433","Approved-PO Issued","728036191","","$9,193.14","JOHNSON CONTROLS FIRE PROTECT","JOHNSON CONTROLS FIRE PROTECT","ROXBOROUGH MEMORIAL HOSPITAL","Repairs & Maintenance","","Kacey Krystopa","5 YR INTERNAL PIPE INSPECTION","","10-04-2022 08:39:30","SR# 52804026","ENG","84600","662500","","04-25-2023 19:49:35","admin","","$0.00"
"FPO0042432","Approved-PO Issued","728036190","","$10,546.00","JOHNSON CONTROLS FIRE PROTECT","JOHNSON CONTROLS FIRE PROTECT","ROXBOROUGH MEMORIAL HOSPITAL","Repairs & Maintenance","","Kacey Krystopa","SPRINKLER DEFECIENCIES","","10-04-2022 08:37:58","SR# 52804026","ENG","84600","662500","","02-26-2024 19:56:43","system","","$0.00"
"FPO0042366","Received","728036159","","$5,000.00","TRI STAR FACILICARE","FACILICARE SOLUTIONS","ROXBOROUGH MEMORIAL HOSPITAL","Repairs & Maintenance","","Kacey Krystopa","Son, hospital window washing","","10-03-2022 11:02:47","PROPOSAL# 000404-R0","ENG","84400","662500","","11-03-2022 07:58:08","kkrystopa@phsi.us","","$0.00"
"FPO0042362","Received","728036156","61406","$2,316.00","RAMM","RAMM INC","ROXBOROUGH MEMORIAL HOSPITAL","Repairs & Maintenance","","Kacey Krystopa","ADMIN OFFICE HONEYWELL UNIT LEAK","","10-03-2022 10:18:27","","ENG","84600","662500","","10-05-2022 09:29:15","kkrystopa@phsi.us","","$0.00"
"FPO0042361","Received","728036158","61405","$745.00","RAMM","RAMM INC","ROXBOROUGH MEMORIAL HOSPITAL","Repairs & Maintenance","","Kacey Krystopa","MORGUE THERMOMETER RED ZONE","","10-03-2022 10:16:03","","ENG","84600","662500","","10-10-2022 14:44:00","kkrystopa@phsi.us","","$0.00"
"FPO0042358","Received","728036157","61404","$1,639.00","RAMM","RAMM INC","ROXBOROUGH MEMORIAL HOSPITAL","Repairs & Maintenance","","Kacey Krystopa","ALARM ON AS1 RETURN FAN","","10-03-2022 09:58:18","","ENG","84600","662500","","10-05-2022 09:29:53","kkrystopa@phsi.us","","$0.00"
"FPO0042357","Received","728036158","61403","$447.00","RAMM","RAMM INC","ROXBOROUGH MEMORIAL HOSPITAL","Repairs & Maintenance","","Kacey Krystopa","REPLACED ALL PREFILTERS","","10-03-2022 09:35:10","","ENG","84600","662500","","10-10-2022 14:43:43","kkrystopa@phsi.us","","$0.00"
"FPO0042295","Received","728036136","38154","$654.00","ELECTRONIC SECURITY SOLUTIONS","ELECTRONIC SECURITY SOLUTIONS","ROXBOROUGH MEMORIAL HOSPITAL","Repairs & Maintenance","","Kacey Krystopa","FIRE ALARM PANEL TROUBLE CODE","","09-30-2022 07:29:56","","ENG","84600","662500","","03-15-2024 10:41:52","system","","$0.00"
"FPO0042282","Received","728036130","","$152.66","GRAINGER","GRAINGER WW INC 860641950","ROXBOROUGH MEMORIAL HOSPITAL","Repairs & Maintenance","609503371854
Status: Delivered
>Date: 2022-10-03
>City/State: Philadelphia, PA
>Signature Name: Signature on File

 187435537906
Status: Delivered
>Date: 2022-10-03
>City/State: Philadelphia, PA
>Signature Name: Signature on File

","Kacey Krystopa","maintenance supplies","","09-29-2022 14:55:16","","ENG","84600","662500","","11-21-2022 13:55:40","kkrystopa@phsi.us","Delivered","$0.00"
"FPO0042252","Received","728036131","378","$2,178.00","FLOW DRAIN SERVICES","FLOW DRAIN SERVICES","ROXBOROUGH MEMORIAL HOSPITAL","Repairs & Maintenance","","Kacey Krystopa","PIPE CUT OUT AND REPLACED IN SPD","","09-29-2022 09:52:32","","ENG","84600","662500","","10-03-2022 13:56:12","kkrystopa@phsi.us","","$0.00"
"FPO0042251","Received","728036121","","$2,417.00","FLOW DRAIN SERVICES","FLOW DRAIN SERVICES","ROXBOROUGH MEMORIAL HOSPITAL","Repairs & Maintenance","","Kacey Krystopa","cut out and remove pipe, install new pipe","","09-29-2022 09:51:10","QUOTE# 104","ENG","84600","662500","","03-08-2024 13:44:24","system","","$0.00"
"FPO0042227","Received","728036108","","$675.00","CHRIS KRYSTOPA PAINTING","CHRIS KRYSTOPA PAINTING","ROXBOROUGH MEMORIAL HOSPITAL","Repairs & Maintenance","","Kacey Krystopa","REPLACE CONCRETE INFRONT OF SON","","09-28-2022 15:18:22","","ENG","82200","662500","","11-03-2022 08:11:01","kkrystopa@phsi.us","","$0.00"
"FPO0042180","Rejected","","","$1,978.71","UNIFIRST CORP","UNIFIRST CORP","ROXBOROUGH MEMORIAL HOSPITAL","Repairs & Maintenance","","Kacey Krystopa","SECURITY UNIFORMS","","09-28-2022 08:23:46","","ENG","84200","662500","","06-13-2023 09:41:02","system","","$0.00"
"FPO0042081","Received","728036102","38125","$2,400.00","ELECTRONIC SECURITY SOLUTIONS","ELECTRONIC SECURITY SOLUTIONS","ROXBOROUGH MEMORIAL HOSPITAL","Repairs & Maintenance","","Kacey Krystopa","Annual fire alarm inspection","","09-27-2022 09:13:51","JOB# D013182","ENG","70830","662500","","09-28-2022 15:19:57","kkrystopa@phsi.us","","$0.00"
"FPO0042004","Approved-PO Issued","728036079","","$539.95","STRYKER SALES LLC","STRYKER MEDICAL","ROXBOROUGH MEMORIAL HOSPITAL","Repairs & Maintenance","","Kacey Krystopa","install new bed parts","","09-26-2022 07:18:30","","ENG","84400","662500","*Attn; Kacey Krystopa - ENG *install new bed parts","12-30-2024 20:25:31","system","","$0.00"
"FPO0042003","Approved-PO Issued","728036080","","$72.50","STRYKER SALES LLC","STRYKER MEDICAL","ROXBOROUGH MEMORIAL HOSPITAL","Repairs & Maintenance","","Kacey Krystopa","Power coed wire coming out of bed","","09-26-2022 07:15:16","","ENG","84400","662500","","09-26-2022 10:55:59","admin","","$0.00"
"FPO0041934","Received","728036075","61334","$894.00","RAMM","RAMM INC","ROXBOROUGH MEMORIAL HOSPITAL","Repairs & Maintenance","","Kacey Krystopa","AC-1 NOT RESETTING","","09-23-2022 09:23:19","","ENG","84600","662500","","09-26-2022 09:55:58","kkrystopa@phsi.us","","$0.00"
"FPO0041731","Received","728036074","61335","$596.00","RAMM","RAMM INC","ROXBOROUGH MEMORIAL HOSPITAL","Repairs & Maintenance","","Kacey Krystopa","BOILER #2 HIGH WATER LEVEL","","09-20-2022 12:24:19","","ENG","84600","662500","","09-26-2022 09:56:16","kkrystopa@phsi.us","","$0.00"
"FPO0041683","Received","728035913","","$81.95","GRAINGER","GRAINGER WW INC 860641950","ROXBOROUGH MEMORIAL HOSPITAL","Repairs & Maintenance","Status: Delivered
Delivery Details:
>City/State: Philadelphia, PA
>Date: 2022-09-20
>Signature Name: MHOSPITAL
>Delivery location: null","Kacey Krystopa","cfl ballast 120-277V","","09-19-2022 14:55:07","","ENG","84600","662500","","11-22-2022 16:46:12","admin","Delivered","$0.00"
"FPO0041622","Received","728035988","61293","$447.00","RAMM","RAMM INC","ROXBOROUGH MEMORIAL HOSPITAL","Repairs & Maintenance","","Kacey Krystopa","Wound care unit frozen","","09-16-2022 14:09:05","","ENG","84600","662500","","09-26-2022 09:55:28","kkrystopa@phsi.us","","$0.00"
"FPO0041621","Approved-PO Issued","728035896","","$1,200.00","ELLIOTT LEWIS CORPORATION","ELLIOTT LEWIS","ROXBOROUGH MEMORIAL HOSPITAL","Purchased Services/Service Agreements","","Kacey Krystopa","IT SPLIT SYSTEM CLEANING","","09-16-2022 14:07:15","HVAC PM SERVICE - CAPITAL ASSET PROTECTION AGREEME","ENG","84600","669500","","09-20-2022 13:42:40","system","","$0.00"
"FPO0041543","Received","728035877","","$303.71","GRAINGER","GRAINGER WW INC 860641950","ROXBOROUGH MEMORIAL HOSPITAL","Repairs & Maintenance","Status: Delivered
Delivery Details:
>City/State: Philadelphia, PA
>Date: 2022-09-16
>Signature Name: Signature on File
>Delivery location: null","Kacey Krystopa","motion sensor faucet","","09-15-2022 13:14:18","","ENG","84600","662500","","11-21-2022 13:51:21","kkrystopa@phsi.us","Delivered","$0.00"
"FPO0041540","Received","728035876","","$1,866.30","GP ENERGY PRODUCTS LLC","GP ENERGY PRODUCTS LLC","ROXBOROUGH MEMORIAL HOSPITAL","Repairs & Maintenance","","Kacey Krystopa","boiler parts","","09-15-2022 12:45:52","","ENG","84600","662500","","06-06-2023 11:18:04","system","","$0.00"
"FPO0041519","Received","728035868","","$450.00","AIR LINK INTERNATIONAL","AIR LINK INTERNATIONAL","ROXBOROUGH MEMORIAL HOSPITAL","Repairs & Maintenance","","Kacey Krystopa","4' Hi Performance pres/vac blower","","09-15-2022 07:11:58","","ENG","84600","662500","","09-13-2024 09:23:50","system","","$0.00"
"FPO0041484","Received","728035862","","$110.06","GRAINGER","GRAINGER WW INC 860641950","ROXBOROUGH MEMORIAL HOSPITAL","Repairs & Maintenance","Status: Delivered
Delivery Details:
>City/State: Philadelphia, PA
>Date: 2022-09-15
>Signature Name: Signature on File
>Delivery location: null","Kacey Krystopa","pull out plug, plumbers putty","","09-14-2022 15:02:55","","ENG","84600","662500","","11-22-2022 16:46:10","admin","Delivered","$0.00"
"FPO0041410","Received","728035859","","$50.96","GRAINGER","GRAINGER WW INC 860641950","ROXBOROUGH MEMORIAL HOSPITAL","Repairs & Maintenance","Status: Delivered
Delivery Details:
>City/State: Philadelphia, PA
>Date: 2022-09-15
>Signature Name: Signature on File
>Delivery location: null","Kacey Krystopa","9v battery 12pk","","09-13-2022 14:03:50","","ENG","84600","662500","","11-22-2022 16:41:08","admin","Delivered","$0.00"
"FPO0041326","Received","728035814","61250","$2,680.00","RAMM","RAMM INC","ROXBOROUGH MEMORIAL HOSPITAL","Repairs & Maintenance","","Kacey Krystopa","AS-1 RETURN FAN SERVICE CALL","","09-12-2022 12:54:47","","ENG","84600","662500","","09-12-2022 15:38:23","kkrystopa@phsi.us","","$0.00"
"FPO0041175","Received","728035773","","$445.28","GRAINGER","GRAINGER WW INC 860641950","ROXBOROUGH MEMORIAL HOSPITAL","Repairs & Maintenance","","Kacey Krystopa","Georgian ceiling tile 4 packs","","09-08-2022 12:30:43","","ENG","84600","662500","","11-21-2022 13:47:55","kkrystopa@phsi.us","","$0.00"
"FPO0041162","Received","728035771","8424","$1,295.00","KLENZOID INC","KLENZOID INC","ROXBOROUGH MEMORIAL HOSPITAL","Repairs & Maintenance","","Kacey Krystopa","CULTURING LEGIONELLA","","09-08-2022 10:31:22","","ENG","84600","662500","","09-09-2022 07:47:02","kkrystopa@phsi.us","","$0.00"
"FPO0041091","Received","728035753","","$440.40","LABOV SUPPLY CO INC","LABOV SUPPLY CO INC THE","ROXBOROUGH MEMORIAL HOSPITAL","Repairs & Maintenance","","Kacey Krystopa","2 gooseneck faucets","","09-07-2022 11:29:20","","ENG","84600","662500","","12-02-2022 09:04:55","kkrystopa@phsi.us","","$0.00"
"FPO0040966","Received","728035723","61139","$745.00","RAMM","RAMM INC","ROXBOROUGH MEMORIAL HOSPITAL","Repairs & Maintenance","","Kacey Krystopa","REPLACED ALL FILTERS AND CLEARED ALL MINI SPLIT FILTERS","","09-06-2022 09:45:44","","ENG","84600","662500","","09-06-2022 10:44:01","kkrystopa@phsi.us","","$0.00"
"FPO0040964","Received","728035724","61140","$972.00","RAMM","RAMM INC","ROXBOROUGH MEMORIAL HOSPITAL","Repairs & Maintenance","","Kacey Krystopa","LAB DAIKIN NOT COOLING","","09-06-2022 09:36:41","","ENG","84600","662500","","09-06-2022 10:43:11","kkrystopa@phsi.us","","$0.00"
"FPO0040963","Received","728035719","61141","$298.00","RAMM","RAMM INC","ROXBOROUGH MEMORIAL HOSPITAL","Repairs & Maintenance","","Kacey Krystopa","CLEARED BLOCKED RETURN VENTS, ADJUST AS-1","","09-06-2022 09:33:26","","ENG","84600","662500","","09-06-2022 10:42:21","kkrystopa@phsi.us","","$0.00"
"FPO0040961","Received","728035718","61138","$745.00","RAMM","RAMM INC","ROXBOROUGH MEMORIAL HOSPITAL","Repairs & Maintenance","","Kacey Krystopa","SERVICE CALL FOR OR STORAGE RM NOT GETTING AIRFLOW","","09-06-2022 09:29:44","","ENG","84600","662500","","09-06-2022 10:41:38","kkrystopa@phsi.us","","$0.00"
"FPO0040959","Received","728035716","61137","$1,117.50","RAMM","RAMM INC","ROXBOROUGH MEMORIAL HOSPITAL","Repairs & Maintenance","","Kacey Krystopa","REUTURN FAN IN MOTOR OVERTEMP","","09-06-2022 09:09:10","","ENG","84600","662500","","12-22-2023 16:38:48","admin","","$0.00"
"FPO0040956","Received","728035720","61136","$1,192.00","RAMM","RAMM INC","ROXBOROUGH MEMORIAL HOSPITAL","Repairs & Maintenance","","Kacey Krystopa","FIXED ROOM PRESSURE ALARM","","09-06-2022 08:24:08","","ENG","84600","662500","","09-06-2022 10:38:29","kkrystopa@phsi.us","","$0.00"
"FPO0040862","Approved-PO Issued","728035683","","$2,631.00","ELLIOTT LEWIS CORPORATION","ELLIOTT LEWIS","ROXBOROUGH MEMORIAL HOSPITAL","Repairs & Maintenance","","Kacey Krystopa","REPLACE LP TRANSDUCER, HARNESS, AND RECHARGE UNIT","","09-01-2022 13:10:33","PROPOSAL 9/1/22","ENG","84600","662500","","09-01-2022 13:56:26","admin","","$0.00"
"FPO0040783","Received","728035657","","$148.07","HILTI INC","HILTI INC","ROXBOROUGH MEMORIAL HOSPITAL","Repairs & Maintenance","","Kacey Krystopa","Vacuum bag","","08-31-2022 13:35:04","QTE # 925639416","ENG","84600","662500","","09-06-2022 11:20:14","kkrystopa@phsi.us","","$0.00"
"FPO0040633","Approved-PO Issued","728035619","","$2,072.00","SECURITAS HEALTHCARE LLC","SECURITAS HEALTHCARE LLC","ROXBOROUGH MEMORIAL HOSPITAL","Repairs & Maintenance","","Kacey Krystopa","call bells","","08-30-2022 08:50:06","","ENG","84600","662500","","08-30-2022 09:35:57","admin","","$0.00"
"FPO0040546","Received","728035612","","$180.72","GRAINGER","GRAINGER WW INC 860641950","ROXBOROUGH MEMORIAL HOSPITAL","Repairs & Maintenance","601526394189
Status: Delivered
>Date: 2022-08-30
>City/State: Philadelphia, PA
>Signature Name: Signature on File

 601526394190
Status: Delivered
>Date: 2022-08-30
>City/State: Philadelphia, PA
>Signature Name: Signature on File

","Kacey Krystopa","12 air king 6"" fans","","08-29-2022 08:00:10","","ENG","84600","662500","","10-14-2022 11:33:16","ktoy@phsi.us","Delivered","$0.00"
"FPO0040545","Approved-PO Issued","728035616","","$2,589.00","CM3 BUILDING SOLUTIONS INC","CM3 BUILDING SOLUTIONS INC","ROXBOROUGH MEMORIAL HOSPITAL","Repairs & Maintenance","","Kacey Krystopa","camera upgrades","","08-29-2022 07:30:51","","ENG","84600","662500","","08-29-2022 10:10:54","admin","","$0.00"
"FPO0040481","Received","728035607","61051","$2,358.00","RAMM","RAMM INC","ROXBOROUGH MEMORIAL HOSPITAL","Repairs & Maintenance","","Kacey Krystopa","MAMMOGRAPHY REHEAT LEAK","","08-26-2022 10:15:28","","ENG","84600","662500","","08-29-2022 07:36:22","kkrystopa@phsi.us","","$0.00"
"FPO0040480","Received","728035606","61050","$311.00","RAMM","RAMM INC","ROXBOROUGH MEMORIAL HOSPITAL","Repairs & Maintenance","","Kacey Krystopa","NEW FILTERS AND BELTS FOR REHAB","","08-26-2022 10:13:49","","ENG","84600","662500","","08-29-2022 07:36:46","kkrystopa@phsi.us","","$0.00"
"FPO0040479","Received","728035605","61049","$894.00","RAMM","RAMM INC","ROXBOROUGH MEMORIAL HOSPITAL","Repairs & Maintenance","","Kacey Krystopa","WATER LEAK IN GERO","","08-26-2022 10:12:35","","ENG","84600","662500","","08-29-2022 07:38:29","kkrystopa@phsi.us","","$0.00"
"FPO0040477","Received","728035604","000055","$300.00","TRI STAR FACILICARE","FACILICARE SOLUTIONS","ROXBOROUGH MEMORIAL HOSPITAL","Repairs & Maintenance","","Kacey Krystopa","main lobby, er, employee entrance window cleaning","","08-26-2022 10:06:17","","ENG","84600","662500","","08-29-2022 07:40:32","kkrystopa@phsi.us","","$0.00"
"FPO0040460","Approved-PO Issued","728035597","","$1,040.00","ICP MEDICAL LLC","ICP MEDICAL LLC","ROXBOROUGH MEMORIAL HOSPITAL","Repairs & Maintenance","","Kacey Krystopa","PRIVACY CURTAINS","","08-26-2022 07:23:15","","ENG","84400","662500","","08-26-2022 11:26:09","admin","","$0.00"
"FPO0040458","Received","728035608","","$4,475.00","RAMM","RAMM INC","ROXBOROUGH MEMORIAL HOSPITAL","Repairs & Maintenance","","Kacey Krystopa","REPLACE BLOWDOWN DRAIN BOILER RM","","08-26-2022 07:08:10","","ENG","84600","662500","","10-07-2022 13:40:04","kkrystopa@phsi.us","","$0.00"
"FPO0040435","Approved-PO Issued","728035595","","$175.00","FOLLETT PRODUCTS LLC","FOLLETT PRODUCTS LLC","ROXBOROUGH MEMORIAL HOSPITAL","Repairs & Maintenance","","Kacey Krystopa","Nu-Calgon IMS Sanitizer","","08-25-2022 15:03:59","","ENG","84600","662500","","08-25-2022 16:51:25","admin","","$0.00"
"FPO0040410","Rejected","","","$30,000.00","SCHADE ENGINEERING INC","SCHADE ENGINEERING","ROXBOROUGH MEMORIAL HOSPITAL","Repairs & Maintenance","","Kacey Krystopa","BUILDING TUNE UP FOR FACILITY ENERGY AND WATER PERFORMANCE","","08-25-2022 11:34:02","","ENG","84500","662500","","08-25-2022 14:18:30","rseth@phsi.us","","$0.00"
"FPO0040407","Received","728035593","36919","$784.75","LIMA COMPANY","LIMA COMPANY","ROXBOROUGH MEMORIAL HOSPITAL","Repairs & Maintenance","","Kacey Krystopa","cracks in main drain line. cleared line","","08-25-2022 10:47:23","","ENG","84600","662500","","08-26-2022 07:28:34","kkrystopa@phsi.us","","$0.00"
"FPO0040402","Received","728035578","36994","$278.00","LIMA COMPANY","LIMA COMPANY","ROXBOROUGH MEMORIAL HOSPITAL","Repairs & Maintenance","","Kacey Krystopa","cracked sewer pipe","","08-25-2022 09:37:08","","ENG","84600","662500","","08-26-2022 07:28:51","kkrystopa@phsi.us","","$0.00"
"FPO0040398","Received","728035576","","$456.69","HILTI INC","HILTI INC","ROXBOROUGH MEMORIAL HOSPITAL","Repairs & Maintenance","","Kacey Krystopa","VACCUM WITH BATTERY AND FILTERS","","08-25-2022 09:11:06","","ENG","84600","662500","","10-04-2024 14:11:15","system","","$0.00"
"FPO0040394","Received","728035573","5834124","$306.02","BILLOWS ELECTRIC SUPPLY COMPAN","BILLOWS ELECTRIC SUPPLY","ROXBOROUGH MEMORIAL HOSPITAL","Repairs & Maintenance","","Kristi Toy","ELECTRICAL SUPPLY BREAKER","","08-25-2022 07:48:19","","ENG","84600","662500","","08-25-2022 13:31:55","ktoy@phsi.us","","$0.00"
"FPO0040392","Received","728035574","","$228.34","GRAINGER","GRAINGER WW INC 860641950","ROXBOROUGH MEMORIAL HOSPITAL","Repairs & Maintenance","Status: Delivered
Delivery Details:
>City/State: Philadelphia, PA
>Date: 2022-08-26
>Signature Name: Signature not required
>Delivery location: null","Kacey Krystopa","switch plate thermometer","","08-25-2022 07:07:38","","ENG","84600","662500","","09-15-2022 08:11:14","ktoy@phsi.us","Delivered","$0.00"
"FPO0040285","Approved-PO Issued","728035596","","$24,624.72","DC GROUP INC","DC GROUP INC","ROXBOROUGH MEMORIAL HOSPITAL","Repairs & Maintenance","","Kacey Krystopa","BATTERY INSTALLATION ON UPS UNIT","","08-23-2022 13:43:51","QUOTE# 0000632737","ENG","76390","662500","","04-22-2024 14:34:10","system","","$0.00"
"FPO0040234","Received","728035539","60968","$447.00","RAMM","RAMM INC","ROXBOROUGH MEMORIAL HOSPITAL","Repairs & Maintenance","","Kacey Krystopa","AC2 CONTROL SAFETY ISSUES","","08-23-2022 10:09:31","","ENG","84600","662500","","08-25-2022 15:10:44","kkrystopa@phsi.us","","$0.00"
"FPO0040084","Received","728035540","INV-105014","$9,454.11","VEOLIA NORTH AMERICA INC","VEOLIA ENVIRON SVCS","ROXBOROUGH MEMORIAL HOSPITAL","Repairs & Maintenance","","Kacey Krystopa","WASTE REMOVAL SERVICE - LIGHT BULBS, BATTERIES, MERCURY CONTAMINATED ITEMS, CARBON FILTERS, LEAD APRONS, ETO CARTRIDGES (BIO MED)","","08-19-2022 12:48:26","WASTE REMOVAL SERVICE","ENG","84601","662500","","04-02-2024 09:43:58","system","","$0.00"
"FPO0040050","Approved-PO Issued","728035531","","$1,064.00","ELLIOTT LEWIS CORPORATION","ELLIOTT LEWIS","ROXBOROUGH MEMORIAL HOSPITAL","Purchased Services/Service Agreements","","Kacey Krystopa","HVAC QUARTERLY MAINTENACE CONTRACT PREVIOUS PO728023390","","08-19-2022 08:52:30","HVAC QUARTERLY MAINTENACE CONTRACT PREVIOUS PO7280","ENG","84600","669500","","12-04-2024 13:40:29","system","","$0.00"
"FPO0040031","Received","728035510","","$183.64","GRAINGER","GRAINGER WW INC 860641950","ROXBOROUGH MEMORIAL HOSPITAL","Repairs & Maintenance","","Kacey Krystopa","support brace, glass scraper","","08-18-2022 14:11:13","","ENG","84600","662500","","09-15-2022 08:11:47","system","","$0.00"
"FPO0040014","Approved-PO Issued","728035502","","$350.00","C 3 TECHNOLOGIES LLC","C 3 TECHNOLOGIES LLC","ROXBOROUGH MEMORIAL HOSPITAL","Repairs & Maintenance","","Kacey Krystopa","refurb printer door assy for VR TLS300 and 350 Consoles","","08-18-2022 13:07:26","ESTIMATE# 5047","ENG","84600","662500","","08-29-2022 12:00:59","admin","","$0.00"
"FPO0039980","Received","728035494","","$4,960.00","JOHNSON CONTROLS FIRE PROTECT","JOHNSON CONTROLS FIRE PROTECT","ROXBOROUGH MEMORIAL HOSPITAL","Repairs & Maintenance","","Kacey Krystopa","Fire extinguisher repairs","","08-18-2022 10:15:56","INSPECTION SR# 52804044","ENG","84600","662500","","10-10-2022 10:21:23","kkrystopa@phsi.us","","$0.00"
"FPO0039960","Received","728035495","303375","$1,150.00","CLARK SERVICES GROUP LLC","CLARK SERVICES GROUP LLC","ROXBOROUGH MEMORIAL HOSPITAL","Repairs & Maintenance","","Kacey Krystopa","KITCHEN HOOD AND EXHAUST CLEANING","","08-18-2022 07:17:06","WO# WO 172-1","ENG","84600","662500","","04-03-2023 08:37:43","system","","$0.00"
"FPO0039877","Received","728035473","36174","$2,902.83","LIMA COMPANY","LIMA COMPANY","ROXBOROUGH MEMORIAL HOSPITAL","Repairs & Maintenance","","Kacey Krystopa","NEW PIPING ON 3RD FL CLOSET","","08-17-2022 08:26:51","","ENG","84600","662500","","08-18-2022 10:17:40","kkrystopa@phsi.us","","$0.00"
"FPO0039834","Received","728035462","","$6,875.00","RAMM","RAMM INC","ROXBOROUGH MEMORIAL HOSPITAL","Repairs & Maintenance","","Kacey Krystopa","cooling tower repairs","","08-16-2022 14:19:17","","ENG","84600","662500","","12-15-2022 14:57:49","kkrystopa@phsi.us","","$0.00"
"FPO0039823","Received","728035464","14391","$2,464.00","LIMBACH COMPANY LLC","LIMBACH COMPANY LLC","ROXBOROUGH MEMORIAL HOSPITAL","Repairs & Maintenance","","Kacey Krystopa","rebuild flush valves, faucet replacements, toilet repairs","","08-16-2022 12:39:51","WO# 182330","ENG","84600","662500","","09-19-2024 14:32:36","system","","$0.00"
"FPO0039800","Received","728035458","","$963.37","GP ENERGY PRODUCTS LLC","GP ENERGY PRODUCTS LLC","ROXBOROUGH MEMORIAL HOSPITAL","Repairs & Maintenance","","Kacey Krystopa","BOILER PARTS","","08-16-2022 09:36:01","","ENG","84600","662500","","01-26-2024 12:59:13","system","","$0.00"
"FPO0039764","Approved-PO Issued","728035446","","$893.80","UNIFIRST CORP","UNIFIRST CORP","ROXBOROUGH MEMORIAL HOSPITAL","Repairs & Maintenance","","Kacey Krystopa","Staff uniforms","","08-15-2022 14:26:13","","ENG","84600","662500","","08-15-2022 19:46:16","admin","","$0.00"
"FPO0039713","Received","728035437","","$912.13","GRAINGER","GRAINGER WW INC 860641950","ROXBOROUGH MEMORIAL HOSPITAL","Repairs & Maintenance","","Kacey Krystopa","LIGHTING ORDER","","08-15-2022 08:54:17","","ENG","84600","662500","","09-15-2022 08:12:16","ktoy@phsi.us","","$0.00"
"FPO0039664","Received","728035436","60890","$1,341.00","RAMM","RAMM INC","ROXBOROUGH MEMORIAL HOSPITAL","Repairs & Maintenance","","Kacey Krystopa","AS1 SPARE PUMP AND CIRCULATOR NOT WORKING","","08-12-2022 11:45:53","","ENG","84600","662500","","08-18-2022 10:18:00","kkrystopa@phsi.us","","$0.00"
"FPO0039516","Received","728035425","60889","$3,066.00","RAMM","RAMM INC","ROXBOROUGH MEMORIAL HOSPITAL","Repairs & Maintenance","","Kacey Krystopa","RTU ACR 1 NOT MAKING SET POINT","","08-10-2022 13:12:37","","ENG","84600","662500","","08-15-2022 14:05:17","kkrystopa@phsi.us","","$0.00"
"FPO0039310","Received","728035376","2121","$237.50","DARREN DANILOWICZ REFRIGERATIO","DARREN DANILOWICZ REFRIGERATIO","ROXBOROUGH MEMORIAL HOSPITAL","Repairs & Maintenance","","Kacey Krystopa","WALK IN FREEZER IN DIETARY COMPRESSOR OFF","","08-08-2022 12:09:54","","ENG","84600","662500","","08-10-2022 09:24:11","system","","$0.00"
"FPO0039250","Received","728035340","","$945.00","KB LIGHTING MFG CO INC","KB LIGHTING MFG CO  INC","ROXBOROUGH MEMORIAL HOSPITAL","Repairs & Maintenance","","Kacey Krystopa","LIGHT QUOTE","","08-05-2022 12:36:45","","ENG","84600","662500","","08-24-2022 08:15:43","kkrystopa@phsi.us","","$0.00"
"FPO0039241","Received","728035339","","$305.02","GRAINGER","GRAINGER WW INC 860641950","ROXBOROUGH MEMORIAL HOSPITAL","Repairs & Maintenance","","Kacey Krystopa","BULBS AND SEALANT","","08-05-2022 11:42:27","","ENG","84600","662500","","10-14-2022 08:51:31","ktoy@phsi.us","","$0.00"
"FPO0039231","Received","728035338","","$143.75","GRAINGER","GRAINGER WW INC 860641950","ROXBOROUGH MEMORIAL HOSPITAL","Repairs & Maintenance","","Kacey Krystopa","MAINT SUPPLIES","","08-05-2022 09:22:55","","ENG","84600","662500","","10-14-2022 08:53:23","ktoy@phsi.us","","$0.00"
"FPO0039175","Received","728035316","60838","$298.00","RAMM","RAMM INC","ROXBOROUGH MEMORIAL HOSPITAL","Repairs & Maintenance","","Kacey Krystopa","pulled and cleaned strainer","","08-04-2022 09:45:19","","ENG","84600","662500","","08-04-2022 13:26:18","kkrystopa@phsi.us","","$0.00"
"FPO0039174","Received","728035315","60839","$894.00","RAMM","RAMM INC","ROXBOROUGH MEMORIAL HOSPITAL","Repairs & Maintenance","","Kacey Krystopa","Bal valves dripping from packing nut. tighten and it stopped","","08-04-2022 09:42:58","","ENG","84600","662500","","08-04-2022 13:26:00","kkrystopa@phsi.us","","$0.00"
"FPO0039071","Received","728035300","","$10,800.00","RAMM","RAMM INC","ROXBOROUGH MEMORIAL HOSPITAL","Purchased Services/Service Agreements","","Kacey Krystopa","quarterly pm hvac, first invoice attached, scope of work attached","","08-02-2022 14:52:08","QUARTERLY CHILLER PM SERVICES","ENG","84600","669500","","04-26-2023 09:25:40","kkrystopa@phsi.us","","$0.00"
"FPO0038895","Received","728035243","60749","$447.00","RAMM","RAMM INC","ROXBOROUGH MEMORIAL HOSPITAL","Repairs & Maintenance","","Kacey Krystopa","VFD keypad fault. Changed filter","","07-29-2022 11:51:20","","ENG","84600","662500","","07-29-2022 15:16:31","kkrystopa@phsi.us","","$0.00"
"FPO0038883","Received","728035227","36017","$417.00","LIMA COMPANY","LIMA COMPANY","ROXBOROUGH MEMORIAL HOSPITAL","Repairs & Maintenance","","Kacey Krystopa","ONGOING SEWAGE SMELL. LIMA FOUND ISSUE MISSING CLOSET BOLTS","","07-29-2022 07:25:17","","ENG","84600","662500","","07-29-2022 11:53:53","kkrystopa@phsi.us","","$0.00"
"FPO0038882","Approved-PO Issued","728035226","","$1,408.00","ELLIOTT LEWIS CORPORATION","ELLIOTT LEWIS","ROXBOROUGH MEMORIAL HOSPITAL","Repairs & Maintenance","","Kacey Krystopa","coil cleaning, split system cleaning","","07-29-2022 07:21:51","","ENG","84600","662500","","07-29-2022 09:40:53","admin","","$0.00"
"FPO0038839","Received","728035221","","$483.20","GRAINGER","GRAINGER WW INC 860641950","ROXBOROUGH MEMORIAL HOSPITAL","Repairs & Maintenance","Status: Delivered
Delivery Details:
>City/State: Philadelphia, PA
>Date: 2022-07-29
>Signature Name: Signature on File
>Delivery location: null","Kacey Krystopa","thermostats, belts","","07-28-2022 11:26:49","","ENG","84600","662500","","09-15-2022 08:24:17","system","Delivered","$0.00"
"FPO0038749","Received","728035202","","$710.50","ARTIC ICE & CHEMICAL","ARTIC ICE & CHEMICAL INC","ROXBOROUGH MEMORIAL HOSPITAL","Repairs & Maintenance","","Kacey Krystopa","Solar salt","","07-27-2022 09:06:28","","ENG","84600","662500","","08-15-2022 09:35:14","kkrystopa@phsi.us","","$0.00"
"FPO0038720","Received","728035185","","$358.30","GRAINGER","GRAINGER WW INC 860641950","ROXBOROUGH MEMORIAL HOSPITAL","Repairs & Maintenance","Status: Delivered
Delivery Details:
>City/State: Philadelphia, PA
>Date: 2022-07-27
>Signature Name: Signature on File
>Delivery location: null","Kacey Krystopa","ligature resistant showerhead","","07-26-2022 14:28:09","","ENG","84600","662500","","09-15-2022 08:24:46","ktoy@phsi.us","Delivered","$0.00"
"FPO0038693","Received","728035178","","$8,110.45","C 3 TECHNOLOGIES LLC","C 3 TECHNOLOGIES LLC","ROXBOROUGH MEMORIAL HOSPITAL","Repairs & Maintenance","","Kacey Krystopa","Demolish and excavate one diesel fill riser with stuck drop tube.","","07-26-2022 09:57:20","ESTIMATE# 4991 & 4992","ENG","84600","662500","","08-31-2022 11:33:47","ktoy@phsi.us","","$0.00"
"FPO0038657","Received","728035169","22-160","$1,800.00","ALLY SERVICES CO LLC","ALLY SERVICES CO.","ROXBOROUGH MEMORIAL HOSPITAL","Repairs & Maintenance","","Kacey Krystopa","mold abatement for 3rd fl closet","","07-25-2022 13:35:52","PROJECT # 22077","ENG","84600","662500","","07-26-2022 11:24:00","kkrystopa@phsi.us","","$0.00"
"FPO0038635","Received","728035166","","$405.63","LABOV SUPPLY CO INC","LABOV SUPPLY CO INC THE","ROXBOROUGH MEMORIAL HOSPITAL","Repairs & Maintenance","","Kacey Krystopa","T&S GOOSENECK FAUCET","","07-25-2022 11:11:47","ORDER# S1512485","ENG","84600","662500","","08-15-2022 09:33:38","kkrystopa@phsi.us","","$0.00"
"FPO0038619","Received","728035157","","$274.27","GRAINGER","GRAINGER WW INC 860641950","ROXBOROUGH MEMORIAL HOSPITAL","Repairs & Maintenance","","Kacey Krystopa","Maintenance supplies","","07-25-2022 08:22:24","","ENG","84600","662500","","10-14-2022 08:50:53","ktoy@phsi.us","","$0.00"
"FPO0038617","Received","728035156","","$632.63","HILTI INC","HILTI INC","ROXBOROUGH MEMORIAL HOSPITAL","Repairs & Maintenance","","Kacey Krystopa","12v 5-tool combo","","07-25-2022 07:36:17","","ENG","84600","662500","","08-03-2022 10:57:05","kkrystopa@phsi.us","","$0.00"
"FPO0038616","Received","728035167","","$37,635.00","JOHNSON CONTROLS FIRE PROTECT","JOHNSON CONTROLS FIRE PROTECT","ROXBOROUGH MEMORIAL HOSPITAL","Purchased Services/Service Agreements","","Kacey Krystopa","1 YEAR - TEST AND INSPECTION OF THE LIFE SAFETY SYSTEMS - PREVIOUS PO'S 728022899, 728017546, 728028913","","07-25-2022 07:23:12","LIFE SAFETY SYSTEM & PM SERVICE","ENG","84600","669500","","08-22-2022 17:39:52","system","","$0.00"
"FPO0038615","Received","728035155","","$138.00","CARDONE NUSS PRINTING","CARDONE NUSS PRINTING","ROXBOROUGH MEMORIAL HOSPITAL","Repairs & Maintenance","","Kacey Krystopa","FRAME AND HARDWARE FOR HERO'S FLAG","","07-25-2022 07:14:07","","ENG","84600","662500","","10-25-2022 10:25:58","admin","","$0.00"
"FPO0038486","Received","728035122","","$43.17","GRAINGER","GRAINGER WW INC 860641950","ROXBOROUGH MEMORIAL HOSPITAL","Repairs & Maintenance","Status: Delivered
Delivery Details:
>City/State: Philadelphia, PA
>Date: 2022-07-22
>Signature Name: Signature on File
>Delivery location: null","Kacey Krystopa","Spud coupling assembly","","07-21-2022 07:19:31","","ENG","84600","662500","","09-15-2022 08:50:54","system","Delivered","$0.00"
"FPO0038485","Received","728035165","","$850.00","ELECTRONIC SECURITY SOLUTIONS","ELECTRONIC SECURITY SOLUTIONS","ROXBOROUGH MEMORIAL HOSPITAL","Purchased Services/Service Agreements","","Kacey Krystopa","URGENT CARE FIRE ALARM AND SECURITY ALARM SYSTEM MONITORING- JULY 2022 TO JULY 2023- CONTRACT INCLUDED + INVOICE","","07-21-2022 07:18:18"," FIRE ALARM & SECURITY SYSTEM MONITORING","ENG","70830","669500","","07-28-2022 07:54:40","kkrystopa@phsi.us","","$0.00"
"FPO0038169","Received","728035064","60658","$298.00","RAMM","RAMM INC","ROXBOROUGH MEMORIAL HOSPITAL","Repairs & Maintenance","","Kacey Krystopa","MRI CHILLER BLOWN FUSE","","07-15-2022 11:33:07","","ENG","84600","662500","","07-18-2022 07:36:26","kkrystopa@phsi.us","","$0.00"
"FPO0038073","Received","728035049","35388","$884.00","LIMA COMPANY","LIMA COMPANY","ROXBOROUGH MEMORIAL HOSPITAL","Repairs & Maintenance","","Kacey Krystopa","3RD FL PAYROLL CEILING LEAK","","07-14-2022 08:21:55","","ENG","84600","662500","","07-14-2022 14:04:49","kkrystopa@phsi.us","","$0.00"
"FPO0038051","Received","728035040","5834121","$164.44","BILLOWS ELECTRIC SUPPLY COMPAN","BILLOWS ELECTRIC SUPPLY","ROXBOROUGH MEMORIAL HOSPITAL","Repairs & Maintenance","","Kacey Krystopa","10 THHN STR RED CU WIRE R500","","07-13-2022 14:35:49","","ENG","84600","662500","","07-14-2022 07:21:06","kkrystopa@phsi.us","","$0.00"
"FPO0038049","Received","728035042","0906584123","$698.50","STANLEY ACCESS TECH","STANLEY ACCESS TECH","ROXBOROUGH MEMORIAL HOSPITAL","Repairs & Maintenance","","Kacey Krystopa","ER DOOR ARM BROKEN","","07-13-2022 14:25:45","ORDER # 0300600418","ENG","84600","662500","","07-14-2022 07:20:16","kkrystopa@phsi.us","","$0.00"
"FPO0037999","Received","728035024","","$910.00","BRAND SERVICES","BRAND SERVICES","ROXBOROUGH MEMORIAL HOSPITAL","Repairs & Maintenance","","Kacey Krystopa","ADDITIONAL DAMPER REPAIR","","07-13-2022 08:57:55","","ENG","84600","662500","","09-07-2022 15:08:14","kkrystopa@phsi.us","","$0.00"
"FPO0037865","Received","728034969","60612","$6,224.00","RAMM","RAMM INC","ROXBOROUGH MEMORIAL HOSPITAL","Repairs & Maintenance","","Kacey Krystopa","CAFE EXHAUST FAN FOR FREEZER","","07-11-2022 09:46:09","","ENG","84600","662500","","07-11-2022 14:55:26","kkrystopa@phsi.us","","$0.00"
"FPO0037863","Received","728034970","60611","$2,285.00","RAMM","RAMM INC","ROXBOROUGH MEMORIAL HOSPITAL","Repairs & Maintenance","","Kacey Krystopa","CHILLER SON HIGH DISCHARGE PRESSURE ALARM","","07-11-2022 09:44:00","JOB# J50279","ENG","84600","662500","","07-11-2022 14:55:03","kkrystopa@phsi.us","","$0.00"
"FPO0037762","Received","728034965","154838","$522.00","ELLIOTT LEWIS CORPORATION","ELLIOTT LEWIS","ROXBOROUGH MEMORIAL HOSPITAL","Repairs & Maintenance","","Kacey Krystopa","telecom shut down ","","07-08-2022 07:29:17","","ENG","84600","662500","","07-11-2022 14:33:02","kkrystopa@phsi.us","","$0.00"
"FPO0037640","Received","728034911","60541","$2,300.00","RAMM","RAMM INC","ROXBOROUGH MEMORIAL HOSPITAL","Repairs & Maintenance","","Kacey Krystopa","AC not working at rehab nurse station","","07-06-2022 13:03:24","","ENG","84600","662500","","07-11-2022 10:13:59","kkrystopa@phsi.us","","$0.00"
"FPO0037472","Received","728034888","S1510386","$105.04","LABOV SUPPLY CO INC","LABOV SUPPLY CO INC THE","ROXBOROUGH MEMORIAL HOSPITAL","Repairs & Maintenance","","Kacey Krystopa","1 1/4x1 1/4OD CxSJ TRAP ADAPTER","","07-01-2022 10:43:03","ORD 06.10.22","ENG","84600","662500","","07-05-2022 09:25:52","kkrystopa@phsi.us","","$0.00"
"FPO0037466","Received","728034881","2111","$633.13","DARREN DANILOWICZ REFRIGERATIO","DARREN DANILOWICZ REFRIGERATIO","ROXBOROUGH MEMORIAL HOSPITAL","Repairs & Maintenance","","Kacey Krystopa","DIETARY ICE MACHINE CLEANING","","07-01-2022 09:56:37","","ENG","84600","662500","","07-05-2022 09:26:54","kkrystopa@phsi.us","","$0.00"
"FPO0037460","Received","728034880","","$1,900.00","INDEPENDENT CONTRACT FLOORING","INDEPENDENT CONTRACT FLOORING","ROXBOROUGH MEMORIAL HOSPITAL","Repairs & Maintenance","","Kristi Toy","ER REPEAIRS AT EXPANSION JOINT","FWKD0443120","07-01-2022 07:49:55","","ENG","70100","662500","","07-20-2022 11:46:21","system","","$0.00"
"FPO0037459","Received","728034879","","$1,800.00","INDEPENDENT CONTRACT FLOORING","INDEPENDENT CONTRACT FLOORING","ROXBOROUGH MEMORIAL HOSPITAL","Repairs & Maintenance","","Kristi Toy","METAL STAIR NOSINGS ","FWKD0443719","07-01-2022 07:45:46","PROJECT: SCHOOL OF NURSING","ENG","70700","662500","","07-29-2022 11:13:44","kkrystopa@phsi.us","","$0.00"
"FPO0037401","Received","728034862","","$3,845.00","LIMA COMPANY","LIMA COMPANY","ROXBOROUGH MEMORIAL HOSPITAL","Repairs & Maintenance","","Kristi Toy","ELEVATOR SUMP PUMP REPLACEMENT ","","06-30-2022 11:07:55","LIMA FILE #1554","ENG","84600","662500","","07-25-2022 07:51:22","kkrystopa@phsi.us","","$0.00"
"FPO0037398","Received","728034861","","$3,637.63","C 3 TECHNOLOGIES LLC","C 3 TECHNOLOGIES LLC","ROXBOROUGH MEMORIAL HOSPITAL","Repairs & Maintenance","","Kristi Toy","UST COMPLIANCE SERVICES FOR 3K TANK AND 20K TANK","","06-30-2022 11:02:06","ESTIMATE# 4940","ENG","84600","662500","","07-26-2022 11:21:20","kkrystopa@phsi.us","","$0.00"
"FPO0037382","Received","728034858","50018519999","$717.40","TK ELEVATOR CORPORATION","THYSSEN KRUPP ELEVATOR CORP","ROXBOROUGH MEMORIAL HOSPITAL","Repairs & Maintenance","","Kristi Toy","FREIGHT ELEVATOR CALL OUT","","06-30-2022 08:32:54","","ENG","84600","662500","","07-07-2022 08:15:40","system","","$0.00"
"FPO0037280","Received","728034839","6000583017","$5,617.68","TK ELEVATOR CORPORATION","THYSSEN KRUPP ELEVATOR CORP","ROXBOROUGH MEMORIAL HOSPITAL","Repairs & Maintenance","","Kacey Krystopa","Elevator 8 resecure the guiderail, adjust troughrun and selector vane","","06-28-2022 14:12:04","","ENG","84600","662500","","06-30-2022 08:13:42","system","","$0.00"
"FPO0037253","Received","728034832","","$1,250.00","INDEPENDENCE FIRE SPRINKLER CO","INDEPENDENCE FIRE SPRINKLER CO","ROXBOROUGH MEMORIAL HOSPITAL","Repairs & Maintenance","","Kacey Krystopa","ANNUAL TEST OF 4 DOMESTIC BACKFLOW PREVENTERS","","06-28-2022 11:34:16","PROPOSAL# SP22-0884","ENG","84600","662500","","07-18-2022 08:31:02","kkrystopa@phsi.us","","$0.00"
"FPO0037233","Received","728034820","35469","$2,424.00","MAJOR MEDICAL HOSPITAL SVCS","MAJOR MEDICAL HOSPITAL SVCS","ROXBOROUGH MEMORIAL HOSPITAL","Repairs & Maintenance","","Kacey Krystopa","Source equipment repair med vacuum","","06-28-2022 08:16:24","","ENG","84600","662500","","06-28-2022 10:24:45","kkrystopa@phsi.us","","$0.00"
"FPO0037143","Received","728034800","60285","$521.50","RAMM","RAMM INC","ROXBOROUGH MEMORIAL HOSPITAL","Repairs & Maintenance","","Kacey Krystopa","POWER OUTAGE, CHILLER PLANT SHUT DOWN, WATER PUMPS SHUT OFF","","06-27-2022 08:12:26","","ENG","84600","662500","","06-28-2022 08:13:50","kkrystopa@phsi.us","","$0.00"
"FPO0037142","Received","728034803","60284","$894.00","RAMM","RAMM INC","ROXBOROUGH MEMORIAL HOSPITAL","Repairs & Maintenance","","Kacey Krystopa","PCU TO HOT. RECALIBRATED PNEUMATIC THERMOSTAT","","06-27-2022 08:07:05","","ENG","84600","662500","","06-28-2022 08:13:35","kkrystopa@phsi.us","","$0.00"
"FPO0037140","Received","728034801","60283","$447.00","RAMM","RAMM INC","ROXBOROUGH MEMORIAL HOSPITAL","Repairs & Maintenance","","Kacey Krystopa","SON CHILLER ISSUE","","06-27-2022 08:02:21","","ENG","84600","662500","","06-28-2022 08:13:18","kkrystopa@phsi.us","","$0.00"
"FPO0037139","Received","728034802","7625","$925.00","KLENZOID INC","KLENZOID INC","ROXBOROUGH MEMORIAL HOSPITAL","Repairs & Maintenance","","Kacey Krystopa","CULTURING LEGIONELLA","","06-27-2022 07:51:58","","ENG","84600","662500","","06-28-2022 08:13:00","kkrystopa@phsi.us","","$0.00"
"FPO0037018","Received","728034774","2101","$346.84","DARREN DANILOWICZ REFRIGERATIO","DARREN DANILOWICZ REFRIGERATIO","ROXBOROUGH MEMORIAL HOSPITAL","Repairs & Maintenance","","Kacey Krystopa","Urgent Care ice machine leaking","","06-23-2022 12:09:46","","ENG","70830","662500","","06-24-2022 07:42:59","kkrystopa@phsi.us","","$0.00"
"FPO0036976","Received","728034763","","$300.00","KB LIGHTING MFG CO INC","KB LIGHTING MFG CO  INC","ROXBOROUGH MEMORIAL HOSPITAL","Repairs & Maintenance","","Kacey Krystopa","Light bulbs","","06-22-2022 13:46:10","QUOTE# 6221","ENG","84600","662500","","07-07-2022 13:02:50","kkrystopa@phsi.us","","$0.00"
"FPO0036956","Approved-PO Issued","728034759","","$2,472.00","ELLIOTT LEWIS CORPORATION","ELLIOTT LEWIS","ROXBOROUGH MEMORIAL HOSPITAL","Purchased Services/Service Agreements","","Kacey Krystopa","2ND FLOOR TELECOM ROOM SAMSUNG UNIT - CONDENSER AND AIR HANDLER PREVENTATIVE MAINTENANCE","","06-22-2022 10:39:52","2022 PM SERVICE FOR AIR HANDLER/CONDENSER","ENG","84600","669500","","09-30-2024 12:15:35","system","","$0.00"
"FPO0036955","Approved-PO Issued","728034762","","$2,814.00","ELLIOTT LEWIS CORPORATION","ELLIOTT LEWIS","ROXBOROUGH MEMORIAL HOSPITAL","Purchased Services/Service Agreements","","Kacey Krystopa","URGENT CARE ROOFTOP CARRIER HVAC UNIT PREVENATIVE MAINTENANCE - PREVIOUS PO 728028633","","06-22-2022 10:32:24","2022 PM SERVICE FOR ROOFTOP CARRIER HVAC UNIT","ENG","70830","669500","","08-26-2024 08:42:52","system","","$0.00"
"FPO0036941","Received","728034754","000047","$1,560.00","TRI STAR FACILICARE","FACILICARE SOLUTIONS","ROXBOROUGH MEMORIAL HOSPITAL","Repairs & Maintenance","","Kacey Krystopa","PRESSURE WASH SIDEWALK","","06-22-2022 07:54:47","","ENG","84600","662500","","06-23-2022 07:28:36","kkrystopa@phsi.us","","$0.00"
"FPO0036826","Received","728034743","","$168.18","GRAINGER","GRAINGER WW INC 860641950","ROXBOROUGH MEMORIAL HOSPITAL","Repairs & Maintenance","577551190787
Status: Delivered
>Date: 2022-06-21
>City/State: Philadelphia, PA
>Signature Name: Signature on File

 577551190857
Status: Delivered
>Date: 2022-06-21
>City/State: Philadelphia, PA
>Signature Name: Signature on File

","Kacey Krystopa","3 wall mount fans","","06-20-2022 14:37:51","","ENG","84600","662500","","07-13-2022 08:12:06","ktoy@phsi.us","Delivered","$0.00"
"FPO0036738","Received","728034727","60233","$3,016.50","RAMM","RAMM INC","ROXBOROUGH MEMORIAL HOSPITAL","Repairs & Maintenance","","Kacey Krystopa","4th fl rehab too cold. new blower wheel shaft, sheave, belt","","06-17-2022 13:37:44","JOB# J49791","ENG","84600","662500","","06-20-2022 14:24:39","kkrystopa@phsi.us","","$0.00"
"FPO0036736","Received","728034726","60235","$298.00","RAMM","RAMM INC","ROXBOROUGH MEMORIAL HOSPITAL","Repairs & Maintenance","","Kacey Krystopa","service call for AHU too cold","","06-17-2022 13:36:09","JOB# J50188 / WO# S-110732","ENG","84600","662500","","06-17-2022 14:47:25","kkrystopa@phsi.us","","$0.00"
"FPO0036735","Received","728034725","60234","$596.00","RAMM","RAMM INC","ROXBOROUGH MEMORIAL HOSPITAL","Repairs & Maintenance","","Kacey Krystopa","Service call for spd steam sanitizer not maintaining temp","","06-17-2022 13:34:11","JOB ID: J50119","ENG","84600","662500","","06-17-2022 14:43:25","kkrystopa@phsi.us","","$0.00"
"FPO0036641","Received","728034711","36472","$520.00","ELECTRONIC SECURITY SOLUTIONS","ELECTRONIC SECURITY SOLUTIONS","ROXBOROUGH MEMORIAL HOSPITAL","Repairs & Maintenance","","Kacey Krystopa","AC1 ROOF DUCT NOT WORKING","","06-16-2022 09:14:01","","ENG","84600","662500","","06-16-2022 13:50:48","kkrystopa@phsi.us","","$0.00"
"FPO0036637","Received","728034712","","$6,628.50","GENSERVE LLC","GENSERVE LLC","ROXBOROUGH MEMORIAL HOSPITAL","Repairs & Maintenance","","Kristi Toy","ONAN GENERATOR REPAIRS FOUND DURING INSPECTION - FUEL POLISH TANK, COOLING REPAIRS, TSTAT REMOVAL AND REPLACEMENT, HOSES, VALVES, NEW COOLANT, CAP, TEST AND RUN","","06-16-2022 08:36:41","","ENG","84600","662500","","10-17-2022 13:20:36","kkrystopa@phsi.us","","$0.00"
"FPO0036501","Received","728034678","5001841297","$926.00","TK ELEVATOR CORPORATION","THYSSEN KRUPP ELEVATOR CORP","ROXBOROUGH MEMORIAL HOSPITAL","Repairs & Maintenance","","Kacey Krystopa","ELEVATOR UNRESPONSIVE. DOORS BENT. TECH BENT DOOR AND HATCH BACK.","","06-14-2022 09:12:51","","ENG","84600","662500","","06-16-2022 07:20:00","kkrystopa@phsi.us","","$0.00"
"FPO0036465","Received","728034669","","$2,283.84","GP ENERGY PRODUCTS LLC","GP ENERGY PRODUCTS LLC","ROXBOROUGH MEMORIAL HOSPITAL","Repairs & Maintenance","","Kacey Krystopa","safety valves recalibrated","","06-13-2022 12:47:21","","ENG","84600","662500","","09-21-2022 01:56:21","admin","","$0.00"
"FPO0036425","Received","728034663","","$147.43","LABOV SUPPLY CO INC","LABOV SUPPLY CO INC THE","ROXBOROUGH MEMORIAL HOSPITAL","Repairs & Maintenance","","Kacey Krystopa","POWERS CARTRIDGE","","06-13-2022 08:38:55","","ENG","84600","662500","","07-07-2022 13:04:50","kkrystopa@phsi.us","","$0.00"
"FPO0036424","Received","728034662","","$499.20","SHERWIN WILLIAMS CO INC","SHERWIN WILLIAMS CO INC","ROXBOROUGH MEMORIAL HOSPITAL","Repairs & Maintenance","","Kacey Krystopa","ARMSTRONG 737 DESIGNER, 2X2 TEGULAR","","06-13-2022 08:29:08","QUOTE # 6233704","ENG","84600","662500","","06-16-2022 09:05:56","kkrystopa@phsi.us","","$0.00"
"FPO0036423","Received","728034664","2091","$1,249.56","DARREN DANILOWICZ REFRIGERATIO","DARREN DANILOWICZ REFRIGERATIO","ROXBOROUGH MEMORIAL HOSPITAL","Repairs & Maintenance","","Kacey Krystopa","Dietary refridgerator and exhaust fan repair","","06-13-2022 08:19:21","","ENG","84600","662500","","03-13-2024 09:47:02","system","","$0.00"
"FPO0036354","Received","728034643","60115","$447.00","RAMM","RAMM INC","ROXBOROUGH MEMORIAL HOSPITAL","Repairs & Maintenance","","Kacey Krystopa","MOB CHILLED WATER CHANGEOVER","","06-10-2022 10:41:34","JOB ID: J50061","ENG","84600","662500","","06-13-2022 07:56:54","kkrystopa@phsi.us","","$0.00"
"FPO0036353","Received","728034642","60114","$894.00","RAMM","RAMM INC","ROXBOROUGH MEMORIAL HOSPITAL","Repairs & Maintenance","","Kacey Krystopa","MOB EXPANSION TANK RECHARGE","","06-10-2022 10:39:53","JOB ID: J50042","ENG","84600","662500","","06-13-2022 07:56:25","kkrystopa@phsi.us","","$0.00"
"FPO0036352","Received","728034641","60113","$1,943.00","RAMM","RAMM INC","ROXBOROUGH MEMORIAL HOSPITAL","Repairs & Maintenance","","Kacey Krystopa","SERVICE CALL FOR WATERPIPING LEAKING","","06-10-2022 10:35:44","JOB ID: J50063","ENG","84600","662500","","06-13-2022 07:55:58","kkrystopa@phsi.us","","$0.00"
"FPO0036350","Received","728034640","60112","$3,266.00","RAMM","RAMM INC","ROXBOROUGH MEMORIAL HOSPITAL","Repairs & Maintenance","","Kacey Krystopa","SON Cooling changeover","","06-10-2022 10:32:02","JOB ID: J49998","ENG","84600","662500","","06-13-2022 07:55:31","kkrystopa@phsi.us","","$0.00"
"FPO0036340","Received","728034668","13351","$5,770.25","LIMBACH COMPANY LLC","LIMBACH COMPANY LLC","ROXBOROUGH MEMORIAL HOSPITAL","Repairs & Maintenance","","Kacey Krystopa","Multiple repairs throughout hosipital. Mixing valve for eyewash, sink faucet replacements, drain p trap replacements for clogged sinks","","06-10-2022 07:41:44","","ENG","84600","662500","","06-13-2022 14:45:43","kkrystopa@phsi.us","","$0.00"
"FPO0036320","Approved-PO Issued","728034634","","$148.40","GRAINGER","GRAINGER WW INC 860641950","ROXBOROUGH MEMORIAL HOSPITAL","Repairs & Maintenance","495192180243385
Status: Delivered
>Date: 2022-06-10
>City/State: Philadelphia, PA
>Signature Name: Signature on File

 495192180243453
Status: Delivered
>Date: 2022-06-10
>City/State: Philadelphia, PA
>Signature Name: Signature on File

","Kacey Krystopa","V belt, Cart","","06-09-2022 15:24:55","","ENG","84600","662500","","07-13-2022 08:09:56","ktoy@phsi.us","Delivered","$0.00"
"FPO0036119","Received","728034582","","$3,000.00","LOCKATONG ENGINEERING INC","LOCKATONG ENGINEERING INC","ROXBOROUGH MEMORIAL HOSPITAL","Repairs & Maintenance","","Kacey Krystopa","SYNTHETIC MINOR PERMIT RENEWAL","","06-07-2022 11:00:31","","ENG","84600","662500","","11-17-2022 10:31:07","kkrystopa@phsi.us","","$0.00"
"FPO0036097","Received","728034581","","$1,516.69","LABOV SUPPLY CO INC","LABOV SUPPLY CO INC THE","ROXBOROUGH MEMORIAL HOSPITAL","Repairs & Maintenance","","Kacey Krystopa","PLUMBING SUPPLIES","","06-07-2022 07:23:50","ORDER # S1510049","ENG","84600","662500","","06-10-2022 08:03:11","kkrystopa@phsi.us","","$0.00"
"FPO0035783","Received","728034529","2071","$511.00","DARREN DANILOWICZ REFRIGERATIO","DARREN DANILOWICZ REFRIGERATIO","ROXBOROUGH MEMORIAL HOSPITAL","Repairs & Maintenance","","Kacey Krystopa","KITCHEN FRIDGE RUNNING HIGH","","06-01-2022 10:29:43","","ENG","84600","662500","","06-01-2022 14:24:24","kkrystopa@phsi.us","","$0.00"
"FPO0035695","Received","728034508","35493","$1,624.14","MAJOR MEDICAL HOSPITAL SVCS","MAJOR MEDICAL HOSPITAL SVCS","ROXBOROUGH MEMORIAL HOSPITAL","Repairs & Maintenance","","Kacey Krystopa","medical air lag alarm kept going off","","05-27-2022 12:30:54","","ENG","84600","662500","","06-01-2022 09:25:41","kkrystopa@phsi.us","","$0.00"
"FPO0035668","Received","728034495","91245","$725.00","CHADWICK SERVICE CO","CHADWICK SERVICE CO","ROXBOROUGH MEMORIAL HOSPITAL","Repairs & Maintenance","","Kacey Krystopa","INSTALL WASTE STERILIZER GASKET","","05-27-2022 09:46:42","","ENG","84600","662500","","06-01-2022 09:25:22","kkrystopa@phsi.us","","$0.00"
"FPO0035564","Received","728034482","in234414","$70.00","ATIS ELEVATOR INSPECTIONS LLC","ATIS ELEVATOR INSPECTIONS LLC","ROXBOROUGH MEMORIAL HOSPITAL","Repairs & Maintenance","","Kacey Krystopa","1 Hyraulic elevator","","05-26-2022 07:05:26","","ENG","84600","662500","","10-30-2024 07:31:12","system","","$0.00"
"FPO0035488","Received","728034457","","$17.90","GRAINGER","GRAINGER WW INC 860641950","ROXBOROUGH MEMORIAL HOSPITAL","Repairs & Maintenance","","Kacey Krystopa","A49 V-BELT","","05-25-2022 09:39:01","","ENG","84600","662500","","06-16-2022 10:20:02","kkrystopa@phsi.us","","$0.00"
"FPO0035483","Received","728034458","","$256.40","LABOV SUPPLY CO INC","LABOV SUPPLY CO INC THE","ROXBOROUGH MEMORIAL HOSPITAL","Repairs & Maintenance","","Kacey Krystopa","ACORN TOILET SEAT ","","05-25-2022 08:48:08","ORDER# S1509482","ENG","84600","662500","","05-01-2024 12:40:40","system","","$0.00"
"FPO0035481","Received","728034459","4711","$1,575.00","LOCKATONG ENGINEERING INC","LOCKATONG ENGINEERING INC","ROXBOROUGH MEMORIAL HOSPITAL","Repairs & Maintenance","","Kacey Krystopa","AIR PERMIT COMPLIANCE","","05-25-2022 08:43:57","","ENG","84600","662500","","05-26-2022 07:08:12","kkrystopa@phsi.us","","$0.00"
"FPO0035324","Received","728034440","","$17.10","GRAINGER","GRAINGER WW INC 860641950","ROXBOROUGH MEMORIAL HOSPITAL","Repairs & Maintenance","Status: Delivered
Delivery Details:
>City/State: Philadelphia, PA
>Date: 2022-05-24
>Signature Name: Signature on File
>Delivery location: null","Kacey Krystopa","Vacuum breaker repair kit","","05-23-2022 10:11:03","","ENG","84600","662500","","06-16-2022 10:18:54","kkrystopa@phsi.us","Delivered","$0.00"
"FPO0035283","Received","728034423","60047","$745.00","RAMM","RAMM INC","ROXBOROUGH MEMORIAL HOSPITAL","Repairs & Maintenance","","Kacey Krystopa","LABOR FOR AC1 DAMPER NOT WORKING","","05-20-2022 14:59:17","","ENG","84600","662500","","05-23-2022 07:40:40","kkrystopa@phsi.us","","$0.00"
"FPO0035282","Received","728034422","60048","$745.00","RAMM","RAMM INC","ROXBOROUGH MEMORIAL HOSPITAL","Repairs & Maintenance","","Kacey Krystopa","ADJUST THROTTLE RANGE FOR STEAM VALVE","","05-20-2022 14:56:42","","ENG","84600","662500","","05-23-2022 07:40:03","kkrystopa@phsi.us","","$0.00"
"FPO0035281","Received","728034424","60046","$1,043.00","RAMM","RAMM INC","ROXBOROUGH MEMORIAL HOSPITAL","Repairs & Maintenance","","Kacey Krystopa","Reset valve and actuator. adjust reheat temp","","05-20-2022 14:53:35","","ENG","84600","662500","","05-23-2022 07:39:33","kkrystopa@phsi.us","","$0.00"
"FPO0035219","Received","728034412","","$357.40","GRAINGER","GRAINGER WW INC 860641950","ROXBOROUGH MEMORIAL HOSPITAL","Repairs & Maintenance","","Kacey Krystopa","MAINTENANCE SUPPLIES","","05-19-2022 14:23:50","","ENG","84600","662500","","06-16-2022 10:15:37","kkrystopa@phsi.us","","$0.00"
"FPO0035190","Received","728034408","","$69.38","GRAINGER","GRAINGER WW INC 860641950","ROXBOROUGH MEMORIAL HOSPITAL","Repairs & Maintenance","Status: Delivered
Delivery Details:
>City/State: Philadelphia, PA
>Date: 2022-05-23
>Signature Name: Signature on File
>Delivery location: null","Kacey Krystopa","MAGNETIC STRIP","","05-19-2022 11:42:44","","ENG","84600","662500","","06-16-2022 10:17:51","kkrystopa@phsi.us","Delivered","$0.00"
"FPO0035183","Received","728034409","","$27.32","GRAINGER","GRAINGER WW INC 860641950","ROXBOROUGH MEMORIAL HOSPITAL","Repairs & Maintenance","","Kacey Krystopa","V-BELT 5L","","05-19-2022 10:57:19","","ENG","84600","662500","","06-16-2022 10:16:50","kkrystopa@phsi.us","","$0.00"
"FPO0035057","Received","728034379","","$3,575.00","RAMM","RAMM INC","ROXBOROUGH MEMORIAL HOSPITAL","Repairs & Maintenance","","Kacey Krystopa","INSTALLATION 1 STRAINER ON INLINE PUMP FOR DA TANK","","05-18-2022 07:29:47","","ENG","84600","662500","","07-29-2022 11:46:59","kkrystopa@phsi.us","","$0.00"
"FPO0034933","Received","728034349","59992","$415.50","RAMM","RAMM INC","ROXBOROUGH MEMORIAL HOSPITAL","Repairs & Maintenance","","Kacey Krystopa","AC-1 OUTSIDE AIR DAMPER NOT WORKING","","05-16-2022 08:19:49","INV # 59992","ENG","84600","662500","","05-17-2022 07:10:32","kkrystopa@phsi.us","","$0.00"
"FPO0034931","Received","728034348","59966","$447.00","RAMM","RAMM INC","ROXBOROUGH MEMORIAL HOSPITAL","Repairs & Maintenance","","Kacey Krystopa","SERVICE CALL FOR SCHOOL OF NURSING BEING TOO HOT","","05-16-2022 07:59:18","INV # 59966","ENG","84600","662500","","05-17-2022 07:10:50","kkrystopa@phsi.us","","$0.00"
"FPO0034930","Received","728034347","59965","$894.00","RAMM","RAMM INC","ROXBOROUGH MEMORIAL HOSPITAL","Repairs & Maintenance","","Kacey Krystopa","CAFETERIA TOO WARM. SERVICE CALL","","05-16-2022 07:53:50","INV # 59965","ENG","84600","662500","","05-17-2022 07:11:07","kkrystopa@phsi.us","","$0.00"
"FPO0034887","Received","728034344","","$59.04","GRAINGER","GRAINGER WW INC 860641950","ROXBOROUGH MEMORIAL HOSPITAL","Repairs & Maintenance","Status: Delivered
Delivery Details:
>City/State: Philadelphia, PA
>Date: 2022-05-17
>Signature Name: Signature on File
>Delivery location: null","Kacey Krystopa","Linear Fluorescent bulbs","","05-13-2022 13:44:37","","ENG","84600","662500","","06-16-2022 10:14:12","kkrystopa@phsi.us","Delivered","$0.00"
"FPO0034877","Received","728034314","","$483.66","GRAINGER","GRAINGER WW INC 860641950","ROXBOROUGH MEMORIAL HOSPITAL","Repairs & Maintenance","Status: Delivered
Delivery Details:
>City/State: Philadelphia, PA
>Date: 2022-05-16
>Signature Name: Signature on File
>Delivery location: null","Kacey Krystopa","Emergency mixing valve, Inlet 1/2"" for eyewash","","05-13-2022 11:27:50","","ENG","84600","662500","","06-16-2022 10:13:02","kkrystopa@phsi.us","Delivered","$0.00"
"FPO0034768","Received","728034294","231030","$235.00","ATIS ELEVATOR INSPECTIONS LLC","ATIS ELEVATOR INSPECTIONS LLC","ROXBOROUGH MEMORIAL HOSPITAL","Repairs & Maintenance","","Kacey Krystopa","Hydraulic elevator inspection","","05-12-2022 07:16:59","","ENG","84600","662500","","05-16-2022 14:19:23","kkrystopa@phsi.us","","$0.00"
"FPO0034650","Received","728034298","","$6,020.00","APEX SERVICES INC","APEX SERVICES INC","ROXBOROUGH MEMORIAL HOSPITAL","Repairs & Maintenance","","Kacey Krystopa","FENCE REPLACEMENT","","05-10-2022 11:48:37","","ENG","84600","662500","","06-10-2022 08:03:41","kkrystopa@phsi.us","","$0.00"
"FPO0034576","Received","728034225","58225","$300.00","CM3 BUILDING SOLUTIONS INC","CM3 BUILDING SOLUTIONS INC","ROXBOROUGH MEMORIAL HOSPITAL","Repairs & Maintenance","","Kacey Krystopa","Wander guard system kept alamring","FWKD0414107","05-09-2022 13:06:15","","ENG","70100","662500","","07-03-2024 11:49:49","SRice-Niemczewski@phsi.us","","$0.00"
"FPO0034537","Received","728034226","12908","$3,409.50","LIMBACH COMPANY LLC","LIMBACH COMPANY LLC","ROXBOROUGH MEMORIAL HOSPITAL","Purchased Services/Service Agreements","","Kacey Krystopa","plumbing issues","","05-09-2022 08:11:07","","ENG","84600","669500","","05-16-2022 14:22:53","kkrystopa@phsi.us","","$0.00"
"FPO0034535","Received","728034223","","$272.30","SHERWIN WILLIAMS CO INC","SHERWIN WILLIAMS CO INC","ROXBOROUGH MEMORIAL HOSPITAL","Repairs & Maintenance","","Kacey Krystopa","PAINT MATERIALS","","05-09-2022 07:34:31","QUOTE # 6175914","ENG","84600","662500","","05-26-2022 08:36:47","kkrystopa@phsi.us","","$0.00"
"FPO0034507","Received","728034276","","$2,400.00","CHRIS KRYSTOPA PAINTING","CHRIS KRYSTOPA PAINTING","ROXBOROUGH MEMORIAL HOSPITAL","Repairs & Maintenance","","Kacey Krystopa","SON Pavement removal and replacement","","05-06-2022 14:54:07","ESTIMATE# 6335","ENG","84600","662500","","06-07-2022 09:23:54","kkrystopa@phsi.us","","$0.00"
"FPO0034459","Received","728034227","35342","$450.00","MAJOR MEDICAL HOSPITAL SVCS","MAJOR MEDICAL HOSPITAL SVCS","ROXBOROUGH MEMORIAL HOSPITAL","Repairs & Maintenance","","Kacey Krystopa","Suction regulators","","05-06-2022 08:28:52","","ENG","84600","662500","","05-10-2022 11:52:25","kkrystopa@phsi.us","","$0.00"
"FPO0034456","Received","728034224","59900","$1,117.50","RAMM","RAMM INC","ROXBOROUGH MEMORIAL HOSPITAL","Repairs & Maintenance","","Kacey Krystopa","Damper was closed for Radiology dept","","05-06-2022 07:15:14","","ENG","84600","662500","","05-10-2022 11:52:07","kkrystopa@phsi.us","","$0.00"
"FPO0034424","Received","728034186","","$38.04","GRAINGER","GRAINGER WW INC 860641950","ROXBOROUGH MEMORIAL HOSPITAL","Repairs & Maintenance","Status: Delivered
Delivery Details:
>City/State: Philadelphia, PA
>Date: 2022-05-09
>Signature Name: Signature on File
>Delivery location: null","Kristi Toy","FOIL TAPE","","05-05-2022 14:58:59","","ENG","84600","662500","","06-16-2022 10:12:07","system","Delivered","$0.00"
"FPO0034315","Received","728034421","302282","$1,150.00","CLARK SERVICES GROUP LLC","CLARK SERVICES GROUP LLC","ROXBOROUGH MEMORIAL HOSPITAL","Repairs & Maintenance","","Kacey Krystopa","Q1 KITCHEN HOOD CLEANING","","05-04-2022 13:45:20","","ENG","84600","662500","","04-03-2023 08:36:53","system","","$0.00"
"FPO0034310","Received","728034161","","$102.84","GRAINGER","GRAINGER WW INC 860641950","ROXBOROUGH MEMORIAL HOSPITAL","Repairs & Maintenance","","Kacey Krystopa","electric heater","","05-04-2022 13:07:12","","ENG","84600","662500","","06-16-2022 10:07:44","kkrystopa@phsi.us","","$0.00"
"FPO0034266","Received","728034173","","$295.70","GRAINGER","GRAINGER WW INC 860641950","ROXBOROUGH MEMORIAL HOSPITAL","Repairs & Maintenance","580468459387
Status: Delivered
>Date: 2022-05-09
>City/State: Philadelphia, PA
>Signature Name: Signature on File

 580468465095
Status: Delivered
>Date: 2022-05-09
>City/State: Philadelphia, PA
>Signature Name: Signature on File

","Kacey Krystopa","Light bulbs, utility cart","","05-04-2022 08:39:24","","ENG","84600","662500","","06-16-2022 10:10:44","kkrystopa@phsi.us","Delivered","$0.00"
"FPO0034263","Approved-PO Issued","728034153","","$104.66","UNIFIRST CORP","UNIFIRST CORP","ROXBOROUGH MEMORIAL HOSPITAL","Repairs & Maintenance","","Kristi Toy","NEW HIRE UNIFORMS","","05-04-2022 07:14:23","","ENG","84600","662500","","08-15-2022 14:16:56","system","","$0.00"
"FPO0034062","Received","728034136","2051","$214.99","DARREN DANILOWICZ REFRIGERATIO","DARREN DANILOWICZ REFRIGERATIO","ROXBOROUGH MEMORIAL HOSPITAL","Repairs & Maintenance","","Kacey Krystopa","INSTALL GATE CLOSURE ON WALK-IN FREEZER IN KITCHEN","","05-02-2022 09:49:57","","ENG","84600","662500","","05-05-2022 07:10:50","kkrystopa@phsi.us","","$0.00"
"FPO0034057","Received","728034135","W14792","$785.00","INDEPENDENCE FIRE SPRINKLER CO","INDEPENDENCE FIRE SPRINKLER CO","ROXBOROUGH MEMORIAL HOSPITAL","Repairs & Maintenance","","Kacey Krystopa","SERVICE CALL FOR FIRE PUMP NOT TURNING OFF","","05-02-2022 08:58:30","","ENG","84600","662500","","05-05-2022 07:09:17","kkrystopa@phsi.us","","$0.00"
"FPO0034056","Received","728034134","2041","$503.34","DARREN DANILOWICZ REFRIGERATIO","DARREN DANILOWICZ REFRIGERATIO","ROXBOROUGH MEMORIAL HOSPITAL","Repairs & Maintenance","","Kacey Krystopa","URGENT CARE ICE MACHINE","","05-02-2022 08:51:28","","ENG","70830","662500","","05-04-2022 14:16:13","kkrystopa@phsi.us","","$0.00"
"FPO0033964","Received","728034122","","$13,695.00","SIEMENS INDUSTRY INC","SIEMENS BUILDING TECHNOLOGIES","ROXBOROUGH MEMORIAL HOSPITAL","Purchased Services/Service Agreements","","Kacey Krystopa","1 YEAR SERVICE FOR BAS+ HVAC AGREEMENT (7/1/2022-6/30/2023) - PREVIOUS PO#728033223","","04-29-2022 12:01:25","HVAC CONTROL BUILDING SERVICES AUTOMATION PM","ENG","84600","669500","","07-15-2022 11:41:44","kkrystopa@phsi.us","","$0.00"
"FPO0033829","Received","728034091","IN229849","$420.00","ATIS ELEVATOR INSPECTIONS LLC","ATIS ELEVATOR INSPECTIONS LLC","ROXBOROUGH MEMORIAL HOSPITAL","Repairs & Maintenance","","Kacey Krystopa","Semi annual elevator inspection","","04-27-2022 14:33:27","Reference ID: IN229849","ENG","84600","662500","","05-04-2022 13:48:37","kkrystopa@phsi.us","","$0.00"
"FPO0033815","Received","728034074","","$1,149.00","JOHNSON CONTROLS FIRE PROTECT","JOHNSON CONTROLS FIRE PROTECT","ROXBOROUGH MEMORIAL HOSPITAL","Repairs & Maintenance","","Kacey Krystopa","Fire alarm defeciency ","","04-27-2022 12:24:04","","ENG","84600","662500","","05-17-2022 15:13:41","kkrystopa@phsi.us","","$0.00"
"FPO0033618","Received","728034039","","$87.45","GRAINGER","GRAINGER WW INC 860641950","ROXBOROUGH MEMORIAL HOSPITAL","Repairs & Maintenance","495192179575404
Status: Delivered
>Date: 2022-04-26
>City/State: Philadelphia, PA
>Signature Name: Signature on File

 581383778190
Status: Delivered
>Date: 2022-05-03
>City/State: Philadelphia, PA
>Signature Name: NHOSPITAL

","Kacey Krystopa","sanitizer, cleaner, paint","","04-22-2022 13:32:53","","ENG","84600","662500","","06-15-2022 18:58:53","mcardenas3@phsi.us","Delivered","$0.00"
"FPO0033563","Received","728034038","","$34.64","GRAINGER","GRAINGER WW INC 860641950","ROXBOROUGH MEMORIAL HOSPITAL","Repairs & Maintenance","495192179575756
Status: Delivered
>Date: 2022-04-26
>City/State: Philadelphia, PA
>Signature Name: Signature on File

 495192179575701
Status: Delivered
>Date: 2022-04-26
>City/State: Philadelphia, PA
>Signature Name: Signature on File

","Kacey Krystopa","wood filler, wood hardener","","04-22-2022 08:25:45","","ENG","84600","662500","","05-09-2022 08:47:51","kkrystopa@phsi.us","Delivered","$0.00"
"FPO0033561","Received","728034054","59786","$294.00","RAMM","RAMM INC","ROXBOROUGH MEMORIAL HOSPITAL","Repairs & Maintenance","","Kacey Krystopa","CHILLER 3 WONT RUN","","04-22-2022 08:22:47","","ENG","84600","662500","","05-05-2022 13:16:08","kkrystopa@phsi.us","","$0.00"
"FPO0033452","Received","728033986","","$6,550.00","BRAND SERVICES","BRAND SERVICES","ROXBOROUGH MEMORIAL HOSPITAL","Repairs & Maintenance","","Kacey Krystopa","Damper repairs from inspection","","04-20-2022 13:31:50","JOB# JM22-C5183","ENG","84600","662500","","07-25-2022 07:31:13","kkrystopa@phsi.us","","$0.00"
"FPO0033413","Received","728033985","12101","$4,445.00","LIMBACH COMPANY LLC","LIMBACH COMPANY LLC","ROXBOROUGH MEMORIAL HOSPITAL","Repairs & Maintenance","","Kacey Krystopa","drain cleaning, urinal and toilet flush valve rebuild","","04-19-2022 15:21:24","WO# 179145","ENG","84600","662500","","04-21-2022 07:22:14","kkrystopa@phsi.us","","$0.00"
"FPO0033210","Received","728033893","","$745.60","TK ELEVATOR CORPORATION","THYSSEN KRUPP ELEVATOR CORP","ROXBOROUGH MEMORIAL HOSPITAL","Repairs & Maintenance","","Kristi Toy","ELEVATOR INSPECTION - ELEVATOR 4 PRESSURE TEST ","","04-14-2022 13:31:12","","ENG","84600","662500","","05-11-2022 15:07:04","kkrystopa@phsi.us","","$0.00"
"FPO0033173","Received","728033938","90898","$395.00","CHADWICK SERVICE CO","CHADWICK SERVICE CO","ROXBOROUGH MEMORIAL HOSPITAL","Repairs & Maintenance","","Kristi Toy","STERILIZER INSPECTION ","","04-14-2022 09:03:58","INV # 90898","ENG","84600","662500","","04-20-2022 07:31:36","ktoy@phsi.us","","$0.00"
"FPO0033172","Received","728033899","","$141.34","GRAINGER","GRAINGER WW INC 860641950","ROXBOROUGH MEMORIAL HOSPITAL","Repairs & Maintenance","Status: Delivered
Delivery Details:
>City/State: Philadelphia, PA
>Date: 2022-04-18
>Signature Name: Signature on File
>Delivery location: null","Kacey Krystopa","DRYWALL ANCHORS, LIGHT BULBS","","04-14-2022 08:22:03","","ENG","84600","662500","","05-09-2022 08:51:30","kkrystopa@phsi.us","Delivered","$0.00"
"FPO0033048","Rejected","","3006495919","$2,229.22","TK ELEVATOR CORPORATION","THYSSEN KRUPP ELEVATOR CORP","ROXBOROUGH MEMORIAL HOSPITAL","Repairs & Maintenance","","Kacey Krystopa","MONTHLY MAINTENANCE SERVICE","","04-12-2022 11:46:19","","ENG","84600","662500","","12-13-2022 13:03:22","mcardenas3@phsi.us","","$0.00"
"FPO0032961","Received","728033866","35183","$210.00","MAJOR MEDICAL HOSPITAL SVCS","MAJOR MEDICAL HOSPITAL SVCS","ROXBOROUGH MEMORIAL HOSPITAL","Repairs & Maintenance","","Kacey Krystopa","ANNUAL INSPECTION REPAIRS","","04-11-2022 12:41:41","INV # 35183","ENG","84600","662500","","04-15-2022 10:34:06","kkrystopa@phsi.us","","$0.00"
"FPO0032855","Received","728033825","","$55.88","GRAINGER","GRAINGER WW INC 860641950","ROXBOROUGH MEMORIAL HOSPITAL","Repairs & Maintenance","Status: Delivered
Delivery Details:
>City/State: Philadelphia, PA
>Date: 2022-04-11
>Signature Name: Signature on File
>Delivery location: null","Kacey Krystopa","tile clamp, hooks, screwdriver","","04-08-2022 11:38:34","","ENG","84600","662500","","05-09-2022 08:49:54","kkrystopa@phsi.us","Delivered","$0.00"
"FPO0032851","Received","728033824","1011502686","$152.06","STERICYCLE INC","STERICYCLE INC 9001590","ROXBOROUGH MEMORIAL HOSPITAL","Repairs & Maintenance","","Kristi Toy","SHARP WASTE REMOVAL URGENT CARE","","04-08-2022 11:07:09","","ENG","70830","662500","","04-13-2022 07:54:28","ktoy@phsi.us","","$0.00"
"FPO0032846","Received","728033823","","$423.06","CHADWICK SERVICE CO","CHADWICK SERVICE CO","ROXBOROUGH MEMORIAL HOSPITAL","Repairs & Maintenance","","Kristi Toy","Gaskets for Steam Sterilizer","","04-08-2022 10:09:02","","ENG","84600","662500","","07-24-2024 07:37:04","system","","$0.00"
"FPO0032844","Received","728033812","","$10,550.00","GENSERVE LLC","GENSERVE LLC","ROXBOROUGH MEMORIAL HOSPITAL","Purchased Services/Service Agreements","","Kristi Toy","2022 GENERATOR MAJOR AND MINOR PMS, CITY CERTS, 2 HOUR LOAD BANK TESTING ","","04-08-2022 08:42:31","STANDBY POWER ANNUAL MAINTENANCE","ENG","84600","669500","","10-08-2024 08:25:33","system","","$0.00"
"FPO0032655","Received","728033786","","$484.46","GRAINGER","GRAINGER WW INC 860641950","ROXBOROUGH MEMORIAL HOSPITAL","Repairs & Maintenance","495192179289875
Status: Delivered
>Date: 2022-04-06
>City/State: Philadelphia, PA
>Signature Name: Signature on File

 495192179290727
Status: Delivered
>Date: 2022-04-06
>City/State: Philadelphia, PA
>Signature Name: Signature on File

","Kacey Krystopa","toilet flush valve, gooseneck bar faucet","","04-05-2022 14:43:07","","ENG","84600","662500","","05-09-2022 08:49:03","kkrystopa@phsi.us","Delivered","$0.00"
"FPO0032653","Approved-PO Issued","728033785","","$1,522.86","CURBELL MEDICAL PRODUCTS INC","CURBELL MEDICAL PRODUCTS INC","ROXBOROUGH MEMORIAL HOSPITAL","Repairs & Maintenance","Status: Delivered
Delivery Details:
>City/State: Philadelphia, PA
>Date: 2022-05-06
>Signature Name: Signature on File
>Delivery location: null","Kacey Krystopa","Bed mattress cover","","04-05-2022 14:39:48","QUOTE# 4231493","ENG","84600","662500","","06-21-2022 13:52:22","mcardenas3@phsi.us","Delivered","$0.00"
"FPO0032561","Received","728033765","59614","$4,246.00","RAMM","RAMM INC","ROXBOROUGH MEMORIAL HOSPITAL","Repairs & Maintenance","","Kacey Krystopa","ADMIN UNIT FAN NEEDED NEW BELT, MOTOR AND SHEAVE","","04-04-2022 09:38:35","","ENG","84600","662500","","04-13-2022 09:59:51","system","","$0.00"
"FPO0032309","Received","728033725","","$75.27","GRAINGER","GRAINGER WW INC 860641950","ROXBOROUGH MEMORIAL HOSPITAL","Repairs & Maintenance","Status: Delivered
Delivery Details:
>City/State: Philadelphia, PA
>Date: 2022-04-04
>Signature Name: Signature on File
>Delivery location: null","Kacey Krystopa","scrapers, blade, screws","","03-30-2022 10:39:44","","ENG","84600","662500","","04-08-2022 07:33:44","kkrystopa@phsi.us","Delivered","$0.00"
"FPO0032275","Received","728033715","","$82.96","GRAINGER","GRAINGER WW INC 860641950","ROXBOROUGH MEMORIAL HOSPITAL","Repairs & Maintenance","Status: Delivered
Delivery Details:
>City/State: Philadelphia, PA
>Date: 2022-03-31
>Signature Name: Signature on File
>Delivery location: null","Kacey Krystopa","i beam level, C batteries","","03-29-2022 15:13:19","","ENG","84600","662500","","04-08-2022 07:36:15","kkrystopa@phsi.us","Delivered","$0.00"
"FPO0032232","Received","728033693","","$3.36","GRAINGER","GRAINGER WW INC 860641950","ROXBOROUGH MEMORIAL HOSPITAL","Repairs & Maintenance","","Kacey Krystopa","V-Belt 1 rib, 23in outside lg, 1/2in top, 5/16in thick","","03-29-2022 07:15:39","","ENG","84600","662500","","04-08-2022 07:32:02","kkrystopa@phsi.us","","$0.00"
"FPO0032172","Received","728033775","5001777149","$574.00","TK ELEVATOR CORPORATION","THYSSEN KRUPP ELEVATOR CORP","ROXBOROUGH MEMORIAL HOSPITAL","Repairs & Maintenance","","Kacey Krystopa","Freight elevator off track","","03-28-2022 10:14:39","","ENG","84600","662500","","04-06-2022 07:12:45","kkrystopa@phsi.us","","$0.00"
"FPO0032132","Received","728033714","","$148.65","LABOV SUPPLY CO INC","LABOV SUPPLY CO INC THE","ROXBOROUGH MEMORIAL HOSPITAL","Repairs & Maintenance","","Kacey Krystopa","Eyewash tool","","03-25-2022 10:53:12","","ENG","84600","662500","","04-15-2022 07:20:52","kkrystopa@phsi.us","","$0.00"
"FPO0032121","Received","728033596","","$92.46","GRAINGER","GRAINGER WW INC 860641950","ROXBOROUGH MEMORIAL HOSPITAL","Repairs & Maintenance","495192179138203
Status: Delivered
>Date: 2022-03-28
>City/State: Philadelphia, PA
>Signature Name: Signature on File

 495192179141029
Status: Delivered
>Date: 2022-03-28
>City/State: Philadelphia, PA
>Signature Name: Signature on File

","Kacey Krystopa","Maintenance supplies","","03-25-2022 07:04:29","","ENG","84600","662500","","04-08-2022 07:29:29","kkrystopa@phsi.us","Delivered","$0.00"
"FPO0031899","Approved-PO Issued","728033520","","$2,775.00","CARDONE NUSS PRINTING","CARDONE NUSS PRINTING","ROXBOROUGH MEMORIAL HOSPITAL","Repairs & Maintenance","","Kacey Krystopa","NEW PROGRAM. ASSIGNING PARKING PERMITS FOR STAFF IN SEPERATE PARKING LOTS.","","03-22-2022 08:09:16","","ENG","84600","662500","","03-22-2022 15:41:21","admin","","$0.00"
"FPO0031863","Approved-PO Issued","728033501","","$2,775.00","JERSEY INFRARED CONSULTANTS","JERSEY INFRARED CONSULTANTS","ROXBOROUGH MEMORIAL HOSPITAL","Repairs & Maintenance","","Kacey Krystopa","INFRARED ELECTRIACAL SYSTEM SURVEY","","03-21-2022 12:09:50","QUOTE# Q220318.71","ENG","84600","662500","","03-21-2022 15:26:38","admin","","$0.00"
"FPO0031846","Received","728033502","59504","$2,883.00","RAMM","RAMM INC","ROXBOROUGH MEMORIAL HOSPITAL","Repairs & Maintenance","","Kacey Krystopa","REPLACED BELT, CHARGED SYSTEM WITH R22, WOUND CARE UNIT COOLING AGAIN","","03-21-2022 10:10:15","","ENG","84600","662500","","03-22-2022 13:17:18","kkrystopa@phsi.us","","$0.00"
"FPO0031835","Received","728033521","59505","$735.00","RAMM","RAMM INC","ROXBOROUGH MEMORIAL HOSPITAL","Repairs & Maintenance","","Kacey Krystopa","RESET SIEMENS PANEL AND NOW BOTH UNITS BACK ONLINE","","03-21-2022 07:28:56","WO# S-111357","ENG","84600","662500","","03-23-2022 07:18:24","kkrystopa@phsi.us","","$0.00"
"FPO0031597","Received","728033443","","$4,450.00","RAMM","RAMM INC","ROXBOROUGH MEMORIAL HOSPITAL","Repairs & Maintenance","","Kacey Krystopa","ANNUAL MAIN CHILLER COOLING TOWER-2 CLEANING","","03-16-2022 10:42:23","","ENG","84600","662500","","04-04-2022 07:57:21","kkrystopa@phsi.us","","$0.00"
"FPO0031596","Received","728033440","","$4,450.00","RAMM","RAMM INC","ROXBOROUGH MEMORIAL HOSPITAL","Repairs & Maintenance","","Kacey Krystopa","ANNUAL MAIN CHILLER PLANT COOLING TOWER-1 CLEANING","","03-16-2022 10:40:38","","ENG","84600","662500","","04-04-2022 07:54:46","kkrystopa@phsi.us","","$0.00"
"FPO0031595","Received","728033442","","$4,950.00","RAMM","RAMM INC","ROXBOROUGH MEMORIAL HOSPITAL","Repairs & Maintenance","","Kacey Krystopa","ANNUAL SON COOLING TOWER CLEANING","","03-16-2022 10:38:51","","ENG","84600","662500","","04-04-2022 07:55:55","kkrystopa@phsi.us","","$0.00"
"FPO0031589","Approved-PO Issued","728033451","","$253.81","CURBELL MEDICAL PRODUCTS INC","CURBELL MEDICAL PRODUCTS INC","ROXBOROUGH MEMORIAL HOSPITAL","Repairs & Maintenance","","Kacey Krystopa","Bed mattress cover ","","03-16-2022 09:38:35","","ENG","84600","662500","","03-17-2022 11:35:59","admin","","$0.00"
"FPO0031582","Approved-PO Issued","728033452","","$921.28","CURBELL MEDICAL PRODUCTS INC","CURBELL MEDICAL PRODUCTS INC","ROXBOROUGH MEMORIAL HOSPITAL","Repairs & Maintenance","","Kacey Krystopa","Gen4 plus call bell","","03-16-2022 08:20:33","","ENG","84600","662500","","03-17-2022 11:45:58","admin","","$0.00"
"FPO0031544","Received","728033419","000149994","$498.42","ELLIOTT LEWIS CORPORATION","ELLIOTT LEWIS","ROXBOROUGH MEMORIAL HOSPITAL","Repairs & Maintenance","","Kacey Krystopa","TELECOM UNIT NOT WORKING","","03-15-2022 12:09:05","","ENG","84600","662500","","03-16-2022 07:59:07","kkrystopa@phsi.us","","$0.00"
"FPO0031417","Approved-PO Issued","728033390","GPH755957","$3,467.40","GTO GREASE TRAP SERVICES","GTO GREASE TRAP SERVICES","ROXBOROUGH MEMORIAL HOSPITAL","Purchased Services/Service Agreements","","Kacey Krystopa","INSPECT AND CLEAN GREASE TRAPS","","03-14-2022 08:20:38","2022 GREASE TRAP MONTHLY MAINTENANCE","ENG","84600","669500","","07-19-2024 09:32:53","system","","$0.00"
"FPO0031371","Received","728033366","974396","$1,275.88","FOLLETT PRODUCTS LLC","FOLLETT PRODUCTS LLC","ROXBOROUGH MEMORIAL HOSPITAL","Repairs & Maintenance","","Kacey Krystopa","Ice Machine supplies","","03-11-2022 12:46:55","SO# 988584","ENG","84600","662500","","11-05-2024 10:46:23","system","","$0.00"
"FPO0031370","Received","728033389","548","$285.00","DARREN DANILOWICZ REFRIGERATIO","DARREN DANILOWICZ REFRIGERATIO","ROXBOROUGH MEMORIAL HOSPITAL","Repairs & Maintenance","","Kacey Krystopa","Removed build-up, replaced missing screws","","03-11-2022 12:30:16","","ENG","84600","662500","","03-15-2022 07:29:39","kkrystopa@phsi.us","","$0.00"
"FPO0031342","Received","728033360","","$176.41","GRAINGER","GRAINGER WW INC 860641950","ROXBOROUGH MEMORIAL HOSPITAL","Repairs & Maintenance","495192178932734
Status: Delivered
>Date: 2022-03-14
>City/State: Philadelphia, PA
>Signature Name: Signature on File

 495192178932741
Status: Delivered
>Date: 2022-03-14
>City/State: Philadelphia, PA
>Signature Name: Signature on File

","Kacey Krystopa","MAINTENANCE STOCK","","03-11-2022 09:18:02","","ENG","84600","662500","","04-08-2022 07:25:31","kkrystopa@phsi.us","Delivered","$0.00"
"FPO0031341","Received","728033361","59437","$1,176.00","RAMM","RAMM INC","ROXBOROUGH MEMORIAL HOSPITAL","Repairs & Maintenance","","Kacey Krystopa","NEW THERMOSTATIC AND ISOLATION VALVES AND CONTROL FOR MEDICAL RECORDS RADIATOR","","03-11-2022 09:14:57","","ENG","84600","662500","","03-14-2022 13:22:37","kkrystopa@phsi.us","","$0.00"
"FPO0031340","Received","728033362","","$809.50","KB LIGHTING MFG CO INC","KB LIGHTING MFG CO  INC","ROXBOROUGH MEMORIAL HOSPITAL","Repairs & Maintenance","","Kacey Krystopa","BULB LIGHTING STOCK","","03-11-2022 09:08:13","","ENG","84600","662500","","03-29-2022 09:39:15","kkrystopa@phsi.us","","$0.00"
"FPO0031336","Received","728033365","","$1,200.00","C 3 TECHNOLOGIES LLC","C 3 TECHNOLOGIES LLC","ROXBOROUGH MEMORIAL HOSPITAL","Repairs & Maintenance","","Kacey Krystopa","UST Precision tank tightness test","","03-11-2022 08:26:13","ESTIMATE# 4631","ENG","84600","662500","","06-30-2022 12:36:19","system","","$0.00"
"FPO0031312","Received","728033372","34966","$2,744.75","MAJOR MEDICAL HOSPITAL SVCS","MAJOR MEDICAL HOSPITAL SVCS","ROXBOROUGH MEMORIAL HOSPITAL","Repairs & Maintenance","","Kacey Krystopa","Med air lag alarm on pumps- abnormal","","03-10-2022 14:35:54","WO#12036,15128388","ENG","84600","662500","","03-15-2022 08:08:09","kkrystopa@phsi.us","","$0.00"
"FPO0031295","Approved-PO Issued","728033331","","$20,700.00","M MELADY LANDSCAPING LLC","MELADY LANDSCAPING","ROXBOROUGH MEMORIAL HOSPITAL","Purchased Services/Service Agreements","","Kacey Krystopa","LANDSCAPING CONTRACT BEGINNING MARCH 2022 - MONTHLY INVOICES OF $2300 ","","03-10-2022 12:09:31","2022 LANDSCAPING SEASON SERVICE AGREEMENT","ENG","84600","669500","","04-08-2022 11:05:20","system","","$0.00"
"FPO0031281","Received","728033329","","$2,472.00","KLENZOID INC","KLENZOID INC","ROXBOROUGH MEMORIAL HOSPITAL","Purchased Services/Service Agreements","","Kacey Krystopa","SPD  R/O & DI SYSTEM - ULTRAPURE WATER SYSTEM QUARTERLY INSPECTIONS 2022","","03-10-2022 11:16:56","RENEWAL OFQUARTERLY INSPECTION/PM ON R/O DI SYSTEM","ENG","84600","669500","","01-03-2025 08:59:51","system","","$0.00"
"FPO0031274","Received","728033325","","$180.00","SECURITAS HEALTHCARE LLC","SECURITAS HEALTHCARE LLC","ROXBOROUGH MEMORIAL HOSPITAL","Repairs & Maintenance","","Kacey Krystopa","Console receptacle","","03-10-2022 10:36:36","PROPOSAL# 344271-18","ENG","84600","662500","","03-21-2022 09:20:41","kkrystopa@phsi.us","","$0.00"
"FPO0031272","Received","728033349","","$185.40","GRAINGER","GRAINGER WW INC 860641950","ROXBOROUGH MEMORIAL HOSPITAL","Repairs & Maintenance","Status: Delivered
Delivery Details:
>City/State: Philadelphia, PA
>Date: 2022-03-14
>Signature Name: Signature on File
>Delivery location: null","Kacey Krystopa","EYEWASH FAUCET MOUNT","","03-10-2022 09:50:07","","ENG","84600","662500","","04-08-2022 07:23:58","kkrystopa@phsi.us","Delivered","$0.00"
"FPO0031246","Received","728033332","","$74.90","GRAINGER","GRAINGER WW INC 860641950","ROXBOROUGH MEMORIAL HOSPITAL","Repairs & Maintenance","","Kacey Krystopa","EYE WASH SUPPLIES","","03-09-2022 14:33:01","","ENG","84600","662500","","04-08-2022 07:22:35","kkrystopa@phsi.us","","$0.00"
"FPO0031082","Received","728033287","5001749877","$1,677.72","TK ELEVATOR CORPORATION","THYSSEN KRUPP ELEVATOR CORP","ROXBOROUGH MEMORIAL HOSPITAL","Repairs & Maintenance","","Kacey Krystopa","SERVICE CALL ELEVATOR 7 NOT WORKING","","03-07-2022 14:06:02","","ENG","84600","662500","","03-09-2022 14:12:00","kkrystopa@phsi.us","","$0.00"
"FPO0031049","Received","728033256","59385","$2,569.00","RAMM","RAMM INC","ROXBOROUGH MEMORIAL HOSPITAL","Repairs & Maintenance","","Kacey Krystopa","AIR VENT BLOWING OFF PENTHOUSE REHEAT SYSTEM, REPLACED, TIED VENT PIPING TO FLOOR DRAIN","","03-07-2022 09:43:53","","ENG","84600","662500","","03-09-2022 07:14:14","kkrystopa@phsi.us","","$0.00"
"FPO0031048","Received","728033251","59386","$441.00","RAMM","RAMM INC","ROXBOROUGH MEMORIAL HOSPITAL","Repairs & Maintenance","","Kacey Krystopa","REPLACED THERMOSTATIC VALVE,  FOUND CONDENSATE PIPING PRESSURIZED AND SLOWING DOWN DRAINAGE","","03-07-2022 09:41:21","JOB# 49393","ENG","84600","662500","","03-08-2022 07:08:07","kkrystopa@phsi.us","","$0.00"
"FPO0031047","Received","728033250","59387","$1,617.00","RAMM","RAMM INC","ROXBOROUGH MEMORIAL HOSPITAL","Repairs & Maintenance","","Kacey Krystopa","CLEANED STRAINERS FOR EACH HUMIDIFIER, LET RUN TILL SMELL DISSIPATED","","03-07-2022 09:34:47","JOB# 49316","ENG","84600","662500","","03-08-2022 07:08:33","kkrystopa@phsi.us","","$0.00"
"FPO0031046","Received","728033249","59388","$735.00","RAMM","RAMM INC","ROXBOROUGH MEMORIAL HOSPITAL","Repairs & Maintenance","","Kacey Krystopa","REPLACED REHEAT VALVE AND VAV DAMPER","","03-07-2022 09:27:35","JOB# 49311","ENG","84600","662500","","03-08-2022 07:08:57","kkrystopa@phsi.us","","$0.00"
"FPO0031045","Received","728033248","59389","$294.00","RAMM","RAMM INC","ROXBOROUGH MEMORIAL HOSPITAL","Repairs & Maintenance","","Kacey Krystopa","TESTED DUCT DETECTORS ON AHU'S. RESET UNITS AND MADE SURE ALL UNITS CAME BACK ONLINE","","03-07-2022 09:22:26","JOB# 49352","ENG","84600","662500","","03-08-2022 07:09:18","kkrystopa@phsi.us","","$0.00"
"FPO0031044","Received","728033245","59390","$147.00","RAMM","RAMM INC","ROXBOROUGH MEMORIAL HOSPITAL","Repairs & Maintenance","","Kacey Krystopa","WATER PUMP #2 LEAKING","","03-07-2022 09:19:12","JOB# 49329","ENG","84600","662500","","03-08-2022 07:09:39","kkrystopa@phsi.us","","$0.00"
"FPO0030958","Received","728033223","","$12,740.00","SIEMENS INDUSTRY INC","SIEMENS BUILDING TECHNOLOGIES","ROXBOROUGH MEMORIAL HOSPITAL","Purchased Services/Service Agreements","","Kristi Toy","3rd Year Service for BAS + HVAC Agreement - Previous PO#728023643-ENG. ","","03-04-2022 10:43:58","YEAR 3 - PM & HVAC CONTROL SERVICES AUTOMATION","ENG","84600","669500","","04-25-2022 14:44:39","kkrystopa@phsi.us","","$0.00"
"FPO0030952","Received","728033227","57651","$300.00","CM3 BUILDING SOLUTIONS INC","CM3 BUILDING SOLUTIONS INC","ROXBOROUGH MEMORIAL HOSPITAL","Repairs & Maintenance","","Kristi Toy","LAB INTERCOM SYSTEM NOT WORKING WHEN BUZZER IS PRESSED - SERVICE CALLED SYSTEM RESET","FWKD0386606","03-04-2022 08:00:50","","ENG","84600","662500","","03-07-2022 07:16:07","system","","$0.00"
"FPO0030951","Received","728033224","31570","$347.50","LIMA COMPANY","LIMA COMPANY","ROXBOROUGH MEMORIAL HOSPITAL","Repairs & Maintenance","","Kristi Toy","URGENT CARE SERVICE REQUEST FOR RESTROOMS THROUGHOUT BUILDING WITH MAIN DRAIN LINE CLEAN OUT","","03-04-2022 07:58:17","WO# 38432","ENG","84600","662500","","03-07-2022 07:16:26","system","","$0.00"
"FPO0030923","Approved-PO Issued","728033209","","$320.00","ICP MEDICAL LLC","ICP MEDICAL LLC","ROXBOROUGH MEMORIAL HOSPITAL","Repairs & Maintenance","","Kacey Krystopa","Privacy curtains","","03-03-2022 13:32:35","","ENG","84600","662500","","03-04-2022 09:05:50","admin","","$0.00"
"FPO0030914","Received","728033202","","$248.20","LABOV SUPPLY CO INC","LABOV SUPPLY CO INC THE","ROXBOROUGH MEMORIAL HOSPITAL","Repairs & Maintenance","","Kacey Krystopa","1/2"" Press Jaw","","03-03-2022 12:25:13","ORDER# S1505255","ENG","84600","662500","","05-13-2022 07:36:11","kkrystopa@phsi.us","","$0.00"
"FPO0030907","Approved-PO Issued","728033298","","$5,220.00","WYATT ELEVATOR COMPANY","WYATT ELEVATOR COMPANY","ROXBOROUGH MEMORIAL HOSPITAL","Purchased Services/Service Agreements","","Kacey Krystopa","3 year contract. Will increase 3% per year.","","03-03-2022 10:56:34","ELEVATOR WARRANTY MAINTENANCE SERVICE","ENG","84600","669500","","12-03-2024 14:02:39","system","","$0.00"
"FPO0030848","Received","728033192","S1504654.001","$46.80","LABOV SUPPLY CO INC","LABOV SUPPLY CO INC THE","ROXBOROUGH MEMORIAL HOSPITAL","Repairs & Maintenance","","Kacey Krystopa","Lever rod","","03-02-2022 09:16:55","","ENG","84600","662500","","03-03-2022 10:34:17","kkrystopa@phsi.us","","$0.00"
"FPO0030779","Received","728033183","117466","$285.00","NORDON LLC","NORDON LLC","ROXBOROUGH MEMORIAL HOSPITAL","Repairs & Maintenance","","Kacey Krystopa","replacement water filters cartridges","","02-28-2022 15:08:01","","ENG","84600","662500","","03-07-2022 07:16:54","kkrystopa@phsi.us","","$0.00"
"FPO0030769","Received","728033146","210161B","$7,168.75","DYNAMIC BALANCING CO INC","DYNAMIC BALANCING CO  INC","ROXBOROUGH MEMORIAL HOSPITAL","Repairs & Maintenance","","Kacey Krystopa","Labor for certifying room pressure and air changes","","02-28-2022 13:45:18","","ENG","84600","662500","","03-11-2022 14:05:03","kkrystopa@phsi.us","","$0.00"
"FPO0030768","Received","728033145","210161A","$8,718.75","DYNAMIC BALANCING CO INC","DYNAMIC BALANCING CO  INC","ROXBOROUGH MEMORIAL HOSPITAL","Repairs & Maintenance","","Kacey Krystopa","Extra labor to investigate and correct air flow issues","","02-28-2022 13:41:21","","ENG","84600","662500","","03-11-2022 14:06:30","kkrystopa@phsi.us","","$0.00"
"FPO0030739","Received","728033162","","$245.70","GRAINGER","GRAINGER WW INC 860641950","ROXBOROUGH MEMORIAL HOSPITAL","Repairs & Maintenance","","Kacey Krystopa","u-bend fluorescent bulb, t8, med bi-pin","","02-28-2022 08:32:11","","ENG","84600","662500","","08-17-2022 07:30:58","kkrystopa@phsi.us","","$0.00"
"FPO0030668","Approved-PO Issued","728033129","","$4,650.00","ELLIOTT LEWIS CORPORATION","ELLIOTT LEWIS","ROXBOROUGH MEMORIAL HOSPITAL","Purchased Services/Service Agreements","","Kristi Toy","IT LIEBERT UNIT CONTRACT RENEWEL- 3/1/2022- START","","02-25-2022 13:17:48","RENEWAL OF CAPITAL ASSET PROTECTION AGREEMENT","ENG","84600","669500","","08-26-2024 09:32:21","system","","$0.00"
"FPO0030637","Received","728033142","0273582-IN","$420.00","GENSERVE LLC","GENSERVE LLC","ROXBOROUGH MEMORIAL HOSPITAL","Repairs & Maintenance","","Kristi Toy","EMERGENCY SERVICE CALL 1/27 ON MTU GENERATOR ","","02-25-2022 07:43:13","","ENG","84600","662500","","03-10-2022 10:13:47","system","","$0.00"
"FPO0030615","Received","728033093","","$57.87","LABOV SUPPLY CO INC","LABOV SUPPLY CO INC THE","ROXBOROUGH MEMORIAL HOSPITAL","Repairs & Maintenance","","Kristi Toy","FRANKLIN REPAIR KIT - PICK UP ","","02-24-2022 11:54:15","ORDER# S1504815","ENG","84600","662500","","03-02-2022 08:48:41","kkrystopa@phsi.us","","$0.00"
"FPO0030549","Received","728033140","6329","$925.00","KLENZOID INC","KLENZOID INC","ROXBOROUGH MEMORIAL HOSPITAL","Repairs & Maintenance","","Kacey Krystopa","Culturing Legionella Report ID: 2202-00286","","02-23-2022 06:57:59","","ENG","84600","662500","","03-02-2022 08:57:53","kkrystopa@phsi.us","","$0.00"
"FPO0030422","Received","728033058","","$89.43","GRAINGER","GRAINGER WW INC 860641950","ROXBOROUGH MEMORIAL HOSPITAL","Repairs & Maintenance","Status: Delivered
Delivery Details:
>City/State: Philadelphia, PA
>Date: 2022-02-23
>Signature Name: Signature on File
>Delivery location: null","Kacey Krystopa","Maintenance supply","","02-21-2022 11:04:07","","ENG","84600","662500","","03-09-2022 07:36:33","ktoy@phsi.us","Delivered","$0.00"
"FPO0030330","Received","728033043","","$140.60","GRAINGER","GRAINGER WW INC 860641950","ROXBOROUGH MEMORIAL HOSPITAL","Repairs & Maintenance","","Kacey Krystopa","Utility cart w/ deep lipped shelves","","02-18-2022 10:55:24","","ENG","84600","662500","","03-09-2022 07:34:27","ktoy@phsi.us","","$0.00"
"FPO0030322","Received","728033013","","$2,768.00","CHADWICK SERVICE CO","CHADWICK SERVICE CO","ROXBOROUGH MEMORIAL HOSPITAL","Purchased Services/Service Agreements","","Kacey Krystopa","MRI UNIT PREVENTATIVE MAINTENANCE MAY 2022- FEB 2023","","02-18-2022 09:58:16","MRI UNIT PM AGREEMENT","ENG","84600","669500","","02-27-2024 10:56:45","system","","$0.00"
"FPO0030321","Received","728033161","59219","$1,176.00","RAMM","RAMM INC","ROXBOROUGH MEMORIAL HOSPITAL","Repairs & Maintenance","","Kacey Krystopa","FOUND BAD SMOKE DETECTOR ON SUPPLY DUCT. REPLACED DETECTOR FROM E55","","02-18-2022 09:34:26","","ENG","84600","662500","","03-03-2022 10:38:23","kkrystopa@phsi.us","","$0.00"
"FPO0030320","Received","728033012","59221","$2,806.00","RAMM","RAMM INC","ROXBOROUGH MEMORIAL HOSPITAL","Repairs & Maintenance","","Kacey Krystopa","REPLACED DAMPER AND ACTUATOR","","02-18-2022 09:29:39","","ENG","84600","662500","","02-22-2022 08:34:20","kkrystopa@phsi.us","","$0.00"
"FPO0030319","Received","728033040","59220","$441.00","RAMM","RAMM INC","ROXBOROUGH MEMORIAL HOSPITAL","Repairs & Maintenance","","Kacey Krystopa","COOLING TOWER FILTRATION PUMP","","02-18-2022 09:25:32","","ENG","84600","662500","","02-22-2022 11:50:29","kkrystopa@phsi.us","","$0.00"
"FPO0030318","Received","728033041","59218","$882.00","RAMM","RAMM INC","ROXBOROUGH MEMORIAL HOSPITAL","Repairs & Maintenance","","Kacey Krystopa","REMOVED SINGER UNIT TO CHECK RADIATOR COIL","","02-18-2022 09:19:13","","ENG","84600","662500","","02-22-2022 11:51:00","kkrystopa@phsi.us","","$0.00"
"FPO0030316","Received","728033042","59217","$1,029.00","RAMM","RAMM INC","ROXBOROUGH MEMORIAL HOSPITAL","Repairs & Maintenance","","Kacey Krystopa","RADIATOR REPLACED W/ NEW THERMOSTAT VALVE","","02-18-2022 09:09:22","","ENG","84600","662500","","02-22-2022 11:51:24","kkrystopa@phsi.us","","$0.00"
"FPO0030253","Received","728033037","","$320.00","ICP MEDICAL LLC","ICP MEDICAL LLC","ROXBOROUGH MEMORIAL HOSPITAL","Repairs & Maintenance","","Kacey Krystopa","Privacy curtain kit","","02-17-2022 12:17:15","","ENG","84600","662500","","02-28-2022 10:51:14","kkrystopa@phsi.us","","$0.00"
"FPO0030227","Received","728033008","","$568.10","FOLLETT PRODUCTS LLC","FOLLETT PRODUCTS LLC","ROXBOROUGH MEMORIAL HOSPITAL","Repairs & Maintenance","","Kacey Krystopa","Ice machine cleaning supplies","","02-17-2022 07:34:04","QUOTE# 00480380-2","ENG","84600","662500","","03-16-2022 08:01:18","kkrystopa@phsi.us","","$0.00"
"FPO0030174","Received","728032994","S1503786","$301.26","LABOV SUPPLY CO INC","LABOV SUPPLY CO INC THE","ROXBOROUGH MEMORIAL HOSPITAL","Repairs & Maintenance","","Kristi Toy","PICK UP ORDER - PLUMBING MATERIAL","","02-16-2022 09:21:49","","ENG","84600","662500","","02-18-2022 10:04:14","kkrystopa@phsi.us","","$0.00"
"FPO0030167","Received","728032993","","$157.60","GRAINGER","GRAINGER WW INC 860641950","ROXBOROUGH MEMORIAL HOSPITAL","Repairs & Maintenance","","Kristi Toy","STOCK ITEMS - STAPLE GUN, STAPLES, ADAPTERS","","02-16-2022 08:08:36","","ENG","84600","662500","","03-09-2022 07:35:53","ktoy@phsi.us","","$0.00"
"FPO0030166","Received","728032992","","$731.74","SHERWIN WILLIAMS CO INC","SHERWIN WILLIAMS CO INC","ROXBOROUGH MEMORIAL HOSPITAL","Repairs & Maintenance","","Kristi Toy","PAINT + SUPPLIES","","02-16-2022 08:00:50","","ENG","84600","662500","","03-04-2022 07:52:49","ktoy@phsi.us","","$0.00"
"FPO0030164","Received","728032951","","$14,780.45","FIRE DOOR SOLUTIONS LLC","FIRE DOOR SOLUTIONS LLC","ROXBOROUGH MEMORIAL HOSPITAL","Repairs & Maintenance","","Kristi Toy","FIRE AND SMOKE RATED DOOR REPAIRS FOR COMPLIANCE 2022","","02-16-2022 07:33:30","Fire and Smoke Rated Door Repairs – Phase I","ENG","84600","662500","","03-07-2022 15:15:44","system","","$0.00"
"FPO0030130","Received","728032930","0324-003234872","$47,529.50","REPUBLIC SERVICES INC","REPUBLIC SERVICES INC","ROXBOROUGH MEMORIAL HOSPITAL","Purchased Services/Service Agreements","","Kacey Krystopa","Trash removal services","","02-15-2022 13:34:36","2022 MONTHLY WASTE/RECYCLING REMOVAL","ENG","84600","669500","","02-27-2023 12:40:55","kkrystopa@phsi.us","","$0.00"
"FPO0030041","Received","728032977","","$828.00","CURBELL MEDICAL PRODUCTS INC","CURBELL MEDICAL PRODUCTS INC","ROXBOROUGH MEMORIAL HOSPITAL","Repairs & Maintenance","","Kacey Krystopa","Quote for Bed cords","","02-14-2022 12:28:46","QUOTE# 4227978","ENG","84600","662500","","02-02-2024 14:41:52","system","","$0.00"
"FPO0030021","Received","728032929","11183","$2,166.28","LIMBACH COMPANY LLC","LIMBACH COMPANY LLC","ROXBOROUGH MEMORIAL HOSPITAL","Repairs & Maintenance","","Kacey Krystopa","Repair of multiple leaks on acorn toilets in rm 470 and 474 ICU unit","","02-14-2022 08:03:24","","ENG","84600","662500","","02-27-2024 11:46:12","system","","$0.00"
"FPO0029902","Received","728032905","58295","$294.00","RAMM","RAMM INC","ROXBOROUGH MEMORIAL HOSPITAL","Repairs & Maintenance","","Kacey Krystopa","pulled and cleaned strainer, checked flex hose found build up, reconnected hose","","02-10-2022 13:56:08","","ENG","84600","662500","","02-15-2022 07:17:50","kkrystopa@phsi.us","","$0.00"
"FPO0029889","Received","728032859","02Q3636","$10,504.60","KLENZOID INC","KLENZOID INC","ROXBOROUGH MEMORIAL HOSPITAL","Purchased Services/Service Agreements","","Kacey Krystopa","WATER TREATMENT TESTING; BILLING, TOTAL $10,504.60","","02-10-2022 12:39:42","HVAC WATER TREATMENT SERVICE AGREEMENT","ENG","84600","669500","","11-03-2022 07:55:58","kkrystopa@phsi.us","","$0.00"
"FPO0029852","Received","728032903","531","$516.94","DARREN DANILOWICZ REFRIGERATIO","DARREN DANILOWICZ REFRIGERATIO","ROXBOROUGH MEMORIAL HOSPITAL","Repairs & Maintenance","","Kacey Krystopa","URGENT CARE ICE MACHINE LEAK","FWKD0365620","02-10-2022 07:20:08","","ENG","70830","662500","","02-15-2022 08:47:39","kkrystopa@phsi.us","","$0.00"
"FPO0029773","Received","728032834","","$247.26","GRAINGER","GRAINGER WW INC 860641950","ROXBOROUGH MEMORIAL HOSPITAL","Repairs & Maintenance","535989252710
Status: Delivered
>Date: 2022-02-14
>City/State: Philadelphia, PA
>Signature Name: Signature on File

 495192178504665
Status: Delivered
>Date: 2022-02-11
>City/State: Philadelphia, PA
>Signature Name: Signature on File

","Kacey Krystopa","BULK LIGHTING ORDER","","02-09-2022 09:55:18","","ENG","84600","662500","","03-09-2022 07:37:24","ktoy@phsi.us","Delivered","$0.00"
"FPO0029768","Approved-PO Issued","728032833","","$418.64","UNIFIRST CORP","UNIFIRST CORP","ROXBOROUGH MEMORIAL HOSPITAL","Repairs & Maintenance","","Kristi Toy","Uniforms - New Employee + Staff","","02-09-2022 08:47:00","","ENG","84600","662500","","03-10-2022 10:11:12","system","","$0.00"
"FPO0029532","Received","728032770","59113","$3,613.00","RAMM","RAMM INC","ROXBOROUGH MEMORIAL HOSPITAL","Repairs & Maintenance","","Kacey Krystopa","heating issues in Gero unit. new pneumatic tubing to reheats in each rm. Recalibrated other thermostats.","","02-04-2022 11:14:23","","ENG","84600","662500","","02-07-2022 15:23:13","kkrystopa@phsi.us","","$0.00"
"FPO0029487","Received","728032707","302052","$1,150.00","CLARK SERVICES GROUP LLC","CLARK SERVICES GROUP LLC","ROXBOROUGH MEMORIAL HOSPITAL","Repairs & Maintenance","","Kacey Krystopa","Q1 KITCHEN HOOD AND EXHAUST CLEANING","","02-03-2022 10:50:50","","ENG","84600","662500","","04-03-2023 08:35:53","system","","$0.00"
"FPO0029483","Received","728032704","","$210.06","GRAINGER","GRAINGER WW INC 860641950","ROXBOROUGH MEMORIAL HOSPITAL","Repairs & Maintenance","495192178412526
Status: Delivered
>Date: 2022-02-07
>City/State: Philadelphia, PA
>Signature Name: Signature on File

 186626774543
Status: Delivered
>Date: 2022-02-07
>City/State: Philadelphia, PA
>Signature Name: Signature on File

 186363688819
Status: Delivered
>Date: 2022-02-08
>City/State: Philadelphia, PA
>Signature Name: PVOLPONI

","Kacey Krystopa","Maintence lighting stock","","02-03-2022 09:41:19","","ENG","84600","662500","","07-13-2022 08:13:39","system","Delivered","$0.00"
"FPO0029454","Received","728032692","","$3,026.00","JOHNSON CONTROLS FIRE PROTECT","JOHNSON CONTROLS FIRE PROTECT","ROXBOROUGH MEMORIAL HOSPITAL","Repairs & Maintenance","","Kacey Krystopa","2 12V Batteries, 4 Horn/Strobes","","02-02-2022 14:00:59","SR# 50991536","ENG","84600","662500","","03-18-2022 10:57:27","kkrystopa@phsi.us","","$0.00"
"FPO0029440","Approved-PO Issued","728032705","","$267.95","SHERWIN WILLIAMS CO INC","SHERWIN WILLIAMS CO INC","ROXBOROUGH MEMORIAL HOSPITAL","Repairs & Maintenance","","Kristi Toy","SEALANT AND BLINDS - MAINTENANCE STOCK","","02-02-2022 10:27:32","QUOTE # 6010767","ENG","84600","662500","","02-09-2022 07:17:07","system","","$0.00"
"FPO0029399","Received","728032675","","$4,903.00","RAMM","RAMM INC","ROXBOROUGH MEMORIAL HOSPITAL","Repairs & Maintenance","","Kacey Krystopa","OVERHAUL SEAL KIT FOR AURORA DOMESTIC WATER PUMP","","02-01-2022 13:31:44","","ENG","84600","662500","","07-10-2023 10:04:43","system","","$0.00"
"FPO0029398","Received","728032706","34458","$856.00","ELECTRONIC SECURITY SOLUTIONS","ELECTRONIC SECURITY SOLUTIONS","ROXBOROUGH MEMORIAL HOSPITAL","Repairs & Maintenance","","Kacey Krystopa","REPLACED DUCT DETECTOR RTU4 SUPPLY","","02-01-2022 13:25:59","","ENG","84600","662500","","02-09-2022 07:15:52","kkrystopa@phsi.us","","$0.00"
"FPO0029364","Received","728032668","","$3,710.00","RAMM","RAMM INC","ROXBOROUGH MEMORIAL HOSPITAL","Repairs & Maintenance","","Kacey Krystopa","Replace 2 hot water recirculating pumps on hot water generator in AS-1 Mechanical rm.","","02-01-2022 07:09:48","","ENG","84600","662500","","02-28-2022 14:56:21","kkrystopa@phsi.us","","$0.00"
"FPO0029329","Received","728032662","","$4,620.00","RAMM","RAMM INC","ROXBOROUGH MEMORIAL HOSPITAL","Repairs & Maintenance","","Kacey Krystopa","remove insulation, drain chilled water, install flanges and fittings, refill and reinsulate pipe","","01-31-2022 13:34:14","","ENG","84600","662500","","04-04-2022 07:58:33","kkrystopa@phsi.us","","$0.00"
"FPO0029321","Received","728032634","59054","$1,176.00","RAMM","RAMM INC","ROXBOROUGH MEMORIAL HOSPITAL","Repairs & Maintenance","","Kacey Krystopa","Service call for cold areas. adjusted air diffusers to supply more air","","01-31-2022 09:34:42","","ENG","84600","662500","","01-31-2022 13:47:17","kkrystopa@phsi.us","","$0.00"
"FPO0029320","Received","728032633","59050","$588.00","RAMM","RAMM INC","ROXBOROUGH MEMORIAL HOSPITAL","Repairs & Maintenance","","Kacey Krystopa","radiator had leak, replaced new adaptor","","01-31-2022 09:31:47","","ENG","84600","662500","","01-31-2022 13:47:38","kkrystopa@phsi.us","","$0.00"
"FPO0029319","Received","728032632","127209","$250.00","C 3 TECHNOLOGIES LLC","C 3 TECHNOLOGIES LLC","ROXBOROUGH MEMORIAL HOSPITAL","Repairs & Maintenance","","Kacey Krystopa","restarted manual test. programmed test to rerun","","01-31-2022 08:24:23","","ENG","84600","662500","","01-31-2022 13:48:04","kkrystopa@phsi.us","","$0.00"
"FPO0029318","Received","728032631","10547","$530.00","MADDEN ELECTRIC ASSOCIATES INC","MADDEN ELECTRIC ASSOC INC","ROXBOROUGH MEMORIAL HOSPITAL","Repairs & Maintenance","","Kacey Krystopa","Emergency call. ATS Switch did not go back to normal after test. relay was stuck. manually closed the switch to normal position","","01-31-2022 07:27:36","","ENG","84600","662500","","11-18-2024 08:15:17","system","","$0.00"
"FPO0029132","Received","728032584","0906434401","$375.00","STANLEY ACCESS TECH","STANLEY ACCESS TECH","ROXBOROUGH MEMORIAL HOSPITAL","Repairs & Maintenance","","Kacey Krystopa","ER DEPT ENTRANCE DOOR NOT OPENING OR CLOSING","","01-26-2022 07:18:24","","ENG","84600","662500","","04-13-2022 11:31:54","system","","$0.00"
"FPO0029033","Received","728032521","","$634.00","MAJOR MEDICAL HOSPITAL SVCS","MAJOR MEDICAL HOSPITAL SVCS","ROXBOROUGH MEMORIAL HOSPITAL","Repairs & Maintenance","","Kacey Krystopa","Medical Vacuum PM maintenance repairs","","01-24-2022 08:46:59","","ENG","84600","662500","","03-10-2022 12:49:37","kkrystopa@phsi.us","","$0.00"
"FPO0029032","Received","728032522","","$12,988.00","BRAND SERVICES","BRAND SERVICES","ROXBOROUGH MEMORIAL HOSPITAL","Repairs & Maintenance","","Kacey Krystopa","Damper Inspection","","01-24-2022 08:10:09","","ENG","84600","662500","","10-03-2024 09:41:15","system","","$0.00"
"FPO0028994","Received","728032603","10760","$4,238.00","LIMBACH COMPANY LLC","LIMBACH COMPANY LLC","ROXBOROUGH MEMORIAL HOSPITAL","Repairs & Maintenance","","Kacey Krystopa","Plumbing repairs. Xray room, rm 352, rm 214. several faucet repairs and drain cleaning throughout the hospital","FWKD0349834","01-21-2022 13:21:07","","ENG","84600","662500","","10-31-2024 11:17:13","system","","$0.00"
"FPO0028990","Received","728032506","","$249.26","GRAINGER","GRAINGER WW INC 860641950","ROXBOROUGH MEMORIAL HOSPITAL","Repairs & Maintenance","","Kristi Toy","Maintenance Stock Items - zip ties, ice machine sponges, pneumatic thermostats ","","01-21-2022 11:50:04","","ENG","84600","662500","","02-04-2022 07:45:33","kkrystopa@phsi.us","","$0.00"
"FPO0028983","Received","728032498","","$339.53","GRAINGER","GRAINGER WW INC 860641950","ROXBOROUGH MEMORIAL HOSPITAL","Repairs & Maintenance","495192178226338
Status: Delivered
>Date: 2022-01-24
>City/State: Philadelphia, PA
>Signature Name: ROXBOROUGH

","Kristi Toy","Maintenance Stock Items - Scouring pads and Barrier System for COVID ","","01-21-2022 10:56:18","","ENG","84600","662500","","02-04-2022 07:47:04","kkrystopa@phsi.us","","$0.00"
"FPO0028927","Received","728032480","34263","$335.00","ELECTRONIC SECURITY SOLUTIONS","ELECTRONIC SECURITY SOLUTIONS","ROXBOROUGH MEMORIAL HOSPITAL","Repairs & Maintenance","","Kacey Krystopa","BURGLAR ALARM NOT WORKING","","01-20-2022 13:52:03","","ENG","70830","662500","","01-21-2022 09:08:25","kkrystopa@phsi.us","","$0.00"
"FPO0028912","Approved-PO Issued","728032465","","$7,056.00","PURE WATER TECHNOLOGY OF CENTR","PURE WATER TECHNOLOGY OF CENTE","ROXBOROUGH MEMORIAL HOSPITAL","Purchased Services/Service Agreements","","Kacey Krystopa","MONTHLY RENTAL FOR WATER PURIFICATION UNITS","","01-20-2022 11:37:10","2022 MONTHLY RENTAL - WATER PURIFICATION UNITS","ENG","84600","669500","","09-04-2024 10:48:20","system","","$0.00"
"FPO0028900","Received","728032479","","$3,128.63","GENERAL AIRE SYSTEMS INC","GENERAL AIRE SYSTEMS INC","ROXBOROUGH MEMORIAL HOSPITAL","Repairs & Maintenance","","Kacey Krystopa","UV Lights","","01-20-2022 10:55:33","QUOTE# A-012252-DC","ENG","84600","662500","","04-14-2022 07:34:29","kkrystopa@phsi.us","","$0.00"
"FPO0028891","Received","728032464","","$178.75","GRAINGER","GRAINGER WW INC 860641950","ROXBOROUGH MEMORIAL HOSPITAL","Repairs & Maintenance","","Kacey Krystopa","DIGITAL DIFF PRESSURE GAUGE","","01-20-2022 08:12:53","","ENG","84600","662500","","02-04-2022 07:43:57","kkrystopa@phsi.us","","$0.00"
"FPO0028887","Received","728032463","","$995.00","ELLIOTT LEWIS CORPORATION","ELLIOTT LEWIS","ROXBOROUGH MEMORIAL HOSPITAL","Repairs & Maintenance","","Kacey Krystopa","CLEAN YORK DUCTLESS SPLIT WALL MOUNT","","01-20-2022 07:26:02","","ENG","84600","662500","","03-15-2022 11:13:16","kkrystopa@phsi.us","","$0.00"
"FPO0028839","Received","728032455","","$13,080.51","GENERAL AIRE SYSTEMS INC","GENERAL AIRE SYSTEMS INC","ROXBOROUGH MEMORIAL HOSPITAL","Repairs & Maintenance","","Kacey Krystopa","AIR FILTERS","","01-19-2022 14:07:06","QUOTE# A-012254-DC","ENG","84600","662500","","06-29-2022 08:31:06","kkrystopa@phsi.us","","$0.00"
"FPO0028811","Received","728032449","","$650.96","LABOV SUPPLY CO INC","LABOV SUPPLY CO INC THE","ROXBOROUGH MEMORIAL HOSPITAL","Repairs & Maintenance","","Kacey Krystopa","Cop baseboard","","01-19-2022 07:38:35","","ENG","84600","662500","","02-16-2022 09:25:04","system","","$0.00"
"FPO0028789","Received","728032453","","$3,500.00","DC GROUP INC","DC GROUP INC","ROXBOROUGH MEMORIAL HOSPITAL","Purchased Services/Service Agreements","","Kacey Krystopa","UPS & Batteries semi annual inspection","","01-18-2022 13:59:10","2022 SEMI-ANNUAL UPS/BATTERY INSPECTION","ENG","84600","669500","","04-22-2024 14:37:11","system","","$0.00"
"FPO0028775","Received","728032437","","$24.06","ZORO TOOLS INC","ZORO TOOLS INC","ROXBOROUGH MEMORIAL HOSPITAL","Repairs & Maintenance","","Kacey Krystopa","4PK LIGHT BULBS","","01-18-2022 11:11:02","","ENG","84600","662500","","06-03-2022 08:40:35","ktoy@phsi.us","","$0.00"
"FPO0028774","Received","728032436","","$19.50","GRAINGER","GRAINGER WW INC 860641950","ROXBOROUGH MEMORIAL HOSPITAL","Repairs & Maintenance","","Kacey Krystopa","DOOR LATCH GUARD","","01-18-2022 11:08:08","","ENG","84600","662500","","02-04-2022 07:40:37","kkrystopa@phsi.us","","$0.00"
"FPO0028765","Received","728032435","34590","$2,692.36","MAJOR MEDICAL HOSPITAL SVCS","MAJOR MEDICAL HOSPITAL SVCS","ROXBOROUGH MEMORIAL HOSPITAL","Repairs & Maintenance","","Kacey Krystopa","ANNUAL MED GAS OUTLET INSPECTION","","01-18-2022 09:09:51","34590","ENG","84600","662500","","02-04-2022 08:30:08","kkrystopa@phsi.us","","$0.00"
"FPO0028644","Received","728032394","","$19.15","GRAINGER","GRAINGER WW INC 860641950","ROXBOROUGH MEMORIAL HOSPITAL","Repairs & Maintenance","","Kacey Krystopa","ROTARY HAMMER DRILLS","","01-14-2022 10:27:27","","ENG","84600","662500","","02-04-2022 07:42:06","kkrystopa@phsi.us","","$0.00"
"FPO0028642","Received","728032393","58994","$735.00","RAMM","RAMM INC","ROXBOROUGH MEMORIAL HOSPITAL","Repairs & Maintenance","","Kacey Krystopa","EF3 AND EF4 EXHAUST FAN MOTOR REPLACEMENT","","01-14-2022 09:47:28","","ENG","84600","662500","","01-18-2022 07:22:30","kkrystopa@phsi.us","","$0.00"
"FPO0028641","Received","728032392","58993","$1,396.50","RAMM","RAMM INC","ROXBOROUGH MEMORIAL HOSPITAL","Repairs & Maintenance","","Kacey Krystopa","OR TOO WARM. RESET CONTROLS FOR AC1,3,4,2","","01-14-2022 09:45:27","","ENG","84600","662500","","01-18-2022 07:22:02","kkrystopa@phsi.us","","$0.00"
"FPO0028640","Received","728032387","58992","$8,011.00","RAMM","RAMM INC","ROXBOROUGH MEMORIAL HOSPITAL","Repairs & Maintenance","","Kacey Krystopa","SON STEAM KEEPS BLOWING","","01-14-2022 09:43:22","INVOICE# 58992","ENG","82200","662500","","01-17-2022 07:59:46","kkrystopa@phsi.us","","$0.00"
"FPO0028638","Received","728032390","58991","$4,746.00","RAMM","RAMM INC","ROXBOROUGH MEMORIAL HOSPITAL","Repairs & Maintenance","","Kacey Krystopa","RADIATOR LEAK IN QUALITY MANAGEMENT","","01-14-2022 09:40:53","","ENG","84600","662500","","01-18-2022 07:21:07","kkrystopa@phsi.us","","$0.00"
"FPO0028595","Received","728032365","","$18.66","GRAINGER","GRAINGER WW INC 860641950","ROXBOROUGH MEMORIAL HOSPITAL","Repairs & Maintenance","","Kacey Krystopa","312 battery pkg of 16","","01-13-2022 12:36:11","","ENG","84600","662500","","02-04-2022 07:37:42","kkrystopa@phsi.us","","$0.00"
"FPO0028593","Received","728032366","","$289.36","GRAINGER","GRAINGER WW INC 860641950","ROXBOROUGH MEMORIAL HOSPITAL","Repairs & Maintenance","","Kacey Krystopa","Pneumatic thermostat","","01-13-2022 12:12:23","","ENG","84600","662500","","02-04-2022 07:39:13","kkrystopa@phsi.us","","$0.00"
"FPO0028575","Received","728032364","2446758","$310.00","SECURITAS HEALTHCARE LLC","SECURITAS HEALTHCARE LLC","ROXBOROUGH MEMORIAL HOSPITAL","Repairs & Maintenance","","Kacey Krystopa","Call bell issue","","01-13-2022 07:17:57","","ENG","84600","662500","","10-01-2024 12:53:07","system","","$0.00"
"FPO0028557","Approved-PO Issued","728032363","","$642.40","CREST HEALTHCARE SUPPLY","CREST HEALTHCARE SUPPLY","ROXBOROUGH MEMORIAL HOSPITAL","Repairs & Maintenance","","Kacey Krystopa","Elite Digital Pillow Speaker","","01-12-2022 14:29:35","QUOTE# SQ026885","ENG","84600","662500","","05-02-2024 14:39:50","system","","$0.00"
"FPO0028548","Received","728032332","10391","$2,655.00","LIMBACH COMPANY LLC","LIMBACH COMPANY LLC","ROXBOROUGH MEMORIAL HOSPITAL","Repairs & Maintenance","","Kacey Krystopa","PLUMBING SERVICES","","01-12-2022 11:58:33","","ENG","84600","662500","","02-27-2024 11:47:53","system","","$0.00"
"FPO0028527","Canceled","","10391","$2,655.00","LIMBACH COMPANY LLC","LIMBACH COMPANY LLC","ROXBOROUGH MEMORIAL HOSPITAL","Repairs & Maintenance","","Kristi Toy","PLUMBING SERVICES NEEDED FOR CORRECTIVE MAINTENANCE - REPLACE 2 FAUCETS, REBUILD, LEAK ON WALL HUNG TOILET, FAUCET REPLACEMENT, REPLACE STRAINER, LAV SINK ","","01-12-2022 09:32:33","","ENG","84600","662500","","08-15-2022 13:37:48","mcardenas3@phsi.us","","$0.00"
"FPO0028525","Received","728032334","","$182.74","GRAINGER","GRAINGER WW INC 860641950","ROXBOROUGH MEMORIAL HOSPITAL","Repairs & Maintenance","558709875635
Status: Delivered
>Date: 2022-01-14
>City/State: Philadelphia, PA
>Signature Name: ROXBOROUGH

 558709880141
Status: Delivered
>Date: 2022-01-14
>City/State: Philadelphia, PA
>Signature Name: ROXBOROUGH

","Kristi Toy","FLAGS FOR ROXBOROUGH MEMORIAL","","01-12-2022 09:26:55","","ENG","84600","662500","","02-04-2022 07:36:40","system","Delivered","$0.00"
"FPO0028490","Received","728032317","","$67.28","GRAINGER","GRAINGER WW INC 860641950","ROXBOROUGH MEMORIAL HOSPITAL","Repairs & Maintenance","","Kacey Krystopa","Hex Washer Screws","","01-11-2022 13:34:19","","ENG","84600","662500","","02-04-2022 07:34:22","kkrystopa@phsi.us","","$0.00"
"FPO0028472","Received","728032314","918409560","$172.21","TENNANT SALES & SERVICE CO","TENNANT SALES & SERVICE CO","ROXBOROUGH MEMORIAL HOSPITAL","Repairs & Maintenance","","Kacey Krystopa","PM MAINTENANCE","","01-11-2022 10:00:59","","ENG","84400","662500","","01-12-2022 09:47:50","kkrystopa@phsi.us","","$0.00"
"FPO0028470","Received","728032315","918409519","$114.80","TENNANT SALES & SERVICE CO","TENNANT SALES & SERVICE CO","ROXBOROUGH MEMORIAL HOSPITAL","Repairs & Maintenance","","Kacey Krystopa","PM SERVICE","","01-11-2022 09:21:18","","ENG","84400","662500","","01-12-2022 09:47:11","kkrystopa@phsi.us","","$0.00"
"FPO0028469","Received","728032313","918409518","$272.55","TENNANT SALES & SERVICE CO","TENNANT SALES & SERVICE CO","ROXBOROUGH MEMORIAL HOSPITAL","Repairs & Maintenance","","Kacey Krystopa","PM SERVICE","","01-11-2022 09:11:52","","ENG","84400","662500","","01-12-2022 09:43:20","kkrystopa@phsi.us","","$0.00"
"FPO0028346","Received","728032264","","$214.30","LABOV SUPPLY CO INC","LABOV SUPPLY CO INC THE","ROXBOROUGH MEMORIAL HOSPITAL","Repairs & Maintenance","","Kacey Krystopa","Boiler 1 parts","","01-07-2022 08:46:47","ORDER# S1501981","ENG","84600","662500","","01-21-2022 13:04:52","kkrystopa@phsi.us","","$0.00"
"FPO0028285","Canceled","728032240","S1501013.001","$0.00","LABOV SUPPLY CO INC","LABOV SUPPLY CO INC THE","ROXBOROUGH MEMORIAL HOSPITAL","Repairs & Maintenance","","Kristi Toy","PLUMBING PART RETURN AND REPLACEMENT REMAINING BALANCE - RELATED TO PO 728031731-ENG ","","01-06-2022 07:42:16","","ENG","84600","662500","","02-29-2024 07:10:32","system","","$0.00"
"FPO0028206","Received","728032217","","$375.00","AIR LINK INTERNATIONAL","AIR LINK INTERNATIONAL","ROXBOROUGH MEMORIAL HOSPITAL","Repairs & Maintenance","","Kristi Toy","ER TO LAB PNEUMATIC AIR TUBE SYSTEM BLOWER #2","","01-05-2022 08:21:01","Est#504434","ENG","84600","662500","","09-13-2024 09:26:30","system","","$0.00"
"FPO0028091","Received","728032164","58916","$441.00","RAMM","RAMM INC","ROXBOROUGH MEMORIAL HOSPITAL","Repairs & Maintenance","","Kacey Krystopa","Control issues","","01-03-2022 14:32:10","58916","ENG","84600","662500","","01-04-2022 12:46:18","kkrystopa@phsi.us","","$0.00"
"FPO0028090","Received","728032167","58881","$975.00","RAMM","RAMM INC","ROXBOROUGH MEMORIAL HOSPITAL","Repairs & Maintenance","","Kacey Krystopa","Remote sensor and dial","","01-03-2022 14:30:03","JOB# JP48938","ENG","84600","662500","","01-04-2022 12:45:59","kkrystopa@phsi.us","","$0.00"
"FPO0027963","Received","728032108","529","$1,084.00","DARREN DANILOWICZ REFRIGERATIO","DARREN DANILOWICZ REFRIGERATIO","ROXBOROUGH MEMORIAL HOSPITAL","Repairs & Maintenance","","Kacey Krystopa","GERO ICE MACHINE FIX","","12-29-2021 11:44:17","","ENG","84600","662500","","12-29-2021 14:07:49","kkrystopa@phsi.us","","$0.00"
"FPO0027961","Received","728032106","58859","$479.00","RAMM","RAMM INC","ROXBOROUGH MEMORIAL HOSPITAL","Repairs & Maintenance","","Kacey Krystopa","HW GENERATOR #2 CIRCULATOR AS-1 MECH ROOM","","12-29-2021 11:37:27","58859","ENG","84600","662500","","12-29-2021 12:25:13","kkrystopa@phsi.us","","$0.00"
"FPO0027958","Received","728032105","58845","$1,470.00","RAMM","RAMM INC","ROXBOROUGH MEMORIAL HOSPITAL","Repairs & Maintenance","","Kacey Krystopa","RTU DRAINS","","12-29-2021 10:59:15","58845","ENG","84600","662500","","12-29-2021 12:24:50","kkrystopa@phsi.us","","$0.00"
"FPO0027957","Received","728032107","58844","$1,617.00","RAMM","RAMM INC","ROXBOROUGH MEMORIAL HOSPITAL","Repairs & Maintenance","","Kacey Krystopa","Condenser pump 2 & 3 DP Switch","","12-29-2021 10:56:32","58844","ENG","84600","662500","","12-29-2021 12:30:11","kkrystopa@phsi.us","","$0.00"
"FPO0027947","Received","728032109","","$621.00","KB LIGHTING MFG CO INC","KB LIGHTING MFG CO  INC","ROXBOROUGH MEMORIAL HOSPITAL","Repairs & Maintenance","","Kacey Krystopa","Lighting stock","","12-29-2021 08:38:25","","ENG","84600","662500","","01-17-2022 08:06:00","kkrystopa@phsi.us","","$0.00"
"FPO0027912","Received","728032135","","$70.18","SHERWIN WILLIAMS CO INC","SHERWIN WILLIAMS CO INC","ROXBOROUGH MEMORIAL HOSPITAL","Repairs & Maintenance","","Kristi Toy","SPACKCLE AND SPONGES - MAINTENANCE STOCK + DISCOUNT ","","12-28-2021 09:51:23","","ENG","84600","662500","","01-05-2022 08:55:05","system","","$0.00"
"FPO0027902","Received","728032079","0188752","$4,009.13","DELVAL EQUIPMENT","DELVAL EQUIPMENT CORP","ROXBOROUGH MEMORIAL HOSPITAL","Repairs & Maintenance","","Kacey Krystopa","Troubleshoot flame failure boiler unit 1 and 2","","12-28-2021 07:13:59","0188752","ENG","84600","662500","","12-28-2021 12:17:41","kkrystopa@phsi.us","","$0.00"
"FPO0027901","Received","728032085","","$16.94","GRAINGER","GRAINGER WW INC 860641950","ROXBOROUGH MEMORIAL HOSPITAL","Repairs & Maintenance","","Kristi Toy","COMPARTMENT BOX CLEAR","","12-28-2021 07:12:41","","ENG","84600","662500","","02-04-2022 07:32:38","system","","$0.00"
"FPO0027881","Received","728032067","","$3.36","GRAINGER","GRAINGER WW INC 860641950","ROXBOROUGH MEMORIAL HOSPITAL","Repairs & Maintenance","Status: Delivered
Delivery Details:
>City/State: Philadelphia, PA
>Date: 2021-12-28
>Signature Name: Signature not required
>Delivery location: null","Kacey Krystopa","4l230 belt (2)","","12-27-2021 14:15:39","","ENG","84600","662500","","02-04-2022 07:30:54","kkrystopa@phsi.us","Delivered","$0.00"
"FPO0027857","Received","728032064","","$2,700.00","APEX SERVICES INC","APEX SERVICES INC","ROXBOROUGH MEMORIAL HOSPITAL","Repairs & Maintenance","","Kristi Toy","SCHOOL OF NURSING FURNISH AND INSTALL 2 TAIL PIPE RAILINGS FOR 6 STAIRS - SAFETY ","","12-27-2021 07:59:30","","ENG","84600","662500","","02-04-2022 08:23:38","kkrystopa@phsi.us","","$0.00"
"FPO0027803","Approved-PO Issued","728032049","","$360.80","BLANKIN EQUIPMENT CORP","BLANKIN EQUIPMENT CORP","ROXBOROUGH MEMORIAL HOSPITAL","Repairs & Maintenance","","Kristi Toy","RAD VALVES - Kristi,

N10737 ½""          $45.60ea (3 in stock)
N10757 ¾""          $56.00ea (7 in stock)     
Pricing is net + UPS.

Jack Shields
Inside Sales

215.229.7400 (direct) | 267.767.7942 (mobile)
www.chesapeakesystems.com

489 Shoemaker Drive, King of Prussia, Pennsylvania 19406
Office: 215.229.7400 | Direct: 484.322.5537 | Fax: 215.228.2560
Mobile: 267-767-7942
Website: www.blankinequipment.com","","12-23-2021 10:51:11","","ENG","84600","662500","","12-23-2021 12:05:56","admin","","$0.00"
"FPO0027741","Received","728032044","","$711.00","ARTIC ICE & CHEMICAL","ARTIC ICE & CHEMICAL INC","ROXBOROUGH MEMORIAL HOSPITAL","Repairs & Maintenance","","Kristi Toy","SOLAR SALT - BOILER HOUSE","","12-22-2021 07:52:03","","ENG","84600","662500","","01-27-2023 11:01:03","system","","$0.00"
"FPO0027738","Received","728032043","34448","$58.40","MAJOR MEDICAL HOSPITAL SVCS","MAJOR MEDICAL HOSPITAL SVCS","ROXBOROUGH MEMORIAL HOSPITAL","Repairs & Maintenance","","Kacey Krystopa","tri tech O2 outlet","","12-22-2021 07:10:03","34448","ENG","84600","662500","","12-31-2021 04:19:36","system","","$0.00"
"FPO0027545","Approved-PO Issued","728033752","","$102,193.50","MMSR LLC","MMSR LLC","ROXBOROUGH MEMORIAL HOSPITAL","Purchased Services/Service Agreements","","Kacey Krystopa","See attached snow removal & ice management agreement for 2021-2022.","","12-17-2021 13:50:48","OCT 2021-2022 SNOW REMOVAL/DE-ICING","ENG","84500","669500","","10-14-2024 15:32:53","system","","$0.00"
"FPO0027513","Received","728031969","58797","$2,121.00","RAMM","RAMM INC","ROXBOROUGH MEMORIAL HOSPITAL","Repairs & Maintenance","","Kacey Krystopa","Condenser pump #1","","12-17-2021 09:20:36","","ENG","84600","662500","","12-20-2021 07:10:04","kkrystopa@phsi.us","","$0.00"
"FPO0027512","Received","728031970","58796","$2,176.00","RAMM","RAMM INC","ROXBOROUGH MEMORIAL HOSPITAL","Repairs & Maintenance","","Kacey Krystopa","Ground Fl steam issues","","12-17-2021 09:18:17","","ENG","84600","662500","","12-20-2021 07:10:44","kkrystopa@phsi.us","","$0.00"
"FPO0027420","Approved-PO Issued","728031916","","$834.00","CARDONE NUSS PRINTING","CARDONE NUSS PRINTING","ROXBOROUGH MEMORIAL HOSPITAL","Repairs & Maintenance","","Kristi Toy","GENDER NEUTRAL SIGNAGE, PARKING LOT SIGNAGE","","12-15-2021 14:32:59","","ENG","84600","662500","","08-29-2024 13:07:33","system","","$0.00"
"FPO0027409","Received","728031917","5559565","$377.48","BILLOWS ELECTRIC SUPPLY COMPAN","BILLOWS ELECTRIC SUPPLY","ROXBOROUGH MEMORIAL HOSPITAL","Repairs & Maintenance","","Kristi Toy","ELECTRICAL SUPPLY","","12-15-2021 11:32:16","","ENG","84600","662500","","12-21-2021 07:19:50","ktoy@phsi.us","","$0.00"
"FPO0027406","Received","728031919","9906","$1,279.00","LIMBACH COMPANY LLC","LIMBACH COMPANY LLC","ROXBOROUGH MEMORIAL HOSPITAL","Repairs & Maintenance","","Kristi Toy","PLUMBER SERVICE - KITCHEN DISPOSAL DRAIN REPLACEMENT, 3RD FLOOR BASKET STRAINER","FWKD0318975","12-15-2021 11:13:36","9906","ENG","84600","662500","","12-21-2021 07:20:07","ktoy@phsi.us","","$0.00"
"FPO0027396","Received","728031908","","$170.92","GRAINGER","GRAINGER WW INC 860641950","ROXBOROUGH MEMORIAL HOSPITAL","Repairs & Maintenance","Status: Delivered
Delivery Details:
>City/State: Philadelphia, PA
>Date: 2021-12-16
>Signature Name: ROXBOROUGH
>Delivery location: null","Kacey Krystopa","12in Red Line Glass Rod Kit, 9V battery 12pk, AA batteries 36pk","","12-15-2021 08:25:00","","ENG","84600","662500","","01-09-2024 09:16:44","system","Delivered","$0.00"
"FPO0027395","Received","728031906","","$4,940.50","FIRE DOOR SOLUTIONS LLC","FIRE DOOR SOLUTIONS LLC","ROXBOROUGH MEMORIAL HOSPITAL","Repairs & Maintenance","","Kristi Toy","2021 FIRE AND SMOKE RATED DOOR INSPECTION - NFPA 80 ","","12-15-2021 08:19:12","","ENG","84600","662500","","02-17-2023 16:17:03","system","","$0.00"
"FPO0027352","Received","728031909","33704","$420.00","ELECTRONIC SECURITY SOLUTIONS","ELECTRONIC SECURITY SOLUTIONS","ROXBOROUGH MEMORIAL HOSPITAL","Repairs & Maintenance","","Kacey Krystopa","MONITOR FIRE ALARM SYSTEM DECEMBER","","12-14-2021 11:25:33","33704","ENG","84600","662500","","12-20-2021 07:11:46","kkrystopa@phsi.us","","$0.00"
"FPO0027310","Received","728031877","","$2,000.00","LOCKATONG ENGINEERING INC","LOCKATONG ENGINEERING INC","ROXBOROUGH MEMORIAL HOSPITAL","Repairs & Maintenance","","Kacey Krystopa","UST INSPECTION","","12-13-2021 13:45:17","","ENG","84600","662500","","12-30-2021 14:47:28","kkrystopa@phsi.us","","$0.00"
"FPO0027290","Received","728031879","29267","$1,356.01","LIMA COMPANY","LIMA COMPANY","ROXBOROUGH MEMORIAL HOSPITAL","Repairs & Maintenance","","Kacey Krystopa","REPLACED SECTION OF BROKEN PIPE","","12-13-2021 09:10:00","29267","ENG","84600","662500","","12-14-2021 07:06:57","kkrystopa@phsi.us","","$0.00"
"FPO0027259","Received","728031857","","$245.50","GRAINGER","GRAINGER WW INC 860641950","ROXBOROUGH MEMORIAL HOSPITAL","Repairs & Maintenance","495192177728109
Status: Delivered
>Date: 2021-12-14
>City/State: Philadelphia, PA
>Signature Name: Signature on File

 495192177728147
Status: Delivered
>Date: 2021-12-14
>City/State: Philadelphia, PA
>Signature Name: Signature on File

","Kacey Krystopa","motor and 4 belts","","12-10-2021 13:35:59","","ENG","84600","662500","","01-06-2022 07:09:09","kkrystopa@phsi.us","Delivered","$0.00"
"FPO0027243","Received","728031852","58690","$588.00","RAMM","RAMM INC","ROXBOROUGH MEMORIAL HOSPITAL","Repairs & Maintenance","","Kacey Krystopa","AS-1 CHILLED WATER LEAK","","12-10-2021 10:55:58","58690","ENG","84600","662500","","12-13-2021 13:09:31","system","","$0.00"
"FPO0027241","Received","728031851","58691","$2,499.00","RAMM","RAMM INC","ROXBOROUGH MEMORIAL HOSPITAL","Repairs & Maintenance","","Kacey Krystopa","RESIDENTS LOUNGE FAN COILS NOT WORKING","","12-10-2021 10:52:31","58691","ENG","84600","662500","","12-10-2021 14:33:48","kkrystopa@phsi.us","","$0.00"
"FPO0027232","Received","728031850","","$295.34","GRAINGER","GRAINGER WW INC 860641950","ROXBOROUGH MEMORIAL HOSPITAL","Repairs & Maintenance","","Kacey Krystopa","Pneumatic thermostat, v-belt","","12-10-2021 08:13:38","","ENG","84600","662500","","12-27-2021 08:10:21","kkrystopa@phsi.us","","$0.00"
"FPO0027180","Received","728031830","","$28.50","GRAINGER","GRAINGER WW INC 860641950","ROXBOROUGH MEMORIAL HOSPITAL","Repairs & Maintenance","Status: Delivered
Delivery Details:
>City/State: Philadelphia, PA
>Date: 2021-12-10
>Signature Name: Signature on File
>Delivery location: null","Kacey Krystopa","Vacuum breaker repair kit","","12-08-2021 14:38:58","","ENG","84600","662500","","02-12-2024 11:08:23","system","Delivered","$0.00"
"FPO0027158","Received","728031805","34351","$1,200.00","MAJOR MEDICAL HOSPITAL SVCS","MAJOR MEDICAL HOSPITAL SVCS","ROXBOROUGH MEMORIAL HOSPITAL","Repairs & Maintenance","","Kacey Krystopa","Emergency call for medical air flow","","12-08-2021 11:06:51","34351","ENG","84600","662500","","12-09-2021 15:06:44","kkrystopa@phsi.us","","$0.00"
"FPO0027140","Received","728031804","125474","$1,724.38","C 3 TECHNOLOGIES LLC","C 3 TECHNOLOGIES LLC","ROXBOROUGH MEMORIAL HOSPITAL","Repairs & Maintenance","","Kacey Krystopa","UNDERGROUND TANK SERVICE","","12-08-2021 07:27:48","INVOICE# 125474","ENG","84600","662500","","12-10-2021 10:45:47","kkrystopa@phsi.us","","$0.00"
"FPO0027085","Received","728031768","527","$274.69","DARREN DANILOWICZ REFRIGERATIO","DARREN DANILOWICZ REFRIGERATIO","ROXBOROUGH MEMORIAL HOSPITAL","Repairs & Maintenance","","Kacey Krystopa","clean and sanitize ice bin","","12-07-2021 08:28:23","","ENG","84600","662500","","12-09-2021 15:05:27","kkrystopa@phsi.us","","$0.00"
"FPO0027040","Received","728031730","58650","$588.00","RAMM","RAMM INC","ROXBOROUGH MEMORIAL HOSPITAL","Repairs & Maintenance","","Kacey Krystopa","AS-1 electric vault too hot","","12-03-2021 14:16:14","","ENG","84600","662500","","12-06-2021 07:41:07","kkrystopa@phsi.us","","$0.00"
"FPO0027039","Received","728031732","58651","$588.00","RAMM","RAMM INC","ROXBOROUGH MEMORIAL HOSPITAL","Repairs & Maintenance","","Kacey Krystopa","SON duel temp change over","","12-03-2021 14:14:38","","ENG","84600","662500","","12-06-2021 12:26:04","kkrystopa@phsi.us","","$0.00"
"FPO0027038","Received","728031733","58652","$294.00","RAMM","RAMM INC","ROXBOROUGH MEMORIAL HOSPITAL","Repairs & Maintenance","","Kacey Krystopa","ICU cold rooms","","12-03-2021 14:12:29","","ENG","84600","662500","","12-07-2021 08:25:58","kkrystopa@phsi.us","","$0.00"
"FPO0027037","Received","728031734","58653","$1,192.00","RAMM","RAMM INC","ROXBOROUGH MEMORIAL HOSPITAL","Repairs & Maintenance","","Kacey Krystopa","Air handler heating controls throughout hospital","","12-03-2021 14:09:00","","ENG","84600","662500","","12-06-2021 07:44:49","kkrystopa@phsi.us","","$0.00"
"FPO0027036","Received","728031731","","$628.35","LABOV SUPPLY CO INC","LABOV SUPPLY CO INC THE","ROXBOROUGH MEMORIAL HOSPITAL","Repairs & Maintenance","","Kacey Krystopa","Hoffman #17cs 1/2"" swivel trap 401545","","12-03-2021 13:57:38","","ENG","84600","662500","","01-06-2022 12:37:13","system","","$0.00"
"FPO0027029","Approved-PO Issued","728031736","","$11,625.61","REPUBLIC SERVICES INC","REPUBLIC SERVICES INC","ROXBOROUGH MEMORIAL HOSPITAL","Purchased Services/Service Agreements","","Kacey Krystopa","November invoice","","12-03-2021 12:04:43","AGREEMENT# A217949319 2021 WASTE/RECYCLING REMOVAL","ENG","84600","669500","","01-19-2022 15:36:21","mcardenas3@phsi.us","","$0.00"
"FPO0026981","Received","728031705","","$32.89","GRAINGER","GRAINGER WW INC 860641950","ROXBOROUGH MEMORIAL HOSPITAL","Repairs & Maintenance","Status: Delivered
Delivery Details:
>City/State: Philadelphia, PA
>Date: 2021-12-07
>Signature Name: Signature not required
>Delivery location: null","Kacey Krystopa","Maintenance supplies","","12-02-2021 13:58:33","","ENG","84600","662500","","12-09-2021 14:57:01","kkrystopa@phsi.us","Delivered","$0.00"
"FPO0026962","Received","728031693","0906390622","$661.75","STANLEY ACCESS TECH","STANLEY ACCESS TECH","ROXBOROUGH MEMORIAL HOSPITAL","Repairs & Maintenance","","Kacey Krystopa","Emergency service call","FWKD0332451","12-02-2021 10:04:29","","ENG","84600","662500","","02-24-2022 12:36:17","admin","","$0.00"
"FPO0026909","Received","728031670","58598","$882.00","RAMM","RAMM INC","ROXBOROUGH MEMORIAL HOSPITAL","Repairs & Maintenance","","Kristi Toy","AC1 SMOKE DETECTOR MOISTURE","","12-01-2021 11:00:59","","ENG","84600","662500","","12-02-2021 08:29:30","system","","$0.00"
"FPO0026908","Received","728031686","5440","$925.00","KLENZOID INC","KLENZOID INC","ROXBOROUGH MEMORIAL HOSPITAL","Repairs & Maintenance","","Kristi Toy","LEGIONELLA CULTURES","","12-01-2021 11:00:09","","ENG","84600","662500","","12-02-2021 13:16:17","kkrystopa@phsi.us","","$0.00"
"FPO0026907","Received","728031667","58597","$1,176.00","RAMM","RAMM INC","ROXBOROUGH MEMORIAL HOSPITAL","Repairs & Maintenance","","Kristi Toy","PHARMACY ROOM PRESSURE OUT OF RANGE","FWKD0300179","12-01-2021 10:57:25","","ENG","84600","662500","","12-02-2021 08:29:01","system","","$0.00"
"FPO0026905","Received","728031669","58599","$294.00","RAMM","RAMM INC","ROXBOROUGH MEMORIAL HOSPITAL","Repairs & Maintenance","","Kristi Toy","CIRCULATOR PUMP COUPLER BROKEN ","","12-01-2021 10:54:05","","ENG","84600","662500","","12-02-2021 08:28:41","system","","$0.00"
"FPO0026904","Received","728031668","","$385.00","SIEMENS INDUSTRY INC","SIEMENS INDUSTRY","ROXBOROUGH MEMORIAL HOSPITAL","Repairs & Maintenance","","Kristi Toy","CHILLER SEQUENCING PPCL DIAGNOSTICS ","","12-01-2021 10:51:28","","ENG","84600","662500","","12-30-2021 13:07:55","kkrystopa@phsi.us","","$0.00"
"FPO0026902","Received","728031666","","$635.00","SIEMENS INDUSTRY INC","SIEMENS INDUSTRY","ROXBOROUGH MEMORIAL HOSPITAL","Repairs & Maintenance","","Kristi Toy","AC2 REHEAT COIL ACTUATION DIAGNOSTICS REPAIR","","12-01-2021 10:47:37","","ENG","84600","662500","","12-30-2021 13:07:10","kkrystopa@phsi.us","","$0.00"
"FPO0026899","Received","728031671","5542102-00","$70.24","BILLOWS ELECTRIC SUPPLY COMPAN","BILLOWS ELECTRIC SUPPLY","ROXBOROUGH MEMORIAL HOSPITAL","Repairs & Maintenance","","Kristi Toy","ELECTRICAL PROLINE ","","12-01-2021 10:04:25","","ENG","84600","662500","","12-02-2021 13:15:40","kkrystopa@phsi.us","","$0.00"
"FPO0026898","Approved-PO Issued","728031665","","$750.00","STERICYCLE INC","STERICYCLE INC 9001590","ROXBOROUGH MEMORIAL HOSPITAL","Purchased Services/Service Agreements","","Kristi Toy","2021 WEBEX DOT TRAINING - RMW AND HAZARDOUS MATERIAL","","12-01-2021 09:43:13","","ENG","84600","669500","","01-17-2022 08:15:21","system","","$0.00"
"FPO0026711","Received","728031555","","$4,250.00","EPAY INC","EPAY INC","ROXBOROUGH MEMORIAL HOSPITAL","Repairs & Maintenance","","Kacey Krystopa","return air grille replacement 72.5""X45"" per Warren Babcock","","11-23-2021 14:31:20","","ENG","84600","662500","","03-11-2022 10:28:13","kkrystopa@phsi.us","","$0.00"
"FPO0026677","Received","728031604","","$1,000.00","SULPIZIO INC","SULPIZIO INC","ROXBOROUGH MEMORIAL HOSPITAL","Repairs & Maintenance","","Kacey Krystopa","Plumbing issues","","11-23-2021 07:11:05","","ENG","84600","662500","","12-23-2021 13:08:51","kkrystopa@phsi.us","","$0.00"
"FPO0026595","Received","728031518","58543","$295.00","RAMM","RAMM INC","ROXBOROUGH MEMORIAL HOSPITAL","Repairs & Maintenance","","Kacey Krystopa","OR room leak","","11-19-2021 09:54:27","","ENG","84600","662500","","12-02-2021 09:07:57","kkrystopa@phsi.us","","$0.00"
"FPO0026594","Received","728031514","58542","$6,288.00","RAMM","RAMM INC","ROXBOROUGH MEMORIAL HOSPITAL","Repairs & Maintenance","","Kacey Krystopa","Leak in shop area","","11-19-2021 09:50:26","","ENG","84600","662500","","12-02-2021 09:08:46","kkrystopa@phsi.us","","$0.00"
"FPO0026583","Canceled","728031519","56544","$0.00","RAMM","RAMM INC","ROXBOROUGH MEMORIAL HOSPITAL","Repairs & Maintenance","","Kacey Krystopa","Check system found bad compressor","","11-19-2021 07:34:12","","ENG","84600","662500","","12-01-2021 12:00:53","admin","","$0.00"
"FPO0026563","Received","728031495","","$625.00","SULPIZIO INC","SULPIZIO INC","ROXBOROUGH MEMORIAL HOSPITAL","Repairs & Maintenance","","Kacey Krystopa","Plumbing labor","","11-18-2021 11:49:44","","ENG","84600","662500","","12-27-2021 10:43:34","kkrystopa@phsi.us","","$0.00"
"FPO0026554","Received","728031494","","$455.07","GRAINGER","GRAINGER WW INC 860641950","ROXBOROUGH MEMORIAL HOSPITAL","Repairs & Maintenance","Status: Delivered
Delivery Details:
>City/State: Philadelphia, PA
>Date: 2021-11-22
>Signature Name: Signature on File
>Delivery location: null","Kacey Krystopa","Maintenance supplies","","11-18-2021 07:18:41","","ENG","84600","662500","","12-09-2021 14:57:31","kkrystopa@phsi.us","Delivered","$0.00"
"FPO0026553","Received","728031493","","$108.72","GENERAL AIRE SYSTEMS INC","GENERAL AIRE SYSTEMS INC","ROXBOROUGH MEMORIAL HOSPITAL","Repairs & Maintenance","","Kacey Krystopa","24X24X2 MERV8","","11-18-2021 07:03:39","","ENG","84600","662500","","01-12-2022 11:49:43","system","","$0.00"
"FPO0026530","Received","728031491","","$14.66","GRAINGER","GRAINGER WW INC 860641950","ROXBOROUGH MEMORIAL HOSPITAL","Repairs & Maintenance","Status: Delivered
Delivery Details:
>City/State: Philadelphia, PA
>Date: 2021-11-22
>Signature Name: Signature on File
>Delivery location: null","Kacey Krystopa","V-belt A39","","11-17-2021 13:57:33","","ENG","84600","662500","","12-09-2021 14:56:32","kkrystopa@phsi.us","Delivered","$0.00"
"FPO0026513","Approved-PO Issued","728031482","","$2,580.00","ELLIOTT LEWIS CORPORATION","ELLIOTT LEWIS","ROXBOROUGH MEMORIAL HOSPITAL","Purchased Services/Service Agreements","","Kristi Toy","IT LIEBERT HVAC UNIT QUARTERLY MAINTENANCE START DECEMBER 2021 - PREVIOUS PO 728024878","","11-17-2021 12:27:45","RENEWAL OF CAPITAL ASSET PROTECTION AGREEMENT","ENG","84600","669500","","09-19-2024 11:31:40","system","","$0.00"
"FPO0026512","Received","728031492","56487","$303.75","CM3 BUILDING SOLUTIONS INC","CM3 BUILDING SOLUTIONS INC","ROXBOROUGH MEMORIAL HOSPITAL","Repairs & Maintenance","","Kristi Toy","LAB INTERCOM SYSTEM SERVICE ","","11-17-2021 12:27:24","","ENG","84600","662500","","12-02-2021 08:57:26","kkrystopa@phsi.us","","$0.00"
"FPO0026497","Received","728031487","5313","$925.00","KLENZOID INC","KLENZOID INC","ROXBOROUGH MEMORIAL HOSPITAL","Repairs & Maintenance","","Kristi Toy","LEGIONELLA TESTING ","","11-17-2021 09:41:54","","ENG","84600","662500","","12-02-2021 08:56:02","kkrystopa@phsi.us","","$0.00"
"FPO0026494","Received","728031486","","$105.40","GRAINGER","GRAINGER WW INC 860641950","ROXBOROUGH MEMORIAL HOSPITAL","Repairs & Maintenance","Status: Delivered
Delivery Details:
>City/State: Philadelphia, PA
>Date: 2021-11-19
>Signature Name: Signature on File
>Delivery location: null","Kacey Krystopa","led bulb, door stop","","11-17-2021 08:54:58","","ENG","84600","662500","","11-19-2021 13:02:25","kkrystopa@phsi.us","Delivered","$0.00"
"FPO0026492","Approved-PO Issued","728031485","","$160.80","LABOV SUPPLY CO INC","LABOV SUPPLY CO INC THE","ROXBOROUGH MEMORIAL HOSPITAL","Repairs & Maintenance","","Kacey Krystopa","Stop repair kits ","","11-17-2021 08:49:16","ORDER# S1499497","ENG","84600","662500","","01-13-2022 11:41:01","mcardenas3@phsi.us","","$0.00"
"FPO0026452","Received","728031448","","$791.71","LABOV SUPPLY CO INC","LABOV SUPPLY CO INC THE","ROXBOROUGH MEMORIAL HOSPITAL","Repairs & Maintenance","","Kacey Krystopa","Plumbing stock supplies","","11-16-2021 12:26:11","ORDER# S1499451","ENG","84600","662500","","12-01-2021 10:01:17","ktoy@phsi.us","","$0.00"
"FPO0026448","Received","728031434","9528","$8,449.81","LIMBACH COMPANY LLC","LIMBACH COMPANY LLC","ROXBOROUGH MEMORIAL HOSPITAL","Repairs & Maintenance","","Kacey Krystopa","PLUMBING SERVICES","","11-16-2021 10:18:20","","ENG","84600","662500","","12-02-2021 09:12:58","kkrystopa@phsi.us","","$0.00"
"FPO0026402","Received","728031403","34235","$750.00","MAJOR MEDICAL HOSPITAL SVCS","MAJOR MEDICAL HOSPITAL SVCS","ROXBOROUGH MEMORIAL HOSPITAL","Repairs & Maintenance","","Kacey Krystopa","Medical air lag compressor faulty","","11-15-2021 12:26:04","WO# 11655,15127692","ENG","84600","662500","","12-02-2021 09:11:44","kkrystopa@phsi.us","","$0.00"
"FPO0026286","Received","728031368","21-206","$620.00","ALLY SERVICES CO LLC","ALLY SERVICES CO.","ROXBOROUGH MEMORIAL HOSPITAL","Repairs & Maintenance","","Kacey Krystopa","Asbestos air monitering performed","","11-11-2021 13:48:30","","ENG","82200","662500","","11-17-2021 10:54:29","system","","$0.00"
"FPO0026200","Received","728031340","58490","$3,454.50","RAMM","RAMM INC","ROXBOROUGH MEMORIAL HOSPITAL","Repairs & Maintenance","","Kacey Krystopa","OR Hallway leak repair","","11-10-2021 10:08:11","","ENG","84600","662500","","11-12-2021 07:04:53","kkrystopa@phsi.us","","$0.00"
"FPO0026196","Received","728031369","M66546","$1,560.77","EVERBRIDGE INC","EVERBRIDGE INC","ROXBOROUGH MEMORIAL HOSPITAL","Repairs & Maintenance","","Kacey Krystopa","Mass Notification","","11-10-2021 07:48:56","","ENG","84600","662500","","12-02-2024 12:48:39","system","","$0.00"
"FPO0026108","Received","728031308","","$61.76","GRAINGER","GRAINGER WW INC 860641950","ROXBOROUGH MEMORIAL HOSPITAL","Repairs & Maintenance","Status: Delivered
Delivery Details:
>City/State: Philadelphia, PA
>Date: 2021-11-12
>Signature Name: Signature on File
>Delivery location: null","Kacey Krystopa","6V DC BATTERY 2 EA, 1.4V DC HEARING AID BATTERY 2 EA","","11-08-2021 11:18:25","","ENG","84600","662500","","11-16-2021 10:37:05","kkrystopa@phsi.us","Delivered","$0.00"
"FPO0026103","Approved-PO Issued","728031307","","$9,670.00","SPECIAL PATHOGENS LABORATORY L","SPECIAL PATHOGENS LABORATORY L","ROXBOROUGH MEMORIAL HOSPITAL","Purchased Services/Service Agreements","","Kacey Krystopa","LEGIONELLA WATER SAFETY & MANAGEMENT PLAN PROPOSAL","","11-08-2021 10:04:16","2021-2022 SA Blanket PO ","ENG","84600","669500","","11-12-2021 12:44:15","system","","$0.00"
"FPO0026054","Received","728031287","58429","$1,996.00","RAMM","RAMM INC","ROXBOROUGH MEMORIAL HOSPITAL","Repairs & Maintenance","","Kacey Krystopa","Cell 1 valve rebuild","","11-05-2021 12:52:56","","ENG","84600","662500","","11-08-2021 12:54:13","kkrystopa@phsi.us","","$0.00"
"FPO0025989","Received","728031267","","$40.38","GRAINGER","GRAINGER WW INC 860641950","ROXBOROUGH MEMORIAL HOSPITAL","Repairs & Maintenance","Status: Delivered
Delivery Details:
>City/State: Philadelphia, PA
>Date: 2021-11-11
>Signature Name: Signature on File
>Delivery location: null","Kacey Krystopa","V-BELT 3X611","","11-04-2021 11:09:38","","ENG","84600","662500","","11-11-2021 15:06:35","kkrystopa@phsi.us","Delivered","$0.00"
"FPO0025982","Received","728031266","","$40.53","GRAINGER","GRAINGER WW INC 860641950","ROXBOROUGH MEMORIAL HOSPITAL","Repairs & Maintenance","Status: Delivered
Delivery Details:
>City/State: Philadelphia, PA
>Date: 2021-11-10
>Signature Name: Signature on File
>Delivery location: null","Kacey Krystopa","PREMIUM V-BELT","","11-04-2021 08:32:52","","ENG","84600","662500","","11-11-2021 15:06:51","kkrystopa@phsi.us","Delivered","$0.00"
"FPO0025839","Received","728031234","58410","$661.50","RAMM","RAMM INC","ROXBOROUGH MEMORIAL HOSPITAL","Repairs & Maintenance","","Kacey Krystopa","SERVICE CALL FOR AS-1 NOT RUNNING","","11-01-2021 08:58:39","","ENG","84600","662500","","11-04-2021 14:09:14","kkrystopa@phsi.us","","$0.00"
"FPO0025838","Received","728031231","58411","$294.00","RAMM","RAMM INC","ROXBOROUGH MEMORIAL HOSPITAL","Repairs & Maintenance","","Kacey Krystopa","CHECK CONDENSOR PUMP 2 CHILLER ROOM","","11-01-2021 08:56:53","","ENG","84600","662500","","11-04-2021 14:08:54","kkrystopa@phsi.us","","$0.00"
"FPO0025837","Received","728031230","58412","$588.00","RAMM","RAMM INC","ROXBOROUGH MEMORIAL HOSPITAL","Repairs & Maintenance","","Kacey Krystopa","PIPE REPAIR IN BOILER ROOM","","11-01-2021 08:53:44","","ENG","84600","662500","","11-04-2021 14:08:25","kkrystopa@phsi.us","","$0.00"
"FPO0025783","Approved-PO Issued","728031181","","$183.04","SHERWIN WILLIAMS CO INC","SHERWIN WILLIAMS CO INC","ROXBOROUGH MEMORIAL HOSPITAL","Repairs & Maintenance","","Kristi Toy","CARDIAC CATH LAB ON-CALL ROOM - BLINDS","","10-28-2021 09:50:32","QUOTE# 5921849","ENG","84600","662500","","10-29-2021 15:16:50","admin","","$0.00"
"FPO0025741","Received","728031160","","$375.00","AIR LINK INTERNATIONAL","AIR LINK INTERNATIONAL","ROXBOROUGH MEMORIAL HOSPITAL","Repairs & Maintenance","","Kristi Toy","TUBE SYSTEM MOTOR","FWKD0318327","10-27-2021 13:30:19","","ENG","84600","662500","","11-04-2021 08:24:08","kkrystopa@phsi.us","","$0.00"
"FPO0025731","Received","728031227","","$1,438.76","C 3 TECHNOLOGIES LLC","C 3 TECHNOLOGIES LLC","ROXBOROUGH MEMORIAL HOSPITAL","Repairs & Maintenance","","Kacey Krystopa","UNDERGROUND STORAGE TANK SURVEY","","10-27-2021 10:27:51","","ENG","84600","662500","","12-02-2021 08:45:54","kkrystopa@phsi.us","","$0.00"
"FPO0025718","Received","728031179","S1498318.001","$253.87","LABOV SUPPLY CO INC","LABOV SUPPLY CO INC THE","ROXBOROUGH MEMORIAL HOSPITAL","Repairs & Maintenance","","Kacey Krystopa","Parts for toilet repair","","10-27-2021 08:42:25","","ENG","84600","662500","","11-11-2021 07:23:55","kkrystopa@phsi.us","","$0.00"
"FPO0025714","Received","728031180","5503202-00","$479.06","BILLOWS ELECTRIC SUPPLY COMPAN","BILLOWS ELECTRIC SUPPLY","ROXBOROUGH MEMORIAL HOSPITAL","Repairs & Maintenance","","Kristi Toy","ELECTRICAL COIL STOCK","","10-27-2021 07:38:09","","ENG","84600","662500","","11-04-2021 11:50:44","kkrystopa@phsi.us","","$0.00"
"FPO0025694","Received","728031125","21-188","$620.00","ALLY SERVICES CO LLC","ALLY SERVICES CO.","ROXBOROUGH MEMORIAL HOSPITAL","Repairs & Maintenance","","Kacey Krystopa","School of nursing asbestos air monitoring ","","10-26-2021 12:49:07","","ENG","82200","662500","","10-27-2021 07:14:14","kkrystopa@phsi.us","","$0.00"
"FPO0025693","Received","728031124","","$2,195.00","UNION ELECTRIC CONTRACTING CO","UNION ELECTRIC CONTRACTING CO","ROXBOROUGH MEMORIAL HOSPITAL","Repairs & Maintenance","","Kacey Krystopa","proposal for repairing 3 pole lights","","10-26-2021 12:41:22","","ENG","84600","662500","","09-13-2024 08:19:20","system","","$0.00"
"FPO0025680","Received","728031117","IN201189","$455.00","ATIS ELEVATOR INSPECTIONS LLC","ATIS ELEVATOR INSPECTIONS LLC","ROXBOROUGH MEMORIAL HOSPITAL","Repairs & Maintenance","","Kacey Krystopa","Semi-Annual elevator inspection","","10-26-2021 11:15:29","","ENG","84600","662500","","04-28-2022 13:20:54","system","","$0.00"
"FPO0025677","Received","728031123","33065","$729.00","ELECTRONIC SECURITY SOLUTIONS","ELECTRONIC SECURITY SOLUTIONS","ROXBOROUGH MEMORIAL HOSPITAL","Repairs & Maintenance","","Kacey Krystopa","Troubleshoot fire alarm panel","","10-26-2021 10:54:36","","ENG","84600","662500","","10-26-2021 19:18:06","admin","","$0.00"
"FPO0025520","Received","728030905","","$4,000.00","GRAHAM TECH ENVIRONMENTAL SVCS","GRAHAM TECH ENVIRONMENTAL SVCS","ROXBOROUGH MEMORIAL HOSPITAL","Repairs & Maintenance","","Kacey Krystopa","Abatement for school of nursing 2nd stairway","","10-21-2021 11:30:43","","ENG","84600","662500","","10-28-2021 08:50:14","system","","$0.00"
"FPO0025513","Received","728030904","5001648382","$1,148.00","TK ELEVATOR CORPORATION","THYSSEN KRUPP ELEVATOR CORP","ROXBOROUGH MEMORIAL HOSPITAL","Repairs & Maintenance","","Kacey Krystopa","Labor cost","","10-21-2021 08:28:28","","ENG","84600","662500","","10-25-2021 07:13:58","kkrystopa@phsi.us","","$0.00"
"FPO0025382","Received","728030845","188496","$11,127.32","DELVAL EQUIPMENT","DELVAL EQUIPMENT CORP","ROXBOROUGH MEMORIAL HOSPITAL","Repairs & Maintenance","","Kristi Toy","LABOR AND MATERIAL TO TROUBLESHOOT FIRING PROBLEMS WITH CLEAVER BROOKS BOILER UNIT #4 #L 04530 - EMERGENCY SERVICE - DATES OF SERVICE 9/21, 24, 26, 27","","10-19-2021 07:17:48","","ENG","84600","662500","","10-20-2021 09:15:14","ktoy@phsi.us","","$0.00"
"FPO0025347","Received","728030881","5493738","$365.02","BILLOWS ELECTRIC SUPPLY COMPAN","BILLOWS ELECTRIC SUPPLY","ROXBOROUGH MEMORIAL HOSPITAL","Repairs & Maintenance","","Kristi Toy","ELECTRICAL STOCK","","10-18-2021 10:01:41","","ENG","84600","662500","","10-21-2021 10:09:21","system","","$0.00"
"FPO0025346","Received","728030880","1865-5","$379.02","SHERWIN WILLIAMS CO INC","SHERWIN WILLIAMS CO INC","ROXBOROUGH MEMORIAL HOSPITAL","Repairs & Maintenance","","Kristi Toy","PAINT AND MATERIAL STOCK","","10-18-2021 09:57:49","","ENG","84600","662500","","10-21-2021 10:08:53","kkrystopa@phsi.us","","$0.00"
"FPO0025266","Received","728030834","27151","$4,000.00","LIMA COMPANY","LIMA COMPANY","ROXBOROUGH MEMORIAL HOSPITAL","Repairs & Maintenance","","Kacey Krystopa","waiting room ceiling leak. cut and removed pipe, ducts, and ceiling grid","","10-14-2021 15:09:44","","ENG","84600","662500","","10-19-2021 07:56:27","kkrystopa@phsi.us","","$0.00"
"FPO0025245","Received","728030795","526","$295.63","DARREN DANILOWICZ REFRIGERATIO","DARREN DANILOWICZ REFRIGERATIO","ROXBOROUGH MEMORIAL HOSPITAL","Repairs & Maintenance","","Kacey Krystopa","Ice machine repair at Urgent care","FWKD0315836","10-14-2021 07:46:58","","ENG","70830","662500","","10-20-2021 08:00:47","kkrystopa@phsi.us","","$0.00"
"FPO0025232","Received","728030794","27061","$950.00","LIMA COMPANY","LIMA COMPANY","ROXBOROUGH MEMORIAL HOSPITAL","Repairs & Maintenance","","Kacey Krystopa","RESPONDED FOR LEAKING TRAP. CUT OUT AND INSTALLED NEW PIPE","","10-13-2021 14:15:13","","ENG","84600","662500","","10-19-2021 07:16:07","system","","$0.00"
"FPO0025231","Received","728030793","27079","$870.00","LIMA COMPANY","LIMA COMPANY","ROXBOROUGH MEMORIAL HOSPITAL","Repairs & Maintenance","","Kacey Krystopa","FL 3 CRACKED PIPE, FL 4 BATH/SHOWER CLOGGED, GR FL FLOOR DRAIN OVERFLOWING","","10-13-2021 14:10:29","","ENG","84600","662500","","10-15-2021 07:06:50","kkrystopa@phsi.us","","$0.00"
"FPO0025230","Received","728030796","7778","$289.00","AUTOMATED ACCESS SYSTEMS INC","AUTOMATED ACCESS SYSTEMS INC","ROXBOROUGH MEMORIAL HOSPITAL","Repairs & Maintenance","","Kacey Krystopa","SERVICE CALL FOR WORK ORDER. TECH REPROGRAMMED DOOR ARM","FWKD0315907","10-13-2021 14:04:11","","ENG","84600","662500","","10-19-2021 07:56:08","kkrystopa@phsi.us","","$0.00"
"FPO0025218","Received","728030781","","$141.38","GRAINGER","GRAINGER WW INC 860641950","ROXBOROUGH MEMORIAL HOSPITAL","Repairs & Maintenance","Status: Delivered
Delivery Details:
>City/State: Philadelphia, PA
>Date: 2021-10-18
>Signature Name: Signature on File
>Delivery location: null","Kacey Krystopa","FLOATING VALVE ACTUATOR","","10-13-2021 11:20:40","","ENG","84600","662500","","10-18-2021 12:25:59","ktoy@phsi.us","Delivered","$0.00"
"FPO0025206","Received","728030780","","$8,900.00","DYNAMIC BALANCING CO INC","DYNAMIC BALANCING CO  INC","ROXBOROUGH MEMORIAL HOSPITAL","Repairs & Maintenance","","Kacey Krystopa","quote for air balancing inspection","","10-13-2021 08:03:30","QUOTE# 6245","ENG","84600","662500","","02-02-2024 14:42:03","system","","$0.00"
"FPO0025202","Received","728030777","","$43.65","MAJOR MEDICAL HOSPITAL SVCS","MAJOR MEDICAL HOSPITAL SVCS","ROXBOROUGH MEMORIAL HOSPITAL","Repairs & Maintenance","","Kacey Krystopa","Rm 310b missing a button on wall for O2. ","","10-13-2021 07:01:54","","ENG","84600","662500","","11-23-2021 11:23:01","mcardenas3@phsi.us","","$0.00"
"FPO0025151","Received","728030761","","$104.72","GRAINGER","GRAINGER WW INC 860641950","ROXBOROUGH MEMORIAL HOSPITAL","Repairs & Maintenance","Status: Delivered
Delivery Details:
>City/State: Philadelphia, PA
>Date: 2021-10-14
>Signature Name: Signature on File
>Delivery location: null","Kacey Krystopa","WD-40 (6), 1 1/8 X 18 HAMMER DRILL BIT","","10-12-2021 08:57:59","","ENG","84600","662500","","11-17-2021 09:51:21","system","Delivered","$0.00"
"FPO0025146","Received","728030764","34021","$960.00","MAJOR MEDICAL HOSPITAL SVCS","MAJOR MEDICAL HOSPITAL SVCS","ROXBOROUGH MEMORIAL HOSPITAL","Repairs & Maintenance","","Kacey Krystopa","O2 outlets were repaired in rms 445, 447, 446","","10-12-2021 07:18:17","","ENG","84600","662500","","10-19-2021 07:57:10","kkrystopa@phsi.us","","$0.00"
"FPO0025106","Received","728030762","58264","$1,278.00","RAMM","RAMM INC","ROXBOROUGH MEMORIAL HOSPITAL","Repairs & Maintenance","","Kacey Krystopa","Tower cell 2 fill valve","","10-11-2021 09:33:46","","ENG","84600","662500","","10-15-2021 07:07:50","kkrystopa@phsi.us","","$0.00"
"FPO0025105","Received","728030763","58265","$1,617.00","RAMM","RAMM INC","ROXBOROUGH MEMORIAL HOSPITAL","Repairs & Maintenance","","Kacey Krystopa","Chillers- Power Outage","","10-11-2021 09:28:02","","ENG","84600","662500","","10-14-2021 13:14:43","kkrystopa@phsi.us","","$0.00"
"FPO0025104","Received","728030765","58262","$294.00","RAMM","RAMM INC","ROXBOROUGH MEMORIAL HOSPITAL","Repairs & Maintenance","","Kacey Krystopa","Cafeteria Kitchen Walkin Exhaust Fan","","10-11-2021 09:25:59","","ENG","84600","662500","","10-15-2021 07:08:27","kkrystopa@phsi.us","","$0.00"
"FPO0025103","Received","728030713","58261","$2,636.00","RAMM","RAMM INC","ROXBOROUGH MEMORIAL HOSPITAL","Repairs & Maintenance","","Kacey Krystopa","Cooling Tower ","","10-11-2021 09:19:25","","ENG","84600","662500","","10-14-2021 13:36:54","system","","$0.00"
"FPO0025101","Received","728030766","4618396103","$56.56","HILTI INC","HILTI INC","ROXBOROUGH MEMORIAL HOSPITAL","Repairs & Maintenance","","Kacey Krystopa","2ZPX OF 5 EACH = 10EA","","10-11-2021 08:52:30","","ENG","84601","662500","","10-14-2021 13:13:20","kkrystopa@phsi.us","","$0.00"
"FPO0025074","Rejected","","55751","$4,752.00","EPAY INC","EPAY INC","ROXBOROUGH MEMORIAL HOSPITAL","Repairs & Maintenance","","Kacey Krystopa","REMOVE AND REINSTALL DUCT IN ER","","10-08-2021 13:30:21","","ENG","84600","662500","","05-23-2022 13:55:03","cfernandez1@phsi.us","","$0.00"
"FPO0025073","Received","728030692","8962","$4,891.00","LIMBACH COMPANY LLC","LIMBACH COMPANY LLC","ROXBOROUGH MEMORIAL HOSPITAL","Repairs & Maintenance","","Kacey Krystopa","MULTIPLE PLUMBING REPAIRS","","10-08-2021 13:27:28","WORK ORDER# 175856","ENG","84600","662500","","10-13-2021 11:59:49","kkrystopa@phsi.us","","$0.00"
"FPO0025000","Received","728030723","","$21.30","GRAINGER","GRAINGER WW INC 860641950","ROXBOROUGH MEMORIAL HOSPITAL","Repairs & Maintenance","Status: Delivered
Delivery Details:
>City/State: Philadelphia, PA
>Date: 2021-10-12
>Signature Name: Signature on File
>Delivery location: null","Kacey Krystopa","(2) Universal thermostat guard","","10-07-2021 14:25:32","","ENG","84600","662500","","10-12-2021 13:11:45","kkrystopa@phsi.us","Delivered","$0.00"
"FPO0024986","Received","728030655","","$613.40","MAJOR MEDICAL HOSPITAL SVCS","MAJOR MEDICAL HOSPITAL SVCS","ROXBOROUGH MEMORIAL HOSPITAL","Repairs & Maintenance","","Kacey Krystopa","PM REPAIRS","","10-07-2021 10:59:36","","ENG","84600","662500","","10-11-2021 07:32:54","system","","$0.00"
"FPO0024982","Canceled","","3006169256","$2,229.22","TK ELEVATOR CORPORATION","THYSSEN KRUPP ELEVATOR CORP","ROXBOROUGH MEMORIAL HOSPITAL","Repairs & Maintenance","","Kacey Krystopa","FULL MAINTENANCE ","","10-07-2021 09:51:38","","ENG","84600","662500","","04-14-2022 12:29:07","system","","$0.00"
"FPO0024972","Received","728030656","2200000","$235.64","SECURITAS HEALTHCARE LLC","SECURITAS HEALTHCARE LLC","ROXBOROUGH MEMORIAL HOSPITAL","Repairs & Maintenance","","Kacey Krystopa","CHECKED ELECTRICAL DEVICES IN RM 303, 374, 375","","10-07-2021 07:17:17","","ENG","84600","662500","","10-11-2021 07:25:24","kkrystopa@phsi.us","","$0.00"
"FPO0024971","Received","728030654","2123180","$326.26","SECURITAS HEALTHCARE LLC","SECURITAS HEALTHCARE LLC","ROXBOROUGH MEMORIAL HOSPITAL","Repairs & Maintenance","","Kacey Krystopa","PREPARATION FOR 4TH FL IN PATIENT REHAB OPENING","","10-07-2021 07:13:13","","ENG","84600","662500","","10-01-2024 12:53:27","system","","$0.00"
"FPO0024939","Received","728030632","524","$487.49","DARREN DANILOWICZ REFRIGERATIO","DARREN DANILOWICZ REFRIGERATIO","ROXBOROUGH MEMORIAL HOSPITAL","Repairs & Maintenance","","Kacey Krystopa","INSTALLED NEW THERMOSTAT","","10-06-2021 13:39:38","","ENG","84600","662500","","10-11-2021 07:26:37","kkrystopa@phsi.us","","$0.00"
"FPO0024937","Received","728030631","525","$546.88","DARREN DANILOWICZ REFRIGERATIO","DARREN DANILOWICZ REFRIGERATIO","ROXBOROUGH MEMORIAL HOSPITAL","Repairs & Maintenance","","Kacey Krystopa","WALK-IN BOX #3 REPAIR","","10-06-2021 13:33:39","","ENG","84600","662500","","10-11-2021 07:26:14","kkrystopa@phsi.us","","$0.00"
"FPO0024935","Received","728030626","","$841.50","NORTHEAST PLASTIC SUPPLY","NORTHEAST PLASTIC SUPPLY","ROXBOROUGH MEMORIAL HOSPITAL","Repairs & Maintenance","","Kacey Krystopa","Dietary parts for required compliance","","10-06-2021 12:45:58","","ENG","84600","662500","","10-11-2021 13:49:05","kkrystopa@phsi.us","","$0.00"
"FPO0024926","Received","728030625","8001003672","$886.30","CENTIMARK CORPORATION","CENTIMARK CORPORATION","ROXBOROUGH MEMORIAL HOSPITAL","Repairs & Maintenance","","Kacey Krystopa","VENT/EQUIPMENT CURB FLASHING","","10-06-2021 10:35:42","ORDER# 2000985917","ENG","84600","662500","","10-11-2021 07:28:20","kkrystopa@phsi.us","","$0.00"
"FPO0024882","Received","728030596","58130","$1,747.00","RAMM","RAMM INC","ROXBOROUGH MEMORIAL HOSPITAL","Repairs & Maintenance","","Kacey Krystopa","AC 1 not running","","10-05-2021 10:31:46","","ENG","84600","662500","","10-05-2021 15:28:27","kkrystopa@phsi.us","","$0.00"
"FPO0024881","Received","728030600","58131","$3,726.00","RAMM","RAMM INC","ROXBOROUGH MEMORIAL HOSPITAL","Repairs & Maintenance","","Kacey Krystopa","AS-1 mech room steam issue","","10-05-2021 10:29:01","","ENG","84600","662500","","10-05-2021 15:27:58","kkrystopa@phsi.us","","$0.00"
"FPO0024880","Received","728030597","58134","$735.00","RAMM","RAMM INC","ROXBOROUGH MEMORIAL HOSPITAL","Repairs & Maintenance","","Kacey Krystopa","school of nursing leak ","","10-05-2021 10:27:23","","ENG","84600","662500","","10-05-2021 15:27:27","kkrystopa@phsi.us","","$0.00"
"FPO0024879","Received","728030599","58132","$1,470.00","RAMM","RAMM INC","ROXBOROUGH MEMORIAL HOSPITAL","Repairs & Maintenance","","Kacey Krystopa","Cat scan 1 too hot","","10-05-2021 10:25:44","","ENG","84600","662500","","10-05-2021 13:44:37","kkrystopa@phsi.us","","$0.00"
"FPO0024877","Received","728030590","58133","$3,223.00","RAMM","RAMM INC","ROXBOROUGH MEMORIAL HOSPITAL","Repairs & Maintenance","","Kacey Krystopa","Radiology and lab reheat leaks","","10-05-2021 10:22:19","","ENG","84600","662500","","10-05-2021 15:26:21","kkrystopa@phsi.us","","$0.00"
"FPO0024876","Received","728030591","58136","$3,158.25","RAMM","RAMM INC","ROXBOROUGH MEMORIAL HOSPITAL","Repairs & Maintenance","","Kacey Krystopa","DA Tank and boiler repair","","10-05-2021 10:18:26","","ENG","84600","662500","","10-05-2021 15:25:38","kkrystopa@phsi.us","","$0.00"
"FPO0024855","Received","728030576","","$2,100.00","INDEPENDENCE FIRE SPRINKLER CO","INDEPENDENCE FIRE SPRINKLER CO","ROXBOROUGH MEMORIAL HOSPITAL","Repairs & Maintenance","","Kacey Krystopa","replace 6"" pipe, add 1"" drain, install 1"" cpvc drain pipe","","10-04-2021 14:49:58","","ENG","84600","662500","","10-20-2021 10:32:47","system","","$0.00"
"FPO0024854","Received","728031161","","$601.80","CHEMSEARCH FE","CHEMSEARCH FE","ROXBOROUGH MEMORIAL HOSPITAL","Repairs & Maintenance","","Kristi Toy","DRAIN CLEANERS","","10-04-2021 14:44:10","QUOTE# US-FE-USFEF234-1431859","ENG","84600","662500","","12-01-2021 09:59:39","ktoy@phsi.us","","$0.00"
"FPO0024829","Received","728030575","","$245.00","JOHNSON CONTROLS FIRE PROTECT","JOHNSON CONTROLS FIRE PROTECT","ROXBOROUGH MEMORIAL HOSPITAL","Repairs & Maintenance","","Kristi Toy","WET K FIRE EXTINGUISHER NEW","","10-04-2021 12:00:42","","ENG","84600","662500","","05-01-2024 11:25:57","system","","$0.00"
"FPO0024816","Received","728030572","","$1,224.22","GENERAL AIRE SYSTEMS INC","GENERAL AIRE SYSTEMS INC","ROXBOROUGH MEMORIAL HOSPITAL","Repairs & Maintenance","","Kristi Toy","AIR FILTER REPLACEMENTS ","","10-04-2021 09:46:09","","ENG","84600","662500","","10-22-2021 09:16:40","ktoy@phsi.us","","$0.00"
"FPO0024768","Received","728030552","33972","$613.40","MAJOR MEDICAL HOSPITAL SVCS","MAJOR MEDICAL HOSPITAL SVCS","ROXBOROUGH MEMORIAL HOSPITAL","Repairs & Maintenance","","Kacey Krystopa","Source equipment for medical vacuum maintenance","","10-01-2021 12:42:27","","ENG","84600","662500","","10-04-2021 11:36:01","kkrystopa@phsi.us","","$0.00"
"FPO0024762","Received","728030541","","$431.20","LABOV SUPPLY CO INC","LABOV SUPPLY CO INC THE","ROXBOROUGH MEMORIAL HOSPITAL","Repairs & Maintenance","","Kacey Krystopa","SYMONNS C-5 SPINDLE","","10-01-2021 10:02:44","ORDER# S1496967","ENG","84600","662500","","10-05-2021 12:29:12","kkrystopa@phsi.us","","$0.00"
"FPO0024620","Received","728030505","","$1,300.00","INDEPENDENCE FIRE SPRINKLER CO","INDEPENDENCE FIRE SPRINKLER CO","ROXBOROUGH MEMORIAL HOSPITAL","Repairs & Maintenance","","Kacey Krystopa","replace 6' F/G nipple downstream","","09-28-2021 15:10:10","PROPOSAL# SP21-944","ENG","84600","662500","","10-20-2021 10:33:04","ktoy@phsi.us","","$0.00"
"FPO0024587","Received","728030548","W13233","$858.00","INDEPENDENCE FIRE SPRINKLER CO","INDEPENDENCE FIRE SPRINKLER CO","ROXBOROUGH MEMORIAL HOSPITAL","Repairs & Maintenance","","Kacey Krystopa","Service call for battery in alarm panel","","09-28-2021 10:17:50","WO# S211043","ENG","84600","662500","","10-04-2021 08:12:53","ktoy@phsi.us","","$0.00"
"FPO0024582","Approved-PO Issued","728030499","79","$25,620.00","PW BIG BOY CLEANING SERVICE","PW BIG BOY CLEANING SERVICE","ROXBOROUGH MEMORIAL HOSPITAL","Purchased Services/Service Agreements","","Kacey Krystopa","CLEANING SERVICES AUGUST","","09-28-2021 08:38:51"," 8/21-8/22 Monthly Cleaning Services","ENG","84600","669500","","10-14-2021 18:10:43","system","","$0.00"
"FPO0024538","Received","728030500","523","$255.00","DARREN DANILOWICZ REFRIGERATIO","DARREN DANILOWICZ REFRIGERATIO","ROXBOROUGH MEMORIAL HOSPITAL","Repairs & Maintenance","","Kacey Krystopa","SERVICE FOR WALK-IN FREEZER, AND FRIDGE 3","","09-27-2021 14:32:15","","ENG","84600","662500","","09-30-2021 13:13:05","kkrystopa@phsi.us","","$0.00"
"FPO0024537","Received","728030504","522","$255.00","DARREN DANILOWICZ REFRIGERATIO","DARREN DANILOWICZ REFRIGERATIO","ROXBOROUGH MEMORIAL HOSPITAL","Repairs & Maintenance","","Kacey Krystopa","Services needed in gift shop ","","09-27-2021 14:23:04","","ENG","84600","662500","","09-30-2021 13:03:36","kkrystopa@phsi.us","","$0.00"
"FPO0024533","Received","728030497","","$208.84","GRAINGER","GRAINGER WW INC 860641950","ROXBOROUGH MEMORIAL HOSPITAL","Repairs & Maintenance","Status: Delivered
Delivery Details:
>City/State: Philadelphia, PA
>Date: 2021-10-04
>Signature Name: Signature on File
>Delivery location: null","Kacey Krystopa","Room temp sensor (2)","","09-27-2021 13:46:37","","ENG","84600","662500","","10-15-2021 08:45:37","system","Delivered","$0.00"
"FPO0024502","Received","728030498","32596","$2,400.00","ELECTRONIC SECURITY SOLUTIONS","ELECTRONIC SECURITY SOLUTIONS","ROXBOROUGH MEMORIAL HOSPITAL","Repairs & Maintenance","","Kacey Krystopa","ANNUAL FIRE ALARM INSPECTION FOR ROX EXPRESS CARE","","09-27-2021 09:03:52","","ENG","84600","662500","","09-30-2021 12:55:01","kkrystopa@phsi.us","","$0.00"
"FPO0024427","Received","728030460","","$813.71","GRAINGER","GRAINGER WW INC 860641950","ROXBOROUGH MEMORIAL HOSPITAL","Repairs & Maintenance","Status: Delivered
Delivery Details:
>City/State: Philadelphia, PA
>Date: 2021-09-28
>Signature Name: Signature on File
>Delivery location: null","Kacey Krystopa","20 Micron rating filter cartridge, eyewash w/ diverter faucet mount, 9V battery pack 12count, AA 1.5V 36 count, Pneumatic Thermostat","","09-24-2021 09:22:22","","ENG","84600","662500","","09-28-2021 12:32:38","kkrystopa@phsi.us","Delivered","$0.00"
"FPO0024426","Received","728030459","5001630406","$430.50","TK ELEVATOR CORPORATION","THYSSEN KRUPP ELEVATOR CORP","ROXBOROUGH MEMORIAL HOSPITAL","Repairs & Maintenance","","Kacey Krystopa","Tech replaced bottom floor hatch door gib","","09-24-2021 08:21:39","","ENG","84600","662500","","09-30-2021 07:08:18","kkrystopa@phsi.us","","$0.00"
"FPO0024392","Received","728030448","58075","$3,122.00","RAMM","RAMM INC","ROXBOROUGH MEMORIAL HOSPITAL","Repairs & Maintenance","","Kacey Krystopa","SERVICE CALL FOR REHEAT PIPE BURST ON GERO 2ND FL","","09-23-2021 09:14:46","","ENG","84600","662500","","10-04-2021 14:20:38","system","","$0.00"
"FPO0024391","Received","728030444","58074","$1,029.00","RAMM","RAMM INC","ROXBOROUGH MEMORIAL HOSPITAL","Repairs & Maintenance","","Kacey Krystopa","SERVICE CALL HOT WATER TOO HOT. REPLACED PNEUMATIC RECEIVER CONTROLLER","","09-23-2021 09:10:59","","ENG","84600","662500","","09-24-2021 07:03:34","kkrystopa@phsi.us","","$0.00"
"FPO0024390","Received","728030446","58073","$367.50","RAMM","RAMM INC","ROXBOROUGH MEMORIAL HOSPITAL","Repairs & Maintenance","","Kacey Krystopa","SERVICE CALL FOR FAN COILS BEING STUCK ON AUTO MODE","","09-23-2021 09:07:39","","ENG","84600","662500","","09-30-2021 12:55:44","kkrystopa@phsi.us","","$0.00"
"FPO0024389","Received","728030445","58072","$441.00","RAMM","RAMM INC","ROXBOROUGH MEMORIAL HOSPITAL","Repairs & Maintenance","","Kacey Krystopa","LABOR- REPLACED WATER TREATMENT SENSORS","","09-23-2021 09:04:01","","ENG","84600","662500","","10-25-2021 11:16:28","kkrystopa@phsi.us","","$0.00"
"FPO0024388","Received","728030447","21-158","$620.00","ALLY SERVICES CO LLC","ALLY SERVICES CO.","ROXBOROUGH MEMORIAL HOSPITAL","Repairs & Maintenance","","Kacey Krystopa","asbestos air monitoring performed","","09-23-2021 08:54:45","","ENG","84600","662500","","09-30-2021 12:56:42","kkrystopa@phsi.us","","$0.00"
"FPO0024320","Received","728030406","","$129.68","GRAINGER","GRAINGER WW INC 860641950","ROXBOROUGH MEMORIAL HOSPITAL","Repairs & Maintenance","495192176657356
Status: Delivered
>Date: 2021-09-24
>City/State: Philadelphia, PA
>Signature Name: Signature on File

 495192176810966
Status: Delivered
>Date: 2021-10-06
>City/State: Philadelphia, PA
>Signature Name: ROXBOROUGH

","Kacey Krystopa","HANDHELD SHOWER HEAD, THREAD SEALANT TAPE","","09-22-2021 08:54:36","","ENG","84600","662500","","10-15-2021 08:43:33","system","Delivered","$0.00"
"FPO0024236","Received","728030387","","$127.32","LABOV SUPPLY CO INC","LABOV SUPPLY CO INC THE","ROXBOROUGH MEMORIAL HOSPITAL","Repairs & Maintenance","","Kacey Krystopa","9"" round lid grate","","09-21-2021 08:50:36","","ENG","84600","662500","","09-22-2021 12:54:55","kkrystopa@phsi.us","","$0.00"
"FPO0024180","Received","728030351","","$150.57","GRAINGER","GRAINGER WW INC 860641950","ROXBOROUGH MEMORIAL HOSPITAL","Repairs & Maintenance","Status: Delivered
Delivery Details:
>City/State: Philadelphia, PA
>Date: 2021-09-22
>Signature Name: Signature on File
>Delivery location: null","Kacey Krystopa","ICE MACHINE WATER FILTERS","","09-20-2021 10:22:04","","ENG","84600","662500","","03-25-2024 14:58:54","system","Delivered","$0.00"
"FPO0024179","Received","728030410","58014","$1,617.00","RAMM","RAMM INC","ROXBOROUGH MEMORIAL HOSPITAL","Repairs & Maintenance","","Kristi Toy","GERO PSYCH - AIR FLOW ISSUES ","","09-20-2021 09:53:09","","ENG","84600","662500","","09-24-2021 09:26:31","ktoy@phsi.us","","$0.00"
"FPO0024178","Received","728030353","32215","$3,581.00","ELECTRONIC SECURITY SOLUTIONS","ELECTRONIC SECURITY SOLUTIONS","ROXBOROUGH MEMORIAL HOSPITAL","Repairs & Maintenance","","Kristi Toy","FIRE PANEL SERVICE - AC2 AC4, SMOKE DETECTOR","","09-20-2021 09:48:35","JOB# D028311","ENG","84600","662500","","10-04-2021 08:18:29","ktoy@phsi.us","","$0.00"
"FPO0024177","Received","728030407","0906319924","$1,323.00","STANLEY ACCESS TECH","STANLEY ACCESS TECH","ROXBOROUGH MEMORIAL HOSPITAL","Repairs & Maintenance","","Kristi Toy","ER DOOR REPAIR","FWKD0298793","09-20-2021 09:35:23","","ENG","84600","662500","","09-24-2021 09:24:39","ktoy@phsi.us","","$0.00"
"FPO0024124","Received","728030321","4492","$2,659.00","KLENZOID INC","KLENZOID INC","ROXBOROUGH MEMORIAL HOSPITAL","Repairs & Maintenance","","Kacey Krystopa","Service on boiler controller","","09-17-2021 11:20:00","","ENG","84600","662500","","09-23-2021 11:39:55","kkrystopa@phsi.us","","$0.00"
"FPO0024123","Received","728030409","0906330609","$480.00","STANLEY ACCESS TECH","STANLEY ACCESS TECH","ROXBOROUGH MEMORIAL HOSPITAL","Repairs & Maintenance","","Kristi Toy","DOOR REPAIR ER ","FWKD0298793","09-17-2021 11:11:05","","ENG","84600","662500","","09-24-2021 09:24:05","ktoy@phsi.us","","$0.00"
"FPO0024121","Received","728030405","57692","$441.00","RAMM","RAMM INC","ROXBOROUGH MEMORIAL HOSPITAL","Repairs & Maintenance","","Kacey Krystopa","LEAK AT DA TANK BOILER ROOM. ","","09-17-2021 11:02:15","","ENG","84600","662500","","09-23-2021 11:44:25","kkrystopa@phsi.us","","$0.00"
"FPO0024115","Received","728030388","57690","$1,249.50","RAMM","RAMM INC","ROXBOROUGH MEMORIAL HOSPITAL","Repairs & Maintenance","","Kacey Krystopa","Service call for chiller alarm in School of Nursing","","09-17-2021 10:37:56","","ENG","84600","662500","","09-23-2021 11:45:06","kkrystopa@phsi.us","","$0.00"
"FPO0024112","Received","728030408","","$630.00","KB LIGHTING MFG CO INC","KB LIGHTING MFG CO  INC","ROXBOROUGH MEMORIAL HOSPITAL","Repairs & Maintenance","","Kacey Krystopa","lighting stock items","","09-17-2021 10:05:15","","ENG","84600","662500","","10-04-2021 08:16:33","system","","$0.00"
"FPO0024105","Received","728030411","55701","$1,820.00","EPAY INC","EPAY INC","ROXBOROUGH MEMORIAL HOSPITAL","Repairs & Maintenance","","Kacey Krystopa","SCHOOL OF NURSING HOOD INSTALLATION","","09-17-2021 07:13:56","","ENG","84600","662500","","09-23-2021 11:42:31","kkrystopa@phsi.us","","$0.00"
"FPO0023923","Received","728030269","","$1,033.00","ELLIOTT LEWIS CORPORATION","ELLIOTT LEWIS","ROXBOROUGH MEMORIAL HOSPITAL","Purchased Services/Service Agreements","","Kristi Toy","HVAC YORK UNITS QUARTERLY PREVENTATIVE MAINTENANCE - PREVIOUS PO 728023390-ENG RECEIVED IN FULL ","","09-10-2021 14:40:48","","ENG","84600","669500","","06-08-2022 09:16:31","kkrystopa@phsi.us","","$0.00"
"FPO0023912","Received","728030260","","$195.25","GP ENERGY PRODUCTS LLC","GP ENERGY PRODUCTS LLC","ROXBOROUGH MEMORIAL HOSPITAL","Repairs & Maintenance","","Kristi Toy","BOILER CLEAVER BROOKS FASTENERS AND KAOWOOL STRIP","","09-10-2021 13:37:12","","ENG","84600","662500","","09-20-2021 10:15:29","kkrystopa@phsi.us","","$0.00"
"FPO0023910","Received","728030268","","$2,756.72","SIEMENS INDUSTRY INC","SIEMENS BUILDING TECHNOLOGIES","ROXBOROUGH MEMORIAL HOSPITAL","Repairs & Maintenance","","Kristi Toy","PHARMACY ROOM PRESSURE SENSOR","FWKD0300179","09-10-2021 12:46:29","QUOTE# 091021-01","ENG","84600","662500","","02-14-2022 08:01:20","kkrystopa@phsi.us","","$0.00"
"FPO0023903","Received","728030263","26043","$7,196.71","LIMA COMPANY","LIMA COMPANY","ROXBOROUGH MEMORIAL HOSPITAL","Repairs & Maintenance","","Kristi Toy","EMERGENCY SERVICE - SCHOOL OF NURSING PIPE BURST ","","09-10-2021 08:54:51","","ENG","84600","662500","","09-21-2021 12:44:21","system","","$0.00"
"FPO0023902","Received","728030257","57050","$1,102.50","RAMM","RAMM INC","ROXBOROUGH MEMORIAL HOSPITAL","Repairs & Maintenance","","Kristi Toy","PENTHOUSE STEAM LEAK - GASKET LEAKING ON HIGH PRESSURE STEAM STATION ","","09-10-2021 08:37:21","","ENG","84600","662500","","09-17-2021 11:57:00","ktoy@phsi.us","","$0.00"
"FPO0023900","Received","728030264","8503","$5,063.00","LIMBACH COMPANY LLC","LIMBACH COMPANY LLC","ROXBOROUGH MEMORIAL HOSPITAL","Repairs & Maintenance","","Kristi Toy","PLUMBING SERVICE THROUGHOUT HOSPITAL - REPAIRS & MAINTENANCE - 4TH FLOOR P TRAP, REPAIR FAUCET IN KITCHEN, GROUND FLOOR REPAIR, SDS SANITARY LINE, 2ND FLOOR ADMIN TOILET, FAUCET REPAIR 256, BED PAN SINK AND CAP INLETS, REPAIR DRANI LINE 2ND FLOOR, REBUILD SEVERAL FAUCET AND TOILETS - 29 HOURS","FWKD0270857","09-10-2021 08:32:00","","ENG","84600","662500","","09-20-2021 08:02:30","system","","$0.00"
"FPO0023899","Received","728030258","32318","$801.00","ELECTRONIC SECURITY SOLUTIONS","ELECTRONIC SECURITY SOLUTIONS","ROXBOROUGH MEMORIAL HOSPITAL","Repairs & Maintenance","","Kristi Toy","FIRE PLANEL LCD SCREEN SERVICE - NO SCREEN ON DISPLAY NEEDED REPLACEMENT","","09-10-2021 08:26:34","JOB# D029434","ENG","84600","662500","","09-17-2021 11:02:53","ktoy@phsi.us","","$0.00"
"FPO0023665","Received","728030170","32175","$951.00","ELECTRONIC SECURITY SOLUTIONS","ELECTRONIC SECURITY SOLUTIONS","ROXBOROUGH MEMORIAL HOSPITAL","Repairs & Maintenance","","Kristi Toy","FIRE PANEL AC1 DUCT SMOKE ACTIVE ","","09-03-2021 11:24:03","","ENG","84600","662500","","09-03-2021 13:17:16","ktoy@phsi.us","","$0.00"
"FPO0023664","Received","728030175","32180","$727.00","ELECTRONIC SECURITY SOLUTIONS","ELECTRONIC SECURITY SOLUTIONS","ROXBOROUGH MEMORIAL HOSPITAL","Repairs & Maintenance","","Kristi Toy","EMERGENCY SERVICE - PIPE BURST CAUSING FIRE PANEL SYSTEM TO GO INTO ALARM - 3 MOKE DETECTORS REPLACED","","09-03-2021 11:13:27","","ENG","84600","662500","","09-10-2021 07:28:40","ktoy@phsi.us","","$0.00"
"FPO0023661","Received","728030172","57822","$1,029.00","RAMM","RAMM INC","ROXBOROUGH MEMORIAL HOSPITAL","Repairs & Maintenance","","Kristi Toy","STEAM RELIEF BLOWING OFF BOILER ROOM","","09-03-2021 10:50:51","","ENG","84600","662500","","09-03-2021 13:17:55","ktoy@phsi.us","","$0.00"
"FPO0023660","Received","728030169","57821","$735.00","RAMM","RAMM INC","ROXBOROUGH MEMORIAL HOSPITAL","Repairs & Maintenance","","Kristi Toy","PHARMACY PRESSURE ISSUES - NEGATIVE PRESSURE ROOMS NOT IN RANGE","","09-03-2021 10:49:27","JOB ID# J47994","ENG","84600","662500","","09-10-2021 07:29:11","ktoy@phsi.us","","$0.00"
"FPO0023659","Received","728030176","57820","$882.00","RAMM","RAMM INC","ROXBOROUGH MEMORIAL HOSPITAL","Repairs & Maintenance","","Kristi Toy","UV LIGHTS TROUBLESHOOTING ","","09-03-2021 10:44:19","JOB# J47844","ENG","84600","662500","","09-10-2021 07:29:50","ktoy@phsi.us","","$0.00"
"FPO0023658","Received","728030173","57819","$324.00","RAMM","RAMM INC","ROXBOROUGH MEMORIAL HOSPITAL","Repairs & Maintenance","","Kristi Toy","COOLING TOWERS EMPTY AND BAD SENSORS","","09-03-2021 10:41:50","JOB# J47691","ENG","84600","662500","","09-10-2021 07:30:07","ktoy@phsi.us","","$0.00"
"FPO0023657","Received","728030174","57823","$1,591.00","RAMM","RAMM INC","ROXBOROUGH MEMORIAL HOSPITAL","Repairs & Maintenance","","Kristi Toy","MOB SUITE 102 BAD FAN MOTOR","","09-03-2021 10:36:27","JOB# J47724","ENG","84600","662500","","09-10-2021 07:30:22","ktoy@phsi.us","","$0.00"
"FPO0023656","Received","728030171","87818","$2,226.00","RAMM","RAMM INC","ROXBOROUGH MEMORIAL HOSPITAL","Repairs & Maintenance","","Kristi Toy","CATH LAB AREA LEAK FROM CONTROLS ","","09-03-2021 10:28:31","JOB# J47622","ENG","84600","662500","","09-10-2021 07:30:39","ktoy@phsi.us","","$0.00"
"FPO0023655","Received","728030168","8000998726","$1,135.45","CENTIMARK CORPORATION","CENTIMARK CORPORATION","ROXBOROUGH MEMORIAL HOSPITAL","Repairs & Maintenance","","Kristi Toy","4TH FLOOR LEAK ","FWKD0289378","09-03-2021 10:11:38","","ENG","84600","662500","","10-06-2021 09:40:01","system","","$0.00"
"FPO0023654","Received","728030167","740336","$96.00","JAMES DOORCHECK","JAMES DOORCHECK","ROXBOROUGH MEMORIAL HOSPITAL","Repairs & Maintenance","","Kristi Toy","CORBIN KEYS","","09-03-2021 10:07:58","ORDER# 535707","ENG","84600","662500","","02-02-2024 07:54:52","system","","$0.00"
"FPO0023651","Received","728030256","520","$930.74","DARREN DANILOWICZ REFRIGERATIO","DARREN DANILOWICZ REFRIGERATIO","ROXBOROUGH MEMORIAL HOSPITAL","Repairs & Maintenance","","Kristi Toy","WALK IN 3 NOT WORKING","FWKD0292458","09-03-2021 09:40:06","","ENG","84600","662500","","09-27-2021 14:18:54","system","","$0.00"
"FPO0023321","Received","728030062","57782","$233.50","RAMM","RAMM INC","ROXBOROUGH MEMORIAL HOSPITAL","Repairs & Maintenance","","Kristi Toy","CONDENSATE PUMP FOR DUCTLESS SPLIT LEAKING ","","08-27-2021 10:46:37","JOB# J47474","ENG","84600","662500","","08-30-2021 07:07:35","ktoy@phsi.us","","$0.00"
"FPO0023320","Received","728030063","57779","$661.50","RAMM","RAMM INC","ROXBOROUGH MEMORIAL HOSPITAL","Repairs & Maintenance","","Kristi Toy","SCHOOL OF NURSING CHILLER DOWN ","","08-27-2021 10:45:12","JOB# J47911 / Work Order# S-104836","ENG","84600","662500","","08-30-2021 07:07:58","ktoy@phsi.us","","$0.00"
"FPO0023317","Received","728030058","","$1,314.00","SHERWIN WILLIAMS CO INC","SHERWIN WILLIAMS CO INC","ROXBOROUGH MEMORIAL HOSPITAL","Repairs & Maintenance","","Kristi Toy","CEILING TILE STOCK ","","08-27-2021 10:34:24","QUOTE# 5844025","ENG","84600","662500","","10-11-2021 07:56:34","system","","$0.00"
"FPO0023314","Received","728030057","","$407.31","SIEMENS INDUSTRY INC","SIEMENS BUILDING TECHNOLOGIES","ROXBOROUGH MEMORIAL HOSPITAL","Repairs & Maintenance","","Kristi Toy","PNEUMATIC RECIEVER CONTROLLER","","08-27-2021 10:18:21","QUOTE# 082521-01","ENG","84600","662500","","09-30-2021 07:34:25","kkrystopa@phsi.us","","$0.00"
"FPO0023313","Received","728030070","","$3,050.00","INDEPENDENT CONTRACT FLOORING","INDEPENDENT CONTRACT FLOORING","ROXBOROUGH MEMORIAL HOSPITAL","Repairs & Maintenance","","Kristi Toy","FLOORING REPAIRS IN OR 1, 3 AND CATH LAB - WORK ORDER FWDK0286351 RELATED ","FWKD0286346","08-27-2021 10:14:49","","ENG","84600","662500","","01-11-2022 13:11:32","system","","$0.00"
"FPO0023308","Received","728030064","519","$919.98","DARREN DANILOWICZ REFRIGERATIO","DARREN DANILOWICZ REFRIGERATIO","ROXBOROUGH MEMORIAL HOSPITAL","Repairs & Maintenance","","Kristi Toy","OVEN AND REFRIGERATOR LABOR AND PARTS","FWKD0291139","08-27-2021 09:34:41","","ENG","84600","662500","","08-30-2021 07:08:36","ktoy@phsi.us","","$0.00"
"FPO0023305","Received","728030061","140673","$278.00","ELLIOTT LEWIS CORPORATION","ELLIOTT LEWIS","ROXBOROUGH MEMORIAL HOSPITAL","Repairs & Maintenance","","Kristi Toy","URGENT CARE TEMP TOO HOT ","FWKD0273169","08-27-2021 09:05:18","SERVICE CALL# 210714-0038","ENG","70700","662500","","08-30-2021 07:08:57","ktoy@phsi.us","","$0.00"
"FPO0023151","Received","728030071","","$701.84","GRAINGER","GRAINGER WW INC 860641950","ROXBOROUGH MEMORIAL HOSPITAL","Repairs & Maintenance","495192176334967
Status: Delivered
>Date: 2021-08-31
>City/State: Philadelphia, PA
>Signature Name: Signature not required

 495192176337685
Status: Delivered
>Date: 2021-08-31
>City/State: Philadelphia, PA
>Signature Name: Signature not required

 495192176585284
Status: Delivered
>Date: 2021-09-20
>City/State: Philadelphia, PA
>Signature Name: Signature on File

 495192176585314 
Status: Delivered
>Date: 2021-09-20
>City/State: Philadelphia, PA
>Signature Name: Signature on File

","Kristi Toy","STOCK","","08-24-2021 10:21:54","","ENG","84600","662500","","03-22-2024 12:47:57","system","Delivered","$0.00"
"FPO0023145","Approved-PO Issued","728030015","","$27,000.00","ADVANCED TECHNOLOGIES GROUP IN","ADVANCED TECHNOLOGIES GROUP IN","ROXBOROUGH MEMORIAL HOSPITAL","Purchased Services/Service Agreements","","Kristi Toy","ENVIRONMENT OF CARE SUBSCRIPTION SERVICE, LIFES SAFETY PLAN UPDATES, ATG HOSTING PLATFORM","","08-24-2021 08:40:26","","ENG","84600","669500","","09-13-2024 08:20:50","system","","$0.00"
"FPO0023130","Received","728029986","","$880.08","SIEMENS INDUSTRY INC","SIEMENS BUILDING TECHNOLOGIES","ROXBOROUGH MEMORIAL HOSPITAL","Repairs & Maintenance","","Kristi Toy","OPERATING ROOM SENSORS","","08-23-2021 14:47:52","","ENG","84600","662500","","09-30-2021 07:33:35","kkrystopa@phsi.us","","$0.00"
"FPO0023072","Received","728029964","25362","$278.00","LIMA COMPANY","LIMA COMPANY","ROXBOROUGH MEMORIAL HOSPITAL","Repairs & Maintenance","","Kristi Toy","KITCHEN FLOOR DRAIN BACKING UP - ON GOING ISSUE ","","08-20-2021 08:16:51","","ENG","84600","662500","","08-23-2021 13:38:40","ktoy@phsi.us","","$0.00"
"FPO0023030","Received","728029956","","$545.90","HILTI INC","HILTI INC","ROXBOROUGH MEMORIAL HOSPITAL","Repairs & Maintenance","","Kristi Toy","MAINTENANCE STOCK ITEMS ","","08-19-2021 07:25:29","QUOTE# 922994611","ENG","84600","662500","","08-31-2022 12:01:27","system","","$0.00"
"FPO0022943","Received","728029898","31975","$511.00","ELECTRONIC SECURITY SOLUTIONS","ELECTRONIC SECURITY SOLUTIONS","ROXBOROUGH MEMORIAL HOSPITAL","Repairs & Maintenance","","Kristi Toy","FIRE ALARM SYSTEM SERVICE - 4TH FLOOR BPS NAC1 TROUBLE ON PANEL ","","08-17-2021 08:37:56","","ENG","84600","662500","","09-21-2021 10:42:01","system","","$0.00"
"FPO0022939","Received","728029905","57705","$1,597.00","RAMM","RAMM INC","ROXBOROUGH MEMORIAL HOSPITAL","Repairs & Maintenance","","Kristi Toy","MORGUE TEMP TOO HIGH","FWKD0273070","08-17-2021 08:21:05","","ENG","84600","662500","","08-18-2021 14:38:40","ktoy@phsi.us","","$0.00"
"FPO0022887","Received","728029899","517","$307.90","DARREN DANILOWICZ REFRIGERATIO","DARREN DANILOWICZ REFRIGERATIO","ROXBOROUGH MEMORIAL HOSPITAL","Repairs & Maintenance","","Kristi Toy","ICE MACHINE LEAKING ","FWKD0286284","08-16-2021 12:04:56","","ENG","70830","662500","","03-13-2024 09:46:02","system","","$0.00"
"FPO0022886","Received","728029900","518","$357.50","DARREN DANILOWICZ REFRIGERATIO","DARREN DANILOWICZ REFRIGERATIO","ROXBOROUGH MEMORIAL HOSPITAL","Repairs & Maintenance","","Kristi Toy","WALK IN FREEZER NOT HOLDING TEMPERATURE","FWKD0287875","08-16-2021 12:03:38","","ENG","84600","662500","","08-20-2021 12:29:24","ktoy@phsi.us","","$0.00"
"FPO0022868","Received","728029873","","$339.03","GRAINGER","GRAINGER WW INC 860641950","ROXBOROUGH MEMORIAL HOSPITAL","Repairs & Maintenance","","Kristi Toy","MAINTENANCE STOCK ITEMS ","","08-16-2021 09:57:50","","ENG","84600","662500","","06-21-2022 18:03:30","system","","$0.00"
"FPO0022750","Received","728029848","","$790.72","KLENZOID INC","KLENZOID INC","ROXBOROUGH MEMORIAL HOSPITAL","Repairs & Maintenance","","Kristi Toy","BOILER CONDENSATE ELECTRODE ","","08-12-2021 08:10:41","QUOTE# KLEQ3013","ENG","84600","662500","","02-12-2024 12:39:12","system","","$0.00"
"FPO0022749","Received","728029847","5001550377","$1,463.70","TK ELEVATOR CORPORATION","THYSSEN KRUPP ELEVATOR CORP","ROXBOROUGH MEMORIAL HOSPITAL","Repairs & Maintenance","","Kristi Toy","ELEVATOR 6 CALL OUT - SERVICE NEEDED DUE TO INSPECTION","","08-12-2021 08:00:36","SR# 58319368","ENG","84600","662500","","09-21-2021 14:18:00","system","","$0.00"
"FPO0022748","Received","728029846","5001544784","$875.35","TK ELEVATOR CORPORATION","THYSSEN KRUPP ELEVATOR CORP","ROXBOROUGH MEMORIAL HOSPITAL","Repairs & Maintenance","","Kristi Toy","ELEVATOR 7 CALL OUT - SERVICE NEEDED DUE TO INPSECTION BEING COMPLETED ","","08-12-2021 07:58:17","","ENG","84600","662500","","08-16-2021 12:26:13","ktoy@phsi.us","","$0.00"
"FPO0022708","Received","728029812","","$271.75","JAMES DOORCHECK","JAMES DOORCHECK","ROXBOROUGH MEMORIAL HOSPITAL","Repairs & Maintenance","","Kristi Toy","DOOR LOCKSET CHANGE - MOB SUITE 204","FWKD0286597","08-11-2021 14:04:38","ORDER# 535358","ENG","84600","662500","","02-02-2024 07:55:07","system","","$0.00"
"FPO0022706","Received","728029838","","$1,127.00","SHERWIN WILLIAMS CO INC","SHERWIN WILLIAMS CO INC","ROXBOROUGH MEMORIAL HOSPITAL","Repairs & Maintenance","","Kristi Toy","OUTPATIENT ROLLER SHADE - PRIVACY CONCERN","","08-11-2021 13:47:38","","ENG","84600","662500","","10-07-2021 11:29:00","kkrystopa@phsi.us","","$0.00"
"FPO0022703","Received","728029813","25245","$7,225.02","LIMA COMPANY","LIMA COMPANY","ROXBOROUGH MEMORIAL HOSPITAL","Repairs & Maintenance","","Kristi Toy","EMERGENCY SERVICE - CCRB SOILED PIPE LEAK ","FWKD0286549","08-11-2021 12:57:36","","ENG","84600","662500","","08-17-2021 13:06:13","ktoy@phsi.us","","$0.00"
"FPO0022546","Canceled","","","$737.50","AVIDEX INDUSTRIES LLC","AVIDEX","ROXBOROUGH MEMORIAL HOSPITAL","Repairs & Maintenance","","Kristi Toy","TVS","FWKD0263772","08-06-2021 11:35:53","","ENG","84600","662500","","01-26-2024 13:26:52","system","","$0.00"
"FPO0022531","Received","728029752","","$171.24","GRAINGER","GRAINGER WW INC 860641950","ROXBOROUGH MEMORIAL HOSPITAL","Repairs & Maintenance","Status: Delivered
Delivery Details:
>City/State: Philadelphia, PA
>Date: 2021-08-11
>Signature Name: Signature on File
>Delivery location: null","Kristi Toy","THERMOSTAT COVERS - MULTIPLE LOCATIONS","FWKD0152441","08-06-2021 09:19:08","","ENG","84600","662500","","09-21-2021 08:39:36","system","Delivered","$0.00"
"FPO0022530","Received","728029753","","$267.00","FOLLETT PRODUCTS LLC","FOLLETT PRODUCTS LLC","ROXBOROUGH MEMORIAL HOSPITAL","Repairs & Maintenance","","Kristi Toy","ICE MACHINE MAINTENANCE SUPPLIES","","08-06-2021 09:12:18","QUOTE# 00467069","ENG","84600","662500","","03-25-2024 14:59:25","system","","$0.00"
"FPO0022526","Received","728029751","","$1,028.80","GENERAL AIRE SYSTEMS INC","GENERAL AIRE SYSTEMS INC","ROXBOROUGH MEMORIAL HOSPITAL","Repairs & Maintenance","","Kristi Toy","AIR FILTER REPLACEMENTS 24X24X11.5 ","","08-06-2021 08:22:30","A-072152-DC Roxborough","ENG","84600","662500","","08-19-2021 13:05:49","ktoy@phsi.us","","$0.00"
"FPO0022521","Received","728029754","","$699.00","KB LIGHTING MFG CO INC","KB LIGHTING MFG CO  INC","ROXBOROUGH MEMORIAL HOSPITAL","Repairs & Maintenance","","Kristi Toy","LIGHT BULB STOCK ","","08-06-2021 07:14:33","","ENG","84600","662500","","08-14-2024 07:54:43","system","","$0.00"
"FPO0022506","Received","728029733","","$965.00","TINT PRO INC","TINT PRO INC","ROXBOROUGH MEMORIAL HOSPITAL","Repairs & Maintenance","","Kristi Toy","TINT-PRO - ER ENTRANCE DOOR AND OUTPATIENT PT PRIVACY FILM","FWKD0137566","08-05-2021 13:11:39","","ENG","84600","662500","","09-21-2021 07:26:12","system","","$0.00"
"FPO0022505","Received","728029734","5399595-00","$365.15","BILLOWS ELECTRIC SUPPLY COMPAN","BILLOWS ELECTRIC SUPPLY","ROXBOROUGH MEMORIAL HOSPITAL","Repairs & Maintenance","","Kristi Toy","BALLIST STOCK - 4TH FLOOR REHAB PROJECT ","","08-05-2021 13:10:33","","ENG","84600","662500","","10-13-2021 08:05:49","system","","$0.00"
"FPO0022444","Received","728029711","","$39.04","LABOV SUPPLY CO INC","LABOV SUPPLY CO INC THE","ROXBOROUGH MEMORIAL HOSPITAL","Repairs & Maintenance","","Kristi Toy","SPD DECON ROOM FAUCET","","08-04-2021 14:51:47","ORDER# S1494069","ENG","84600","662500","","08-24-2021 09:45:21","ktoy@phsi.us","","$0.00"
"FPO0022437","Received","728029712","1010922795","$182.47","STERICYCLE INC","STERICYCLE INC [UC]","ROXBOROUGH MEMORIAL HOSPITAL","Repairs & Maintenance","","Kristi Toy","SHARP REMOVAL URGENT CARE","","08-04-2021 14:02:39","","ENG","70830","662500","","08-16-2021 07:18:52","ktoy@phsi.us","","$0.00"
"FPO0022430","Approved-PO Issued","728029727","GPH750187","$1,394.75","GTO GREASE TRAP SERVICES","GTO GREASE TRAP SERVICES","ROXBOROUGH MEMORIAL HOSPITAL","Purchased Services/Service Agreements","","Kristi Toy","GREASE TRAP SERVICE - JULY","","08-04-2021 13:09:56"," 2021 GREASE TRAP MONTHLY MAINTENANCE PROPOSAL","ENG","84600","669500","","07-19-2024 10:27:54","system","","$0.00"
"FPO0022427","Received","728029710","1010915257","$1,527.83","STERICYCLE INC","STERICYCLE INC 9001590","ROXBOROUGH MEMORIAL HOSPITAL","Repairs & Maintenance","","Kristi Toy","SHARP WASTE REMOVAL - HOSPITAL ","","08-04-2021 12:46:32","","ENG","84400","662500","","03-06-2024 09:29:43","system","","$0.00"
"FPO0022325","Received","728029687","","$10,800.00","RAMM","RAMM INC","ROXBOROUGH MEMORIAL HOSPITAL","Purchased Services/Service Agreements","","Kristi Toy","HVAC PREVENTATIVE MAINTENANCE ","","08-03-2021 10:22:04","","ENG","84600","669500","","01-17-2023 12:55:44","system","","$0.00"
"FPO0022320","Received","728029677","","$17.74","GRAINGER","GRAINGER WW INC 860641950","ROXBOROUGH MEMORIAL HOSPITAL","Repairs & Maintenance","Status: Delivered
Delivery Details:
>City/State: Philadelphia, PA
>Date: 2021-08-04
>Signature Name: Signature on File
>Delivery location: null","Kristi Toy","PHARMACY EXHAUST FAN BELT ","","08-03-2021 08:01:32","","ENG","84600","662500","","08-04-2021 11:54:43","system","Delivered","$0.00"
"FPO0022319","Received","728029679","77","$2,135.00","PW BIG BOY CLEANING SERVICE","PW BIG BOY CLEANING SERVICE","ROXBOROUGH MEMORIAL HOSPITAL","Repairs & Maintenance","","Kristi Toy","Urgent Care Cleaning Service July 2021","","08-03-2021 07:57:48","","ENG","70830","662500","","09-30-2021 14:53:25","system","","$0.00"
"FPO0022318","Approved-PO Issued","728029678","","$208.00","NEW PIG  CORP","NEW PIG  CORP","ROXBOROUGH MEMORIAL HOSPITAL","Repairs & Maintenance","","Kristi Toy","Absorbent Ceiling Tile - Maintenance Stock Item","","08-03-2021 07:29:59","","ENG","84600","662500","","04-26-2023 11:11:34","system","","$0.00"
"FPO0022288","Received","728029663","","$300.52","GRAINGER","GRAINGER WW INC 860641950","ROXBOROUGH MEMORIAL HOSPITAL","Repairs & Maintenance","Status: Delivered
Delivery Details:
>City/State: Philadelphia, PA
>Date: 2021-08-04
>Signature Name: Signature on File
>Delivery location: null","Kristi Toy","Maintenance Stock Items ","","08-02-2021 09:19:44","","ENG","84600","662500","","09-21-2021 08:36:34","system","Delivered","$0.00"
"FPO0022270","Received","728029635","","$2,148.16","VIERLING INSULATION SVC INC","VIERLING INSULATION SVC INC","ROXBOROUGH MEMORIAL HOSPITAL","Repairs & Maintenance","","Kristi Toy","4TH FLOOR REHAB INSULATION ","","07-30-2021 13:38:44","1668","ENG","84600","662500","","08-09-2021 08:25:48","ktoy@phsi.us","","$0.00"
"FPO0022256","Received","728029633","","$2,552.88","GP ENERGY PRODUCTS LLC","GP ENERGY PRODUCTS LLC","ROXBOROUGH MEMORIAL HOSPITAL","Repairs & Maintenance","","Kristi Toy","BOILER GASKET AND CEMENT - PM MATERIAL","","07-30-2021 07:38:41","","ENG","84600","662500","","02-09-2024 08:38:13","system","","$0.00"
"FPO0022255","Received","728029626","","$563.00","SHERWIN WILLIAMS CO INC","SHERWIN WILLIAMS CO INC","ROXBOROUGH MEMORIAL HOSPITAL","Repairs & Maintenance","","Kristi Toy","CEILING TILE STOCK","","07-30-2021 07:35:58","QUOTE# 5811253","ENG","84600","662500","","06-07-2022 11:39:19","system","","$0.00"
"FPO0022225","Received","728029610","57570","$294.00","RAMM","RAMM INC","ROXBOROUGH MEMORIAL HOSPITAL","Repairs & Maintenance","","Kristi Toy","AC1 RETURN FAN NOT WORKING - VFD BYPASS CONTROLS","","07-29-2021 10:59:39","JOB# J47704","ENG","84600","662500","","07-29-2021 14:36:57","ktoy@phsi.us","","$0.00"
"FPO0022212","Received","728029601","54791","$270.00","CM3 BUILDING SOLUTIONS INC","CM3 BUILDING SOLUTIONS INC","ROXBOROUGH MEMORIAL HOSPITAL","Repairs & Maintenance","","Kristi Toy","WANDER GUARD SYSTEM ALARMING 2 TOWER ","","07-29-2021 07:08:48","Work Order# 49565","ENG","84600","662500","","07-29-2021 14:39:42","ktoy@phsi.us","","$0.00"
"FPO0022119","Received","728029565","","$8,500.00","GRAHAM TECH ENVIRONMENTAL SVCS","GRAHAM TECH ENVIRONMENTAL SVCS","ROXBOROUGH MEMORIAL HOSPITAL","Repairs & Maintenance","","Kristi Toy","CCRB ABATEMENT OR WATER LINE LEAK AND SCHOOL OF NURSING ABATEMENT IN STAIRWELL ","FWKD0228688","07-27-2021 11:42:51","","ENG","84600","662500","","10-07-2021 10:45:54","kkrystopa@phsi.us","","$0.00"
"FPO0022118","Received","728029554","","$60.00","NIKO CONSTRUCTION SUPPLY","NIKO CONSTRUCTION SUPPLY","ROXBOROUGH MEMORIAL HOSPITAL","Repairs & Maintenance","","Kristi Toy","POLYGRABBER CEILING CLIP","","07-27-2021 11:39:13","","ENG","84600","662500","","08-04-2021 11:23:20","ktoy@phsi.us","","$0.00"
"FPO0022109","Received","728029550","187196-TM","$1,034.14","DELVAL EQUIPMENT","DELVAL EQUIPMENT CORP","ROXBOROUGH MEMORIAL HOSPITAL","Repairs & Maintenance","","Kristi Toy","CLEAVER BROOKS BOILTER FLAME FAILURE ISSUES - SERVICE","","07-27-2021 08:36:50","","ENG","84600","662500","","07-27-2021 14:09:50","ktoy@phsi.us","","$0.00"
"FPO0022108","Received","728029551","187485-TM","$584.50","DELVAL EQUIPMENT","DELVAL EQUIPMENT CORP","ROXBOROUGH MEMORIAL HOSPITAL","Repairs & Maintenance","","Kristi Toy","CLEAVER BOOKS BOILER READING HIGH LIMIT - SERVICE","","07-27-2021 08:33:24","","ENG","84600","662500","","07-27-2021 14:10:45","ktoy@phsi.us","","$0.00"
"FPO0022107","Received","728029552","55310","$270.00","CM3 BUILDING SOLUTIONS INC","CM3 BUILDING SOLUTIONS INC","ROXBOROUGH MEMORIAL HOSPITAL","Repairs & Maintenance","","Kristi Toy","LAB INTERCOM SYSTEM NOT WORKING ","","07-27-2021 08:14:48","","ENG","84600","662500","","07-27-2021 14:11:24","ktoy@phsi.us","","$0.00"
"FPO0022106","Received","728029548","516","$843.85","DARREN DANILOWICZ REFRIGERATIO","DARREN DANILOWICZ REFRIGERATIO","ROXBOROUGH MEMORIAL HOSPITAL","Repairs & Maintenance","","Kristi Toy","PASS THRU REFRIGERATOR AND DOUBLE DOOR SERVICES","FWKD0272989","07-27-2021 08:00:23","","ENG","84600","662500","","07-27-2021 14:12:19","ktoy@phsi.us","","$0.00"
"FPO0022105","Received","728029547","","$2,335.00","JOHNSON CONTROLS FIRE PROTECT","JOHNSON CONTROLS FIRE PROTECT","ROXBOROUGH MEMORIAL HOSPITAL","Repairs & Maintenance","","Kristi Toy","FIRE EXTINGUISHER HYDRO TEST ","","07-27-2021 07:47:07","SERVICE REQUEST# 49774114","ENG","84600","662500","","09-20-2021 07:37:27","kkrystopa@phsi.us","","$0.00"
"FPO0022104","Received","728029549","0243476","$1,500.00","GENSERVE LLC","GENSERVE LLC","ROXBOROUGH MEMORIAL HOSPITAL","Repairs & Maintenance","","Kristi Toy","GENERATOR BATTERY REPLACEMENT","","07-27-2021 07:45:09","","ENG","84600","662500","","07-27-2021 14:13:17","ktoy@phsi.us","","$0.00"
"FPO0022103","Received","728029569","917998949","$4,477.70","TENNANT SALES & SERVICE CO","TENNANT SALES & SERVICE CO","ROXBOROUGH MEMORIAL HOSPITAL","Repairs & Maintenance","","Kristi Toy","speed gleam rider burnisher battery replacement and service ","","07-27-2021 07:38:52","Service Notification 306740455","ENG","84400","662500","","07-28-2021 12:33:21","ktoy@phsi.us","","$0.00"
"FPO0022102","Approved-PO Issued","728029545","","$780.00","ICP MEDICAL LLC","ICP MEDICAL LLC","ROXBOROUGH MEMORIAL HOSPITAL","Repairs & Maintenance","","Kristi Toy","PRIVACY CURTAINS ER ","","07-27-2021 07:30:40","","ENG","84400","662500","","08-26-2022 07:25:31","system","","$0.00"
"FPO0022101","Received","728029568","57455","$2,522.00","RAMM","RAMM INC","ROXBOROUGH MEMORIAL HOSPITAL","Repairs & Maintenance","","Kristi Toy","RELIEF VALVE SCHOOL OF NURSING POPPING OFF - NEW VALVE INSTALL","FWKD0190208","07-27-2021 07:24:13","JOB# J47380 / WorkOrder#'s S-103892 & S-106523","ENG","70700","662500","","07-28-2021 12:30:54","ktoy@phsi.us","","$0.00"
"FPO0022100","Received","728029546","138650","$878.70","ELLIOTT LEWIS CORPORATION","ELLIOTT LEWIS","ROXBOROUGH MEMORIAL HOSPITAL","Repairs & Maintenance","","Kristi Toy","TELECOM UNIT GROUND FLOOR NOT COOLING ","","07-27-2021 07:20:44","","ENG","84600","662500","","07-27-2021 14:14:50","ktoy@phsi.us","","$0.00"
"FPO0022099","Received","728029543","138652","$650.10","ELLIOTT LEWIS CORPORATION","ELLIOTT LEWIS","ROXBOROUGH MEMORIAL HOSPITAL","Repairs & Maintenance","","Kristi Toy","3RD FLOOR DIALYSIS UNIT - FRONT GRILL REPLACEMENT ","","07-27-2021 07:17:24","","ENG","84600","662500","","09-26-2024 11:03:09","system","","$0.00"
"FPO0022098","Received","728029544","SRVCE00138595","$1,947.85","ELLIOTT LEWIS CORPORATION","ELLIOTT LEWIS","ROXBOROUGH MEMORIAL HOSPITAL","Repairs & Maintenance","","Kristi Toy","2ND FLOOR TELECOM ROOM HOT ","FWKD0249833","07-27-2021 07:10:57","","ENG","84600","662500","","07-27-2021 14:16:27","ktoy@phsi.us","","$0.00"
"FPO0021696","Approved-PO Issued","728029335","","$816.00","JOHNSON CONTROLS FIRE PROTECT","JOHNSON CONTROLS FIRE PROTECT","ROXBOROUGH MEMORIAL HOSPITAL","Repairs & Maintenance","","Kristi Toy","FIRE ALARM SYSTEM MAINTENANCE DEFICIENCES - BATTERY REPLACEMENTS ","","07-14-2021 08:14:03","","ENG","84600","662500","","11-22-2021 09:52:13","system","","$0.00"
"FPO0021686","Received","728029342","917990757","$144.45","TENNANT SALES & SERVICE CO","TENNANT SALES & SERVICE CO","ROXBOROUGH MEMORIAL HOSPITAL","Repairs & Maintenance","","Kristi Toy","SERVICE LABOR T300 SCRUBBER ","","07-14-2021 07:09:11","","ENG","84400","662500","","01-11-2022 08:53:10","system","","$0.00"
"FPO0021670","Received","728029311","","$16.60","GRAINGER","GRAINGER WW INC 860641950","ROXBOROUGH MEMORIAL HOSPITAL","Repairs & Maintenance","Status: Delivered
Delivery Details:
>City/State: Philadelphia, PA
>Date: 2021-07-15
>Signature Name: Signature on File
>Delivery location: null","Kristi Toy","4TH FLOOR REHAB WALL RECEPTACLES ","","07-13-2021 12:04:11","","ENG","84600","662500","","08-04-2021 08:20:08","ktoy@phsi.us","Delivered","$0.00"
"FPO0021669","Received","728029324","","$296.15","SHERWIN WILLIAMS CO INC","SHERWIN WILLIAMS CO INC","ROXBOROUGH MEMORIAL HOSPITAL","Repairs & Maintenance","","Kristi Toy","4TH FLOOR REHAB PROJECT - PAINT AND FLOOR TILE ","","07-13-2021 11:58:24","QUOTE # 5785491","ENG","84600","662500","","09-23-2021 09:30:07","system","","$0.00"
"FPO0021666","Received","728029312","","$850.00","ELECTRONIC SECURITY SOLUTIONS","ELECTRONIC SECURITY SOLUTIONS","ROXBOROUGH MEMORIAL HOSPITAL","Purchased Services/Service Agreements","","Kristi Toy","URGENT CARE FIRE ALARM AND SECURITY ALARM SYSTEM MONITORING - JULY 2021 TO JULY 2022 - CONTRACT INCLUDED + INVOICE ","","07-13-2021 11:42:53","","ENG","70830","669500","","07-21-2022 07:16:23","system","","$0.00"
"FPO0021615","Received","728029297","","$390.00","MAJOR MEDICAL HOSPITAL SVCS","MAJOR MEDICAL HOSPITAL SVCS","ROXBOROUGH MEMORIAL HOSPITAL","Repairs & Maintenance","","Kristi Toy","OXYGEN COUPLERS","FWKD0271240","07-12-2021 10:26:05","QUOTE# SQ11048","ENG","84600","662500","","07-13-2021 10:24:26","ktoy@phsi.us","","$0.00"
"FPO0021599","Received","728029295","69057","$811.80","GENERAL AIRE SYSTEMS INC","GENERAL AIRE SYSTEMS INC","ROXBOROUGH MEMORIAL HOSPITAL","Repairs & Maintenance","","Kristi Toy","FILTER ORDER - REMAINING FILTERS","","07-12-2021 09:16:05","","ENG","84600","662500","","07-12-2021 13:34:06","ktoy@phsi.us","","$0.00"
"FPO0021542","Received","728029296","57331","$735.00","RAMM","RAMM INC","ROXBOROUGH MEMORIAL HOSPITAL","Repairs & Maintenance","","Kristi Toy","HOSPITAL OVERHEATING - AC1 AND AC3 13%. ","","07-09-2021 07:33:10","","ENG","84600","662500","","07-12-2021 13:32:55","ktoy@phsi.us","","$0.00"
"FPO0021498","Received","728029249","57293","$1,609.00","RAMM","RAMM INC","ROXBOROUGH MEMORIAL HOSPITAL","Repairs & Maintenance","","Kristi Toy","CHILLER 1 COMPRESSOR 2 IN ALARM; BMC FAULT AND BLOWN VOLTAGE FUSE, FUSES REMOVED, ORDERED, AND INSTALL","FWKD0207351","07-08-2021 10:04:18","","ENG","84600","662500","","07-08-2021 13:57:35","ktoy@phsi.us","","$0.00"
"FPO0021496","Received","728029248","57294","$1,107.50","RAMM","RAMM INC","ROXBOROUGH MEMORIAL HOSPITAL","Repairs & Maintenance","","Kristi Toy","ROOM 202 NO AIRFLOW  DUE TO DAMPER BEING CLOSED AND BELT REPLACEMENT; HOT WATER CIRCULATORS OFFLINE; ALSO INCLUDED ELECTRIC VAULT UNIT LEAKING ","FWKD0257623","07-08-2021 10:00:32","","ENG","84600","662500","","07-08-2021 14:02:53","ktoy@phsi.us","","$0.00"
"FPO0021495","Received","728029250","57295","$882.00","RAMM","RAMM INC","ROXBOROUGH MEMORIAL HOSPITAL","Repairs & Maintenance","","Kristi Toy","SON CHILLER IN ALARM ","FWKD0207351","07-08-2021 09:57:38","","ENG","84600","662500","","07-08-2021 14:02:40","ktoy@phsi.us","","$0.00"
"FPO0021494","Received","728029257","57292","$514.50","RAMM","RAMM INC","ROXBOROUGH MEMORIAL HOSPITAL","Repairs & Maintenance","","Kristi Toy","SCHOOL OF NURSING LIBRARY PTAC UNIT - BAD BLOWER WHEEL AND LEAK IN CONDENSOR - UNIT RESET AND RUNNING - RECOMMENDED TO REPLACE EREQUESTER TO FOLLOW","","07-08-2021 09:57:00","","ENG","84600","662500","","07-08-2021 12:31:59","ktoy@phsi.us","","$0.00"
"FPO0021450","Received","728029275","","$127.12","GRAINGER","GRAINGER WW INC 860641950","ROXBOROUGH MEMORIAL HOSPITAL","Repairs & Maintenance","","Kristi Toy","MAINTENANCE STOCK ITEMS","","07-07-2021 12:59:13","","ENG","84600","662500","","07-13-2021 09:22:54","ktoy@phsi.us","","$0.00"
"FPO0021437","Received","728029231","21-116","$360.00","ALLY SERVICES CO LLC","ALLY SERVICES CO.","ROXBOROUGH MEMORIAL HOSPITAL","Repairs & Maintenance","","Kristi Toy","ASBESTOS INSPECTION SON STAIR TOWERS","FWKD0228688","07-07-2021 08:09:58","","ENG","84600","662500","","09-23-2021 08:40:33","system","","$0.00"
"FPO0021436","Received","728029229","1010851556","$121.65","STERICYCLE INC","STERICYCLE INC 9001590","ROXBOROUGH MEMORIAL HOSPITAL","Repairs & Maintenance","","Kristi Toy","SHARP REMOVAL AT URGENT CARE","","07-07-2021 07:40:46","","ENG","70830","662500","","07-08-2021 14:03:21","ktoy@phsi.us","","$0.00"
"FPO0021434","Received","728029230","1010842999, -3737","$1,499.18","STERICYCLE INC","STERICYCLE INC 9001590","ROXBOROUGH MEMORIAL HOSPITAL","Repairs & Maintenance","","Kristi Toy","SHARP WASTE REMOVAL (2 INVOICES)","","07-07-2021 07:31:26","","ENG","84400","662500","","07-08-2021 14:04:04","ktoy@phsi.us","","$0.00"
"FPO0021318","Received","728029195","GPH749413","$258.95","GTO GREASE TRAP SERVICES","GTO GREASE TRAP SERVICES","ROXBOROUGH MEMORIAL HOSPITAL","Repairs & Maintenance","","Kristi Toy","GREASE TRAP SERVICES ","","07-01-2021 13:56:27","","ENG","84600","662500","","07-19-2024 10:26:52","system","","$0.00"
"FPO0021292","Approved-PO Issued","728029173","","$305.40","KELLY SYSTEMS INC","KELLY SYSTEMS  INC","ROXBOROUGH MEMORIAL HOSPITAL","Repairs & Maintenance","","Kristi Toy","PNEUMATIC TUBE SYSTEM - TUBE REPAIRS ","","06-30-2021 15:19:12","","ENG","84600","662500","","07-29-2021 13:01:29","bcervantes@phsi.us","","$0.00"
"FPO0021177","Received","728029167","77","$2,135.00","PW BIG BOY CLEANING SERVICE","PW BIG BOY CLEANING SERVICE","ROXBOROUGH MEMORIAL HOSPITAL","Repairs & Maintenance","","Kristi Toy","URGENT CARE CLEANING SERVICES + FOGG AND SHAMPOO","","06-28-2021 13:06:31","","ENG","70830","662500","","06-30-2021 12:18:41","ktoy@phsi.us","","$0.00"
"FPO0021173","Received","728029125","917941337","$684.05","TENNANT SALES & SERVICE CO","TENNANT SALES & SERVICE CO","ROXBOROUGH MEMORIAL HOSPITAL","Repairs & Maintenance","","Kristi Toy","WHIRLAMATIC SERVICE REPAIR ","","06-28-2021 12:22:22","","ENG","84400","662500","","06-29-2021 07:12:24","ktoy@phsi.us","","$0.00"
"FPO0021167","Received","728029124","P24847","$210.00","WIRELESS ELECTRONICS INC","WIRELESS ELECTRONICS INC","ROXBOROUGH MEMORIAL HOSPITAL","Repairs & Maintenance","","Kristi Toy","SECURITY RADIO SERVICES ","","06-28-2021 11:36:44","","ENG","84200","662500","","10-28-2024 08:54:23","system","","$0.00"
"FPO0021088","Received","728029117","","$995.40","CENTIMARK CORPORATION","CENTIMARK CORPORATION","ROXBOROUGH MEMORIAL HOSPITAL","Repairs & Maintenance","","Kristi Toy","4TH FLOOR REHAB ROOF REPAIRS ","","06-25-2021 08:38:24","","ENG","84600","662500","","10-06-2021 09:41:19","system","","$0.00"
"FPO0021056","Approved-PO Issued","728029092","","$579.20","UNIFIRST CORP","UNIFIRST CORP","ROXBOROUGH MEMORIAL HOSPITAL","Repairs & Maintenance","","Kristi Toy","MAINTENANCE AND BOILER HOUSE UNIFORMS ","","06-24-2021 11:40:07","","ENG","84600","662500","","01-12-2022 10:39:16","system","","$0.00"
"FPO0020933","Received","728029050","","$420.00","LIBERTY FLOORING","LIBERTY FLOORING","ROXBOROUGH MEMORIAL HOSPITAL","Repairs & Maintenance","","Kristi Toy","CARPET TILE - URGENT CARE PROJECT - SHAW HAZE TILE 37760 NOTION ","","06-22-2021 11:20:53","","ENG","70830","662500","","10-19-2021 10:04:55","ktoy@phsi.us","","$0.00"
"FPO0020813","Approved-PO Issued","728028989","","$500.91","MCDONALD UNIFORM CO","MCDONALD UNIFORM CO","ROXBOROUGH MEMORIAL HOSPITAL","Repairs & Maintenance","","Kristi Toy","SECURITY UNIFORMS","","06-17-2021 11:14:18","QUOTE# 196116","ENG","84200","662500","","12-29-2023 15:23:13","system","","$0.00"
"FPO0020810","Approved-PO Issued","728028972","","$248.03","ZORO TOOLS INC","ZORO TOOLS INC","ROXBOROUGH MEMORIAL HOSPITAL","Repairs & Maintenance","","Kristi Toy","MAINTENANCE STOCK ITEMS ","","06-17-2021 10:31:17","","ENG","84600","662500","","07-29-2021 13:01:29","bcervantes@phsi.us","","$0.00"
"FPO0020808","Received","728029035","137101","$561.75","ELLIOTT LEWIS CORPORATION","ELLIOTT LEWIS","ROXBOROUGH MEMORIAL HOSPITAL","Repairs & Maintenance","","Kristi Toy","SAMSUNG TELECOM UNIT GROUND FLOOR CONDENSOR PUMP","","06-17-2021 10:20:04","","ENG","84600","662500","","06-23-2021 07:36:28","ktoy@phsi.us","","$0.00"
"FPO0020726","Received","728028947","8000989840","$776.25","CENTIMARK CORPORATION","CENTIMARK CORPORATION","ROXBOROUGH MEMORIAL HOSPITAL","Repairs & Maintenance","","Kristi Toy","4TH FLOOR REHAB ROOF REPAIR LEAK","","06-15-2021 13:35:12","Order# 2000970614","ENG","84600","662500","","05-17-2024 10:46:00","system","","$0.00"
"FPO0020725","Received","728028948","917922616","$383.51","TENNANT SALES & SERVICE CO","TENNANT SALES & SERVICE CO","ROXBOROUGH MEMORIAL HOSPITAL","Repairs & Maintenance","","Kristi Toy","SATURN HIGH SPEED FLOOR MACHINE BREAKDOWN REPAIR","","06-15-2021 13:27:14","","ENG","84400","662500","","03-11-2024 07:32:52","system","","$0.00"
"FPO0020710","Received","728028936","514","$346.24","DARREN DANILOWICZ REFRIGERATIO","DARREN DANILOWICZ REFRIGERATIO","ROXBOROUGH MEMORIAL HOSPITAL","Repairs & Maintenance","","Kristi Toy","REFRIGERATOR HEATING PAN NOT WORKING","FWKD0249744","06-15-2021 11:59:43","","ENG","84600","662500","","06-16-2021 09:13:14","ktoy@phsi.us","","$0.00"
"FPO0020706","Received","728028932","5323581","$32.45","BILLOWS ELECTRIC SUPPLY COMPAN","BILLOWS ELECTRIC SUPPLY","ROXBOROUGH MEMORIAL HOSPITAL","Repairs & Maintenance","","Kristi Toy","4th FLOOR REHAB PROJECT - ELECTRICAL ITEMS","","06-15-2021 10:50:37","","ENG","84600","662500","","11-24-2021 18:21:00","admin","","$0.00"
"FPO0020688","Received","728028928","","$805.25","RMH IMAGE GROUP","RMH IMAGE GROUP","ROXBOROUGH MEMORIAL HOSPITAL","Repairs & Maintenance","","Kristi Toy","4TH FLOOR REHAB - SIGNAGE ","","06-15-2021 07:28:18","QUOTE# 133503.1","ENG","84600","662500","","03-11-2024 14:06:23","system","","$0.00"
"FPO0020649","Received","728028918","","$986.00","IRIS LTD  INC","IRIS LTD  INC","ROXBOROUGH MEMORIAL HOSPITAL","Repairs & Maintenance","","Kristi Toy","BADGES, HOLDERS, REELS ","","06-14-2021 13:23:35","QUOTE# 61421-MC01","ENG","84200","662500","","06-28-2021 12:16:31","ktoy@phsi.us","","$0.00"
"FPO0020644","Received","728028914","513","$709.99","DARREN DANILOWICZ REFRIGERATIO","DARREN DANILOWICZ REFRIGERATIO","ROXBOROUGH MEMORIAL HOSPITAL","Repairs & Maintenance","","Kristi Toy","REFRIGERATION COMPRESSOR REPAIR ","FWKD0257823","06-14-2021 11:02:00","","ENG","84600","662500","","06-14-2021 13:32:48","ktoy@phsi.us","","$0.00"
"FPO0020643","Received","728028913","","$25,073.00","JOHNSON CONTROLS FIRE PROTECT","JOHNSON CONTROLS FIRE PROTECT","ROXBOROUGH MEMORIAL HOSPITAL","Purchased Services/Service Agreements","","Kristi Toy","3RD YEAR - TEST AND INSPECTION OF THE LIFE SAFETY SYSTEMS - PREVIOUS PO'S 728022899, 728017546","","06-14-2021 10:25:07","","ENG","84600","669500","","03-11-2022 12:22:45","kkrystopa@phsi.us","","$0.00"
"FPO0020641","Received","728028910","","$181.17","ZORO TOOLS INC","ZORO TOOLS INC","ROXBOROUGH MEMORIAL HOSPITAL","Repairs & Maintenance","","Kristi Toy","BROKEN LOCK ASSEMBLY REPLACEMENT NEEDED","FWKD0259554","06-14-2021 09:53:22","","ENG","84600","662500","","06-21-2021 08:55:15","ktoy@phsi.us","","$0.00"
"FPO0020640","Received","728028915","","$2,572.54","GENSERVE LLC","GENSERVE LLC","ROXBOROUGH MEMORIAL HOSPITAL","Repairs & Maintenance","","Kristi Toy","REMOVE AND REPLACE ENGINE FAN BELTS AND SERPENTINE BELTS. INSTALL NEW AIR FILTERS. TEST RUN UNIT TO VERIFY PROPER OPERATION. ","FWKD0259519","06-14-2021 09:08:20","QUOTE# AAAQ66669","ENG","84600","662500","","08-12-2021 07:27:37","ktoy@phsi.us","","$0.00"
"FPO0020637","Received","728028911","","$2,085.39","GENSERVE LLC","GENSERVE LLC","ROXBOROUGH MEMORIAL HOSPITAL","Repairs & Maintenance","","Kristi Toy","DRAIN COOLING SYSTEM, REMOVE AND REPLACE ENGINE BELTS, COIL AND CORE CLEANING, COOLANT","FWKD0259509","06-14-2021 08:51:57","QUOTE# AAAQ66732","ENG","84600","662500","","08-12-2021 07:28:26","ktoy@phsi.us","","$0.00"
"FPO0020610","Received","728028890","","$589.78","GP ENERGY PRODUCTS LLC","GP ENERGY PRODUCTS LLC","ROXBOROUGH MEMORIAL HOSPITAL","Repairs & Maintenance","","Kristi Toy","BOILER ANNUAL MAINTENANCE PARTS","","06-11-2021 14:47:17","","ENG","84600","662500","","10-03-2024 10:59:45","system","","$0.00"
"FPO0020605","Approved-PO Issued","728028888","","$166.44","MEDLINE INDUSTRIES INC","MEDLINE INDUSTRIES INC","ROXBOROUGH MEMORIAL HOSPITAL","Repairs & Maintenance","","Kristi Toy","TRIPLE GLOVE BOX HOLDER 4TH FLOOR REHAB - 10 EACH IN A CASE - 2 CASES TOTAL ","","06-11-2021 13:40:45","","ENG","84400","662500","","06-11-2021 17:25:19","system","","$0.00"
"FPO0020580","Received","728028880","","$525.00","KB LIGHTING MFG CO INC","KB LIGHTING MFG CO  INC","ROXBOROUGH MEMORIAL HOSPITAL","Repairs & Maintenance","","Kristi Toy","LIGHT BULBS","","06-11-2021 10:18:53","QUOTE# 6101","ENG","84600","662500","","12-29-2021 08:33:26","system","","$0.00"
"FPO0020533","Received","728028854","178383","$900.00","ATIS ELEVATOR INSPECTIONS LLC","ATIS ELEVATOR INSPECTIONS LLC","ROXBOROUGH MEMORIAL HOSPITAL","Repairs & Maintenance","","Kristi Toy","HYDRAULIC ELEVATOR PERIODIC TESTING - ELEVATORS 6, 11, 12 ","","06-10-2021 08:37:23","","ENG","84600","662500","","10-26-2021 11:14:55","system","","$0.00"
"FPO0020531","Received","728028861","","$4,296.32","VIERLING INSULATION SVC INC","VIERLING INSULATION SVC INC","ROXBOROUGH MEMORIAL HOSPITAL","Repairs & Maintenance","","Kristi Toy","ABOVE CEILING DUCT INSULATION THROUGHOUT HOSPITAL - CONDENSATION ISSUES IN MULTIPLE AREAS","","06-10-2021 07:53:42","","ENG","84600","662500","","06-14-2021 10:08:37","ktoy@phsi.us","","$0.00"
"FPO0020529","Received","728028849","22774","$2,430.00","LIMA COMPANY","LIMA COMPANY","ROXBOROUGH MEMORIAL HOSPITAL","Repairs & Maintenance","","Kristi Toy","PRINT SHOP EMERGENCY SERIVCE - SEWAGE PIPE LEAK ","","06-10-2021 07:33:37","WO# 26460","ENG","84600","662500","","06-10-2021 14:56:19","ktoy@phsi.us","","$0.00"
"FPO0020528","Received","728028848","3583","$925.00","KLENZOID INC","KLENZOID INC","ROXBOROUGH MEMORIAL HOSPITAL","Repairs & Maintenance","","Kristi Toy","LEGIONELLA CULTURES","","06-10-2021 07:22:26","","ENG","84600","662500","","06-10-2021 14:56:39","ktoy@phsi.us","","$0.00"
"FPO0020526","Received","728028850","57108","$1,764.00","RAMM","RAMM INC","ROXBOROUGH MEMORIAL HOSPITAL","Repairs & Maintenance","","Kristi Toy","CHILLER 3 IN ALARM, CONDENSER PUMPS 1 AND 3 NOT COMING ON ","FWKD0207351","06-10-2021 07:18:12","JOB# J47218","ENG","84600","662500","","09-22-2021 11:03:17","system","","$0.00"
"FPO0020525","Received","728028851","57109","$882.00","RAMM","RAMM INC","ROXBOROUGH MEMORIAL HOSPITAL","Repairs & Maintenance","","Kristi Toy","CATH LAB HOT - STORAGE CLOSETS TO HOTT VAV TEMP SENSOR","FWKD0204537","06-10-2021 07:15:45","JOB# J47134","ENG","84600","662500","","06-10-2021 15:08:25","ktoy@phsi.us","","$0.00"
"FPO0020489","Received","728028860","","$3,703.24","VIERLING INSULATION SVC INC","VIERLING INSULATION SVC INC","ROXBOROUGH MEMORIAL HOSPITAL","Repairs & Maintenance","","Kristi Toy","ABOVE CEILING INSULATION THROUGHOUT ENTIRE HOSPITAL - CONDENSATION ISSUES IN MULTIPLE AREAS ","","06-09-2021 08:08:51","DAILY TIME & MATERIAL REPORT# 1769","ENG","84600","662500","","06-30-2021 12:20:26","ktoy@phsi.us","","$0.00"
"FPO0020487","Received","728028846","","$156.60","GRAINGER","GRAINGER WW INC 860641950","ROXBOROUGH MEMORIAL HOSPITAL","Repairs & Maintenance","Status: Delivered
Delivery Details:
>City/State: Philadelphia, PA
>Date: 2021-06-11
>Signature Name: Signature on File
>Delivery location: null","Kristi Toy","MAINTENANCE STOCK ITEMS","","06-09-2021 07:25:43","","ENG","84600","662500","","06-14-2021 11:58:25","ktoy@phsi.us","Delivered","$0.00"
"FPO0020455","Received","728028821","","$50.00","GP ENERGY PRODUCTS LLC","GP ENERGY PRODUCTS LLC","ROXBOROUGH MEMORIAL HOSPITAL","Repairs & Maintenance","","Kristi Toy","BOILER MAINTENANCE PARTS CLEAVER BROOKS FASTENERS","","06-08-2021 13:56:03","","ENG","84600","662500","","06-10-2021 07:24:25","ktoy@phsi.us","","$0.00"
"FPO0020419","Received","728028797","","$561.69","SHERWIN WILLIAMS CO INC","SHERWIN WILLIAMS CO INC","ROXBOROUGH MEMORIAL HOSPITAL","Repairs & Maintenance","","Kristi Toy","4TH FLOOR REHAB PROJECT - COVE BASE","","06-07-2021 14:42:15","QUOTE# 5744004","ENG","84600","662500","","01-03-2023 08:26:52","system","","$0.00"
"FPO0020410","Received","728028796","","$376.92","DUFF COMPANY","DUFF COMPANY","ROXBOROUGH MEMORIAL HOSPITAL","Repairs & Maintenance","","Kristi Toy","PATIENT BATHROOM MATERIAL","FWKD0249241","06-07-2021 13:10:13","","ENG","84600","662500","","06-14-2021 10:07:14","ktoy@phsi.us","","$0.00"
"FPO0020406","Received","728028795","","$465.02","SHERWIN WILLIAMS CO INC","SHERWIN WILLIAMS CO INC","ROXBOROUGH MEMORIAL HOSPITAL","Repairs & Maintenance","","Kristi Toy","4TH FLOOR REHAB PAINT AND SUPPLY PROJECT","","06-07-2021 12:33:11","","ENG","84600","662500","","06-14-2021 17:46:01","admin","","$0.00"
"FPO0020335","Received","728028760","","$1,400.00","LOCKATONG ENGINEERING INC","LOCKATONG ENGINEERING INC","ROXBOROUGH MEMORIAL HOSPITAL","Repairs & Maintenance","","Kristi Toy","PADEP UST COMPLIANCE REVIEW ","","06-04-2021 12:00:07","","ENG","84600","662500","","06-22-2021 07:41:22","ktoy@phsi.us","","$0.00"
"FPO0020315","Approved-PO Issued","728028793","","$244.20","MEDLINE INDUSTRIES INC","MEDLINE INDUSTRIES INC","ROXBOROUGH MEMORIAL HOSPITAL","Repairs & Maintenance","","Kristi Toy","PULL AWAY SHOWER CURTAINS - GEROPSYCH ","","06-04-2021 07:42:02","","ENG","84400","662500","","06-08-2021 11:43:08","rcortinas1@phsi.us","","$0.00"
"FPO0020259","Received","728028744","498","$7,200.00","TRI STAR FACILICARE","FACILICARE SOLUTIONS","ROXBOROUGH MEMORIAL HOSPITAL","Repairs & Maintenance","","Kristi Toy","HOSPITAL, SCHOOL OF NURSING, MOB, WINDOW CLEANING SERVICE ","","06-03-2021 08:29:41","","ENG","84400","662500","","05-12-2022 10:25:51","system","","$0.00"
"FPO0020258","Received","728028737","181279","$1,710.00","QUIP LABORATORIES INC","QUIP LABORATORIES","ROXBOROUGH MEMORIAL HOSPITAL","Repairs & Maintenance","","Kristi Toy","HALOMIST ","","06-03-2021 07:54:01","","ENG","87906","662500","","06-04-2021 07:15:49","ktoy@phsi.us","","$0.00"
"FPO0020257","Received","728028733","1010771674","$1,703.47","STERICYCLE INC","STERICYCLE INC 9001590","ROXBOROUGH MEMORIAL HOSPITAL","Repairs & Maintenance","","Kristi Toy","SHARP WASTE REMOVAL - LATE FEE PLEASE PAY ON TIME!","","06-03-2021 07:48:48","","ENG","84400","662500","","06-04-2021 07:16:06","ktoy@phsi.us","","$0.00"
"FPO0020256","Received","728028736","1010770969","$15.50","STERICYCLE INC","STERICYCLE INC 9001590","ROXBOROUGH MEMORIAL HOSPITAL","Repairs & Maintenance","","Kristi Toy","ENERGY CHARGE WASTE REMOVAL","","06-03-2021 07:46:56","","ENG","84400","662500","","06-04-2021 07:16:38","ktoy@phsi.us","","$0.00"
"FPO0020234","Received","728028720","112139064","$7,316.38","VEOLIA NORTH AMERICA INC","VEOLIA ENVIRON SVCS","ROXBOROUGH MEMORIAL HOSPITAL","Repairs & Maintenance","","Kristi Toy","WASTE REMOVAL SERVICE - LIGHT BULBS, BATTERIES, MERCURY CONTAMINATED ITEMS, CARBON FILTERS, LEAD APRONS, ETO CARTRIDGES (BIO MED)","","06-02-2021 14:55:49","","ENG","84400","662500","","08-23-2022 09:19:55","system","","$0.00"
"FPO0020230","Received","728028717","","$2,400.00","ELLIOTT LEWIS CORPORATION","ELLIOTT LEWIS","ROXBOROUGH MEMORIAL HOSPITAL","Purchased Services/Service Agreements","","Kristi Toy","2ND FLOOR TELECOM ROOM SAMSUNG UNIT - CONDENSER AND AIR HANDLER PREVENTATIVE MAINTENANCE","","06-02-2021 13:31:13","","ENG","84600","669500","","09-19-2024 11:07:15","system","","$0.00"
"FPO0020224","Received","728028712","","$1,735.00","CHADWICK SERVICE CO","CHADWICK SERVICE CO","ROXBOROUGH MEMORIAL HOSPITAL","Repairs & Maintenance","","Kristi Toy","WORKNET FAUCET REPLACEMENT - TRANSFORMER FILTER MIXING VALVE AND CONNECTOR ","FWKD0246759","06-02-2021 12:41:22","","ENG","84600","662500","","07-24-2024 07:37:24","system","","$0.00"
"FPO0020110","Received","728028665","5001519136","$975.80","TK ELEVATOR CORPORATION","THYSSEN KRUPP ELEVATOR CORP","ROXBOROUGH MEMORIAL HOSPITAL","Repairs & Maintenance","","Kristi Toy","ELEVATOR 7 SERVICE CALL OUT - NOT RESPONDING","","05-28-2021 07:36:06","","ENG","84600","662500","","06-01-2021 07:39:40","ktoy@phsi.us","","$0.00"
"FPO0020086","Received","728028631","76","$2,135.00","PW BIG BOY CLEANING SERVICE","PW BIG BOY CLEANING SERVICE","ROXBOROUGH MEMORIAL HOSPITAL","Repairs & Maintenance","","Kristi Toy","MAY CLEANING SERVICE URGENT CARE","","05-27-2021 11:23:07","","ENG","70830","662500","","06-02-2021 12:52:33","ktoy@phsi.us","","$0.00"
"FPO0020079","Received","728028633","","$2,732.00","ELLIOTT LEWIS CORPORATION","ELLIOTT LEWIS","ROXBOROUGH MEMORIAL HOSPITAL","Repairs & Maintenance","","Kristi Toy","URGENT CARE ROOFTOP CARRIER HVAC UNIT PREVENATIVE MAINTENANCE - PREVIOUS PO 728022357 - CONTRACT ATTACHED WITH RENEWEL LETTER","","05-27-2021 08:08:20","CONTRACT# 73PM00 / EXP701 (A/R RO1130)","ENG","70830","662500","","09-19-2024 13:02:31","system","","$0.00"
"FPO0020078","Received","728028630","","$500.91","MCDONALD UNIFORM CO","MCDONALD UNIFORM CO","ROXBOROUGH MEMORIAL HOSPITAL","Repairs & Maintenance","","Kristi Toy","SECURITY UNIFORMS","","05-27-2021 07:25:09","","ENG","84200","662500","","06-28-2021 11:24:31","ktoy@phsi.us","","$0.00"
"FPO0020046","Received","728028610","","$1,100.00","INDEPENDENCE FIRE SPRINKLER CO","INDEPENDENCE FIRE SPRINKLER CO","ROXBOROUGH MEMORIAL HOSPITAL","Repairs & Maintenance","","Kristi Toy","ANNUAL BACK FLOW TESTING - 4 DOMESTIC BACK FLOWS ","","05-26-2021 13:37:44","Proposal# S21-0489","ENG","84600","662500","","05-01-2024 08:59:22","system","","$0.00"
"FPO0020024","Received","728028596","","$244.60","MEDLINE INDUSTRIES INC","MEDLINE INDUSTRIES INC","ROXBOROUGH MEMORIAL HOSPITAL","Repairs & Maintenance","","Kristi Toy","4TH FLOOR REHAB TRIPLE GLOVE BOX HOLDERS - TOTAL OF 10 HOLDERS ","","05-26-2021 08:24:00","","ENG","84600","662500","","06-16-2021 11:38:09","ktoy@phsi.us","","$0.00"
"FPO0020023","Received","728028597","","$486.16","GP ENERGY PRODUCTS LLC","GP ENERGY PRODUCTS LLC","ROXBOROUGH MEMORIAL HOSPITAL","Repairs & Maintenance","","Kristi Toy","BOILER MAINTENANCE - DOOR GASKET, HANDHOLE GASKET","","05-26-2021 08:08:34","","ENG","84600","662500","","06-03-2021 08:51:15","ktoy@phsi.us","","$0.00"
"FPO0020007","Received","728028590","12193","$6,715.00","PARAMOUNT ELECTRICAL SERVICE","PARAMOUNT ELECTRICAL SERVICE","ROXBOROUGH MEMORIAL HOSPITAL","Repairs & Maintenance","","Kristi Toy","ELECTRICAL SERVICES FOR FIRE PANEL WIRING CONNECTION FROM SCHOOL OF NURSING TO MAIN HOSPITAL - GROUND FAULT IN SCHOOL OF NURSING ON PANEL ","","05-25-2021 14:52:03","","ENG","84600","662500","","05-28-2021 09:02:39","ktoy@phsi.us","","$0.00"
"FPO0020004","Received","728028588","33196","$1,062.50","MAJOR MEDICAL HOSPITAL SVCS","MAJOR MEDICAL HOSPITAL SVCS","ROXBOROUGH MEMORIAL HOSPITAL","Repairs & Maintenance","","Kristi Toy","EMERGECNY SERVICE - MEDICAL VACUUM OIL LEAK ","","05-25-2021 14:23:57","WO#11140,15126706","ENG","84600","662500","","11-12-2021 12:07:05","system","","$0.00"
"FPO0019997","Received","728028589","917869342","$867.14","TENNANT SALES & SERVICE CO","TENNANT SALES & SERVICE CO","ROXBOROUGH MEMORIAL HOSPITAL","Repairs & Maintenance","","Kristi Toy","SPEEDGLEAM RIDER BURNISHER REPAIR","","05-25-2021 11:48:54","","ENG","84400","662500","","05-26-2021 11:19:58","ktoy@phsi.us","","$0.00"
"FPO0019989","Received","728028580","","$36.35","GRAINGER","GRAINGER WW INC 860641950","ROXBOROUGH MEMORIAL HOSPITAL","Repairs & Maintenance","Status: Delivered
Delivery Details:
>City/State: Philadelphia, PA
>Date: 2021-05-27
>Signature Name: Signature on File
>Delivery location: null","Kristi Toy","MAINTENANCE STOCK ITEMS","","05-25-2021 10:16:53","","ENG","84600","662500","","06-02-2021 12:48:12","ktoy@phsi.us","Delivered","$0.00"
"FPO0019988","Approved-PO Issued","728028582","","$26.28","ZORO TOOLS INC","ZORO TOOLS INC","ROXBOROUGH MEMORIAL HOSPITAL","Repairs & Maintenance","","Kristi Toy","MAINTENANCE STOCK ITEMS","","05-25-2021 10:13:34","","ENG","84600","662500","","06-01-2021 15:37:37","bvalle@phsi.us","","$0.00"
"FPO0019893","Received","728028570","","$2,069.40","MAJOR MEDICAL HOSPITAL SVCS","MAJOR MEDICAL HOSPITAL SVCS","ROXBOROUGH MEMORIAL HOSPITAL","Repairs & Maintenance","","Kristi Toy","EXHAUST FILTER, SEPERATOR KITS, AND OIL CHANGE","","05-21-2021 12:30:27","","ENG","84600","662500","","11-12-2021 12:09:02","system","","$0.00"
"FPO0019829","Received","728028533","57001","$588.00","RAMM","RAMM INC","ROXBOROUGH MEMORIAL HOSPITAL","Repairs & Maintenance","","Kristi Toy","CHILLER 3 IN ALARM - SERVICED 4/16/21","FWKD0207351","05-20-2021 10:11:25","","ENG","84600","662500","","05-21-2021 09:06:11","ktoy@phsi.us","","$0.00"
"FPO0019824","Received","728028581","","$377.10","GRAINGER","GRAINGER WW INC 860641950","ROXBOROUGH MEMORIAL HOSPITAL","Repairs & Maintenance","Status: Delivered
Delivery Details:
>City/State: Philadelphia, PA
>Date: 2021-05-26
>Signature Name: Signature on File
>Delivery location: null","Kristi Toy","OUTSIDE LIGHTS , TSTATS, WALL PLATES 4TH FLR REHAB","","05-20-2021 09:45:55","","ENG","84600","662500","","02-09-2022 09:53:17","system","Delivered","$0.00"
"FPO0019822","Received","728028534","GPH748617","$258.95","GTO GREASE TRAP SERVICES","GTO GREASE TRAP SERVICES","ROXBOROUGH MEMORIAL HOSPITAL","Repairs & Maintenance","","Kristi Toy","GREASE TRAP SERVICE ","","05-20-2021 09:31:35","","ENG","84600","662500","","07-19-2024 10:26:52","system","","$0.00"
"FPO0019813","Received","728028535","","$293.68","SHERWIN WILLIAMS CO INC","SHERWIN WILLIAMS CO INC","ROXBOROUGH MEMORIAL HOSPITAL","Repairs & Maintenance","","Kristi Toy","CORNER PIECE CRACKED IN GERO ","FWKD0226903","05-20-2021 07:34:29","","ENG","84600","662500","","06-11-2021 10:15:03","ktoy@phsi.us","","$0.00"
"FPO0019773","Received","728028513","P24704","$310.00","WIRELESS ELECTRONICS INC","WIRELESS ELECTRONICS INC","ROXBOROUGH MEMORIAL HOSPITAL","Repairs & Maintenance","","Kristi Toy","SECURITY RADIO SERVICES","","05-19-2021 12:33:13","P24704","ENG","84200","662500","","05-20-2021 09:29:41","ktoy@phsi.us","","$0.00"
"FPO0019770","Received","728028514","0190224-IN","$580.00","IRIS LTD  INC","IRIS LTD  INC","ROXBOROUGH MEMORIAL HOSPITAL","Repairs & Maintenance","","Kristi Toy","SECURITY BADGES","","05-19-2021 12:31:45","0190224-IN","ENG","84200","662500","","05-20-2021 09:29:30","ktoy@phsi.us","","$0.00"
"FPO0019728","Received","728028490","","$6,780.00","TK ELEVATOR CORPORATION","THYSSEN KRUPP ELEVATOR CORP","ROXBOROUGH MEMORIAL HOSPITAL","Repairs & Maintenance","","Kristi Toy","ELEVATOR 6, 11, 12 - 5 YEAR SAFETY TEST - NEED STAT - SCHEDULED FOR THIS THURSDAY 5/20","","05-18-2021 10:50:28","","ENG","84600","662500","","10-30-2024 07:30:52","system","","$0.00"
"FPO0019717","Received","728028492","","$127.80","GRAINGER","GRAINGER WW INC 860641950","ROXBOROUGH MEMORIAL HOSPITAL","Repairs & Maintenance","Status: Delivered
Delivery Details:
>City/State: Philadelphia, PA
>Date: 2021-05-20
>Signature Name: Signature on File
>Delivery location: null","Kristi Toy","Maintenance Stock Items - light bulbs + repair kits","","05-18-2021 09:04:34","","ENG","84600","662500","","02-09-2022 09:53:50","system","Delivered","$0.00"
"FPO0019711","Received","728028485","1009940976","$175.45","STERICYCLE INC","STERICYCLE INC 9001590","ROXBOROUGH MEMORIAL HOSPITAL","Repairs & Maintenance","","Kristi Toy","URGENT CARE SHARP REMOVAL ","","05-18-2021 07:29:36","","ENG","70830","662500","","05-20-2021 16:31:06","system","","$0.00"
"FPO0019684","Received","728028486","1010699658","$23.25","STERICYCLE INC","STERICYCLE INC 9001590","ROXBOROUGH MEMORIAL HOSPITAL","Repairs & Maintenance","","Kristi Toy","SHARPS ENERGY CHARGES","","05-17-2021 11:23:25","1010699658","ENG","84400","662500","","05-20-2021 09:29:10","ktoy@phsi.us","","$0.00"
"FPO0019683","Received","728028487","1010708172","$182.47","STERICYCLE INC","STERICYCLE INC 9001590","ROXBOROUGH MEMORIAL HOSPITAL","Repairs & Maintenance","","Kristi Toy","URGENT CARE SHARP WASTE REMOVAL ","","05-17-2021 11:21:12","","ENG","70830","662500","","05-27-2021 12:05:25","ktoy@phsi.us","","$0.00"
"FPO0019629","Approved-PO Issued","728028448","","$99.74","LABOV SUPPLY CO INC","LABOV SUPPLY CO INC THE","ROXBOROUGH MEMORIAL HOSPITAL","Repairs & Maintenance","","Kristi Toy","4TH FLOOR REHAB UNIT - PLUMBING SUPPLIES","","05-14-2021 11:46:56","","ENG","84600","662500","","10-01-2021 08:41:41","system","","$0.00"
"FPO0019620","Received","728028468","","$4,235.00","GENSERVE LLC","GENSERVE LLC","ROXBOROUGH MEMORIAL HOSPITAL","Purchased Services/Service Agreements","","Kristi Toy","2021 GENERATOR SEMI ANNUAL INSPECTIONS AND CITY CERTIFICATIONS ","","05-14-2021 08:46:57","","ENG","84600","669500","","01-04-2022 12:41:47","kkrystopa@phsi.us","","$0.00"
"FPO0019591","Received","728028430","33169","$660.00","MAJOR MEDICAL HOSPITAL SVCS","MAJOR MEDICAL HOSPITAL SVCS","ROXBOROUGH MEMORIAL HOSPITAL","Repairs & Maintenance","","Kristi Toy","MED GAS SYSTEM SERVICE CALL ROOM 476 ICU ","FWKD0241423","05-13-2021 13:26:04","","ENG","84600","662500","","05-14-2021 08:15:13","ktoy@phsi.us","","$0.00"
"FPO0019590","Received","728028439","30678","$315.00","ELECTRONIC SECURITY SOLUTIONS","ELECTRONIC SECURITY SOLUTIONS","ROXBOROUGH MEMORIAL HOSPITAL","Repairs & Maintenance","","Kristi Toy","FIRE PANEL - TROUBLE, 2 DUCT DETECTORS DISABLED, AND GROUND FAULT DISABLED - PANEL CLEARED","","05-13-2021 13:07:03","","ENG","84600","662500","","05-19-2021 12:53:25","ktoy@phsi.us","","$0.00"
"FPO0019556","Received","728028434","56966","$2,827.00","RAMM","RAMM INC","ROXBOROUGH MEMORIAL HOSPITAL","Repairs & Maintenance","","Kristi Toy","OXYGEN DEFROST DUE TO COVID 19 OXYGEN USE","","05-13-2021 09:36:21","56966","ENG","87906","662500","","05-14-2021 10:39:46","ktoy@phsi.us","","$0.00"
"FPO0019548","Received","728028419","5283653","$175.60","BILLOWS ELECTRIC SUPPLY COMPAN","BILLOWS ELECTRIC SUPPLY","ROXBOROUGH MEMORIAL HOSPITAL","Repairs & Maintenance","","Kristi Toy","4TH FLOOR REHAB - BALLISTS FOR ELECTRICIAN","","05-13-2021 07:28:43","","ENG","84600","662500","","10-13-2021 08:06:37","system","","$0.00"
"FPO0019547","Received","728028420","56947","$1,178.00","RAMM","RAMM INC","ROXBOROUGH MEMORIAL HOSPITAL","Repairs & Maintenance","","Kristi Toy","DA TANK - VFD TRANSDUCER, PSI GAUGE REPLACEMENTS","","05-13-2021 07:25:27","","ENG","84600","662500","","05-14-2021 10:40:18","ktoy@phsi.us","","$0.00"
"FPO0019519","Received","728028404","","$63.68","ZORO TOOLS INC","ZORO TOOLS INC","ROXBOROUGH MEMORIAL HOSPITAL","Repairs & Maintenance","","Kristi Toy","4TH FLOOR REHAB BATHROOM HOOKS","","05-12-2021 13:10:27","","ENG","84600","662500","","06-08-2021 12:27:02","ktoy@phsi.us","","$0.00"
"FPO0019447","Approved-PO Issued","728028379","","$19,906.98","GOLD MEDAL ENVIRONMENTAL OF P","GOLD MEDAL ENVIRONMENTAL OF P","ROXBOROUGH MEMORIAL HOSPITAL","Purchased Services/Service Agreements","","Kristi Toy","HOSPITAL WASTE TRASH REMOVAL CONTRACT","","05-11-2021 08:13:25","","ENG","84400","669500","","12-09-2021 14:24:18","system","","$0.00"
"FPO0019391","Received","728028358","","$185.38","ZORO TOOLS INC","ZORO TOOLS INC","ROXBOROUGH MEMORIAL HOSPITAL","Repairs & Maintenance","498389270467487
Status: Delivered
>Date: 2021-05-13
>City/State: Philadelphia, PA
>Signature Name: ROXBOROUGH

498389270467814 
Status: Delivered
>Date: 2021-05-13
>City/State: Philadelphia, PA
>Signature Name: ROXBOROUGH

","Kristi Toy","MAINTENANCE STOCK ITEMS ","","05-10-2021 10:22:49","","ENG","84600","662500","","05-13-2021 13:43:36","ktoy@phsi.us","Delivered","$0.00"
"FPO0019370","Received","728028386","5276368","$346.20","BILLOWS ELECTRIC SUPPLY COMPAN","BILLOWS ELECTRIC SUPPLY","ROXBOROUGH MEMORIAL HOSPITAL","Repairs & Maintenance","","Kristi Toy","ELECTRICAL STOCK","","05-07-2021 14:39:46","","ENG","84600","662500","","05-12-2021 07:52:03","ktoy@phsi.us","","$0.00"
"FPO0019228","Received","728028357","","$377.43","GRAINGER","GRAINGER WW INC 860641950","ROXBOROUGH MEMORIAL HOSPITAL","Repairs & Maintenance","Status: Delivered
Delivery Details:
>City/State: Philadelphia, PA
>Date: 2021-05-11
>Signature Name: Signature on File
>Delivery location: null","Kristi Toy","MAINTENANCE STOCK - BATTERY AND ELECTRICAL; SHOWER HEADS FOR 4TH FLOOR REHAB ","","05-05-2021 09:57:33","","ENG","84600","662500","","05-13-2021 13:44:15","ktoy@phsi.us","Delivered","$0.00"
"FPO0019226","Received","728028293","","$3,016.00","JOHNSON CONTROLS FIRE PROTECT","JOHNSON CONTROLS FIRE PROTECT","ROXBOROUGH MEMORIAL HOSPITAL","Repairs & Maintenance","","Kristi Toy","FIRE ALARM SYSTEM INSPECTION DEFICIENCIES - BATTERY REPLACEMENT AND LABOR ","","05-05-2021 09:16:40","49108220","ENG","84600","662500","","05-25-2021 10:51:27","ktoy@phsi.us","","$0.00"
"FPO0019177","Received","728028265","","$980.39","DUFF COMPANY","DUFF COMPANY","ROXBOROUGH MEMORIAL HOSPITAL","Repairs & Maintenance","","Kristi Toy","4TH FLOOR REHAB PROJECT - PLUMBING MATERIAL AND SUPPLIES","FWKD0239469","05-04-2021 11:11:56","","ENG","84600","662500","","05-12-2021 08:04:40","ktoy@phsi.us","","$0.00"
"FPO0019168","Received","728028259","1010700374","$1,451.84","STERICYCLE INC","STERICYCLE INC 9001590","ROXBOROUGH MEMORIAL HOSPITAL","Repairs & Maintenance","","Kristi Toy","SHARPS WASTE REMOVAL - PAYMENT IS NOW NEEDED TO AVOID SERVICE SUSPENSION","","05-04-2021 08:06:02","","ENG","84400","662500","","03-05-2024 13:41:43","system","","$0.00"
"FPO0019167","Received","728028258","506","$308.40","DARREN DANILOWICZ REFRIGERATIO","DARREN DANILOWICZ REFRIGERATIO","ROXBOROUGH MEMORIAL HOSPITAL","Repairs & Maintenance","","Kristi Toy","URGENT CARE ICE MACHINE ROUTINE MAINTENANCE ","","05-04-2021 07:54:14","","ENG","70830","662500","","05-13-2021 18:07:09","system","","$0.00"
"FPO0019050","Received","728028208","56866","$1,670.00","RAMM","RAMM INC","ROXBOROUGH MEMORIAL HOSPITAL","Repairs & Maintenance","","Kristi Toy","CATH LAB WARM ","FWKD0204537","04-30-2021 09:15:22","","ENG","76390","662500","","04-30-2021 11:31:30","ktoy@phsi.us","","$0.00"
"FPO0019008","Received","728028188","917802786","$214.49","TENNANT SALES & SERVICE CO","TENNANT SALES & SERVICE CO","ROXBOROUGH MEMORIAL HOSPITAL","Repairs & Maintenance","","Kristi Toy","SERVICE REPAIR SPEEDGLEAM RIDER BURNISHER","","04-29-2021 08:53:07","77054951","ENG","84400","662500","","04-30-2021 09:48:27","ktoy@phsi.us","","$0.00"
"FPO0018978","Received","728028152","","$386.68","GRAINGER","GRAINGER WW INC 860641950","ROXBOROUGH MEMORIAL HOSPITAL","Repairs & Maintenance","Status: Delivered
Delivery Details:
>City/State: Philadelphia, PA
>Date: 2021-05-03
>Signature Name: Signature on File
>Delivery location: null","Kristi Toy","SCAFFOLD FOR 4TH FLOOR REHAB PROJECT - QUOTE 0045441261","","04-28-2021 11:29:54","","ENG","84600","662500","","06-02-2021 12:49:54","ktoy@phsi.us","Delivered","$0.00"
"FPO0018968","Received","728028151","","$3,066.00","GRAINGER","GRAINGER WW INC 860641950","ROXBOROUGH MEMORIAL HOSPITAL","Repairs & Maintenance","","Kristi Toy","4TH FLOOR REHAB PROJECT - CEILING TILE REPLACEMENT - I WILL CONTACT VENDOR (JAMIE PETTINATO)","","04-28-2021 10:08:53","","ENG","84600","662500","","07-14-2021 15:36:20","system","","$0.00"
"FPO0018945","Received","728028136","172761","$520.00","ATIS ELEVATOR INSPECTIONS LLC","ATIS ELEVATOR INSPECTIONS LLC","ROXBOROUGH MEMORIAL HOSPITAL","Repairs & Maintenance","","Kristi Toy","ELEVATOR INSPECTIONS ","","04-27-2021 13:06:01","172761","ENG","84600","662500","","04-28-2021 08:50:32","ktoy@phsi.us","","$0.00"
"FPO0018944","Received","728028130","134796","$1,146.90","ELLIOTT LEWIS CORPORATION","ELLIOTT LEWIS","ROXBOROUGH MEMORIAL HOSPITAL","Repairs & Maintenance","","Kristi Toy","YORK DUCTLESS SPLIT UNIT IN IT SERVICED","","04-27-2021 12:57:25","","ENG","84600","662500","","04-28-2021 08:51:02","ktoy@phsi.us","","$0.00"
"FPO0018906","Received","728028127","75","$2,135.00","PW BIG BOY CLEANING SERVICE","PW BIG BOY CLEANING SERVICE","ROXBOROUGH MEMORIAL HOSPITAL","Repairs & Maintenance","","Kristi Toy","URGENT CARE DAILY CLEANING ","","04-26-2021 11:36:49","","ENG","70830","662500","","09-28-2021 08:41:44","system","","$0.00"
"FPO0018793","Received","728028045","27321","$876.00","BOYD GEYER SIGN CORP","BOYD GEYER SIGN CORP","ROXBOROUGH MEMORIAL HOSPITAL","Repairs & Maintenance","","Kristi Toy","VACCINE CLINIC SIGNAGE - COVID-19","","04-22-2021 12:15:19","","ENG","87906","662500","","04-28-2021 11:33:41","ktoy@phsi.us","","$0.00"
"FPO0018782","Received","728028098","","$1,800.00","FERGUSON & MCCANN INC","FERGUSON & MCCANN INC","ROXBOROUGH MEMORIAL HOSPITAL","Repairs & Maintenance","","Kristi Toy","UST TANK TEST 2021","","04-22-2021 10:55:38","PROJECT# 2046805-C","ENG","84600","662500","","05-27-2021 12:04:52","ktoy@phsi.us","","$0.00"
"FPO0018732","Approved-PO Issued","728027997","","$75.36","CREST HEALTHCARE SUPPLY","CREST HEALTHCARE SUPPLY","ROXBOROUGH MEMORIAL HOSPITAL","Repairs & Maintenance","","Kristi Toy","REHAB UNIT CALL BELLS ","","04-21-2021 08:44:58","","ENG","84600","662500","","09-02-2021 01:58:31","admin","","$0.00"
"FPO0018636","Received","728027940","56814","$2,564.50","RAMM","RAMM INC","ROXBOROUGH MEMORIAL HOSPITAL","Repairs & Maintenance","","Kristi Toy","AS1 NOT RUNNING","FWKD0190107","04-19-2021 11:44:33","","ENG","84600","662500","","04-22-2021 12:24:45","ktoy@phsi.us","","$0.00"
"FPO0018635","Received","728027959","1010630452","$21.25","STERICYCLE INC","STERICYCLE INC 9001590","ROXBOROUGH MEMORIAL HOSPITAL","Repairs & Maintenance","","Kristi Toy","ENERGY CHARGES ","","04-19-2021 11:32:35","","ENG","84400","662500","","04-22-2021 12:24:03","ktoy@phsi.us","","$0.00"
"FPO0018570","Received","728027894","","$158.00","CONSTRUCTION SPECIALTIES INC","CONSTRUCTION SPECIALTIES INC","ROXBOROUGH MEMORIAL HOSPITAL","Repairs & Maintenance","","Kristi Toy","privacy curtain hooks","","04-15-2021 15:03:16","","ENG","84400","662500","","11-10-2021 08:11:33","kkrystopa@phsi.us","","$0.00"
"FPO0018552","Received","728027886","","$163.83","GRAINGER","GRAINGER WW INC 860641950","ROXBOROUGH MEMORIAL HOSPITAL","Repairs & Maintenance","Use link above to track. Code: 200","Kristi Toy","LOCKS","FWKD0226901","04-15-2021 11:50:33","","ENG","63400","662500","","07-08-2021 09:55:48","ktoy@phsi.us","Delivered","$0.00"
"FPO0018532","Received","728027883","88135","$375.00","CHADWICK SERVICE CO","CHADWICK SERVICE CO","ROXBOROUGH MEMORIAL HOSPITAL","Repairs & Maintenance","","Kristi Toy","STERILIZER CALIBRATION","","04-15-2021 08:39:01","","ENG","84600","662500","","03-09-2022 10:51:42","system","","$0.00"
"FPO0018518","Received","728027863","","$81.46","ZORO TOOLS INC","ZORO TOOLS INC","ROXBOROUGH MEMORIAL HOSPITAL","Repairs & Maintenance","Status: Delivered
Delivery Details:
>City/State: Philadelphia, PA
>Date: 2021-04-20
>Signature Name: Signature on File
>Delivery location: null","Kristi Toy","BATTERY STOCK ITEMS","","04-14-2021 14:21:33","","ENG","84600","662500","","04-20-2021 14:30:24","JCoake@phsi.us","Delivered","$0.00"
"FPO0018490","Received","728027885","180737","$1,710.00","QUIP LABORATORIES INC","QUIP LABORATORIES","ROXBOROUGH MEMORIAL HOSPITAL","Repairs & Maintenance","","Kristi Toy","HALOMIST ","","04-14-2021 08:52:00","","ENG","87906","662500","","04-19-2021 11:17:43","ktoy@phsi.us","","$0.00"
"FPO0018489","Received","728027854","","$385.29","DUFF COMPANY","DUFF COMPANY","ROXBOROUGH MEMORIAL HOSPITAL","Repairs & Maintenance","","Kristi Toy","MEDICAL OFFICE BUILDING FAUCET","FWKD0221326","04-14-2021 08:46:40","","ENG","84500","662500","","04-26-2021 07:11:33","ktoy@phsi.us","","$0.00"
"FPO0018488","Received","728027882","1010639224","$87.73","STERICYCLE INC","STERICYCLE INC 9001590","ROXBOROUGH MEMORIAL HOSPITAL","Repairs & Maintenance","","Kristi Toy","SHARPS REMOVAL - URGENT CARE ","","04-14-2021 08:46:13","","ENG","70830","662500","","04-19-2021 11:19:25","ktoy@phsi.us","","$0.00"
"FPO0018292","Received","728027781","","$515.37","ZORO TOOLS INC","ZORO TOOLS INC","ROXBOROUGH MEMORIAL HOSPITAL","Repairs & Maintenance","Status: Delivered
Delivery Details:
>City/State: Philadelphia, PA
>Date: 2021-04-16
>Signature Name: ROXBOROGH
>Delivery location: null","Kristi Toy","HEAD COVER = COVID 19 ","","04-08-2021 14:13:35","","ENG","87906","662500","","04-19-2021 14:03:56","ktoy@phsi.us","Delivered","$0.00"
"FPO0018252","Received","728027761","","$122.83","MCMASTER CARR SUPPLY COMPANY","MCMASTER CARR SUPPLY CO","ROXBOROUGH MEMORIAL HOSPITAL","Repairs & Maintenance","","Kristi Toy","EXHAUST FAN BLADE","","04-07-2021 13:43:50","","ENG","84600","662500","","10-18-2022 07:35:03","system","","$0.00"
"FPO0018230","Received","728027768","56776","$286.00","RAMM","RAMM INC","ROXBOROUGH MEMORIAL HOSPITAL","Repairs & Maintenance","","Kristi Toy","BASEMENT REHEAT LEAK ","","04-07-2021 10:32:41","","ENG","84600","662500","","04-19-2021 11:46:59","ktoy@phsi.us","","$0.00"
"FPO0018229","Received","728027747","87442","$475.00","GP ENERGY PRODUCTS LLC","GP ENERGY PRODUCTS LLC","ROXBOROUGH MEMORIAL HOSPITAL","Repairs & Maintenance","","Kristi Toy","BOILER SERVICES ","","04-07-2021 10:30:32","","ENG","84600","662500","","07-22-2022 11:40:44","system","","$0.00"
"FPO0018225","Received","728027736","","$379.97","GRAINGER","GRAINGER WW INC 860641950","ROXBOROUGH MEMORIAL HOSPITAL","Repairs & Maintenance","","Kristi Toy","ANTI LIGATURE LOCK FOR GERO PSYCH DOH PREP","FWKD0226641","04-07-2021 08:53:13","","ENG","84600","662500","","04-06-2023 15:20:54","system","","$0.00"
"FPO0018224","Received","728027737","5001495872","$574.00","TK ELEVATOR CORPORATION","THYSSEN KRUPP ELEVATOR CORP","ROXBOROUGH MEMORIAL HOSPITAL","Repairs & Maintenance","","Kristi Toy","SERVICE CALL FOR ELEVATOR 12 NOT RESPONDING ","","04-07-2021 08:52:08","","ENG","84600","662500","","05-13-2021 18:07:00","system","","$0.00"
"FPO0018223","Received","728027738","55509756, 55103894","$213.00","MCMASTER CARR SUPPLY COMPANY","MCMASTER CARR SUPPLY CO","ROXBOROUGH MEMORIAL HOSPITAL","Repairs & Maintenance","","Kristi Toy","ELECTRICAL STOCK - CIRCLINE TUBULAR BOLDS - TOTAL 20 - TWO INVOICES / TWO PAGES","","04-07-2021 08:48:46","","ENG","84600","662500","","10-18-2022 07:34:24","system","","$0.00"
"FPO0018189","Received","728027720","","$122.83","MCMASTER CARR SUPPLY COMPANY","MCMASTER CARR SUPPLY CO","ROXBOROUGH MEMORIAL HOSPITAL","Repairs & Maintenance","","Kristi Toy","BOILER HOUSE EXHAUST FAN REPAIR PART","","04-06-2021 11:38:12","","ENG","84600","662500","","04-19-2021 10:34:15","ktoy@phsi.us","","$0.00"
"FPO0018175","Received","728027701","","$328.18","GRAINGER","GRAINGER WW INC 860641950","ROXBOROUGH MEMORIAL HOSPITAL","Repairs & Maintenance","","Kristi Toy","STOCK ITEMS MAINTENANCE ","","04-06-2021 08:28:40","","ENG","84600","662500","","05-03-2021 14:11:42","ktoy@phsi.us","","$0.00"
"FPO0018134","Received","728027691","","$580.00","PRECISION DYNAMICS CORPORATION","PDC HEALTHCARE","ROXBOROUGH MEMORIAL HOSPITAL","Purchased Services/Service Agreements","","Kristi Toy","SECURITY BADGE SYSTEM","","04-05-2021 11:22:28","","ENG","84200","669500","","04-29-2021 09:01:14","ktoy@phsi.us","","$0.00"
"FPO0018115","Received","728027690","56669","$715.00","RAMM","RAMM INC","ROXBOROUGH MEMORIAL HOSPITAL","Repairs & Maintenance","","Kristi Toy","CONDENSATE PIPES MAKING RUMBLE SOUND","FWKD0198522","04-02-2021 13:40:03","","ENG","84600","662500","","04-19-2021 11:47:31","ktoy@phsi.us","","$0.00"
"FPO0018113","Received","728027688","56733","$2,134.00","RAMM","RAMM INC","ROXBOROUGH MEMORIAL HOSPITAL","Repairs & Maintenance","","Kristi Toy","CATH LAB WARM ","FWKD0204537","04-02-2021 13:36:00","","ENG","84600","662500","","04-08-2021 13:31:33","ktoy@phsi.us","","$0.00"
"FPO0018111","Received","728027689","56732","$429.00","RAMM","RAMM INC","ROXBOROUGH MEMORIAL HOSPITAL","Repairs & Maintenance","","Kristi Toy","GROUND FLOOR LEAKING BRASS DRAIN VALVE ON REHEAT PIPING ","","04-02-2021 13:34:26","","ENG","84600","662500","","04-08-2021 13:31:49","ktoy@phsi.us","","$0.00"
"FPO0018087","Received","728027676","19651","$5,052.00","WYATT ELEVATOR COMPANY","WYATT ELEVATOR COMPANY","ROXBOROUGH MEMORIAL HOSPITAL","Purchased Services/Service Agreements","","Kristi Toy","YEAR 3 2021-22- APRIL 2021-APRIL 2022 CONTRACT MAINTENANCE ELEVATOR 3 ","","04-02-2021 11:38:08","","ENG","84600","669500","","03-02-2022 08:37:36","kkrystopa@phsi.us","","$0.00"
"FPO0018083","Received","728027695","","$20,700.00","M MELADY LANDSCAPING LLC","MELADY LANDSCAPING","ROXBOROUGH MEMORIAL HOSPITAL","Purchased Services/Service Agreements","","Kristi Toy","LANDSCAPING CONTRACT BEGINNING APRIL 2021 - MONTHLY INVOICES OF $2277.78 ","","04-02-2021 11:27:51","","ENG","84600","669500","","03-01-2022 10:08:49","kkrystopa@phsi.us","","$0.00"
"FPO0018068","Received","728027687","5199222-00","$132.00","BILLOWS ELECTRIC SUPPLY COMPAN","BILLOWS ELECTRIC SUPPLY","ROXBOROUGH MEMORIAL HOSPITAL","Repairs & Maintenance","","Kristi Toy","ELECTRICAL SUPPLY - LAB PROJECT","","04-02-2021 08:20:14","","ENG","84600","662500","","04-30-2021 10:20:09","ktoy@phsi.us","","$0.00"
"FPO0018067","Received","728027675","1010631178","$1,491.10","STERICYCLE INC","STERICYCLE INC 9001590","ROXBOROUGH MEMORIAL HOSPITAL","Repairs & Maintenance","","Kristi Toy","SHARPS WASTE REMOVAL - MARCH - NO CONTRACT","","04-02-2021 08:06:21","","ENG","84400","662500","","03-05-2024 13:43:53","system","","$0.00"
"FPO0017953","Received","728027665","","$1,330.00","JAMES DOORCHECK","JAMES DOORCHECK","ROXBOROUGH MEMORIAL HOSPITAL","Repairs & Maintenance","","Kristi Toy","ER DOOR LOCKS ","","03-31-2021 11:27:28","","ENG","84600","662500","","04-16-2021 09:41:58","ktoy@phsi.us","","$0.00"
"FPO0017912","Received","728027608","","$328.15","LABOV SUPPLY CO INC","LABOV SUPPLY CO INC THE","ROXBOROUGH MEMORIAL HOSPITAL","Repairs & Maintenance","","Kristi Toy","PLUMBING SUPPLIES - GARBAGE DISPOSAL","","03-30-2021 14:35:07","S1487731","ENG","84600","662500","","04-13-2021 10:11:27","ktoy@phsi.us","","$0.00"
"FPO0017905","Canceled","728027609","1003666380","$0.00","CLEAN HARBORS ENV SERVICES","CLEAN HARBORS ENV SERVICES","ROXBOROUGH MEMORIAL HOSPITAL","Repairs & Maintenance","","Kristi Toy","PHARMACY WASTE REMOVAL ","","03-30-2021 13:06:59","","ENG","84400","662500","","03-29-2022 17:07:46","system","","$0.00"
"FPO0017904","Received","728027674","23635","$2,622.00","A&M COLD STORAGE & TRAILER LEA","A&M COLD STORAGE & TRAILER LEA","ROXBOROUGH MEMORIAL HOSPITAL","Repairs & Maintenance","","Kristi Toy","REFRIGERATED TRAILER RENTAL - COVID 19","","03-30-2021 13:04:35","","ENG","87906","662500","","04-05-2021 07:40:46","ktoy@phsi.us","","$0.00"
"FPO0017875","Received","728027613","22843","$5,835.00","A&M COLD STORAGE & TRAILER LEA","A&M COLD STORAGE & TRAILER LEA","ROXBOROUGH MEMORIAL HOSPITAL","Repairs & Maintenance","","Kristi Toy","REFRIGERATED TRAILER RENTAL - COVID 19","","03-30-2021 09:18:00","","ENG","87906","662500","","04-02-2021 14:20:05","ktoy@phsi.us","","$0.00"
"FPO0017872","Received","728027596","87683","$1,712.85","WALTER A DWYER INC","WALTER A DWYER INC","ROXBOROUGH MEMORIAL HOSPITAL","Repairs & Maintenance","","Kristi Toy","OIL/FUEL DELIVERY FOR MTU GENERATOR ","","03-30-2021 08:19:00","","ENG","84600","662500","","07-03-2024 08:51:32","system","","$0.00"
"FPO0017871","Received","728027594","74","$2,135.00","PW BIG BOY CLEANING SERVICE","PW BIG BOY CLEANING SERVICE","ROXBOROUGH MEMORIAL HOSPITAL","Repairs & Maintenance","","Kristi Toy","DAILY CLEANING SERVICES FOR THE MONTH OF MARCH","","03-30-2021 07:06:08","","ENG","70830","662500","","04-02-2021 14:19:18","ktoy@phsi.us","","$0.00"
"FPO0017760","Received","728027531","55331","$550.00","EPAY INC","EPAY INC","ROXBOROUGH MEMORIAL HOSPITAL","Repairs & Maintenance","","Kristi Toy","INSTALL DAMPER IN AUDITORIUM AND INSULATE","","03-25-2021 07:32:33","","ENG","84600","662500","","03-29-2021 10:36:27","ktoy@phsi.us","","$0.00"
"FPO0017759","Received","728027532","1010558086","$6.75","STERICYCLE INC","STERICYCLE INC 9001590","ROXBOROUGH MEMORIAL HOSPITAL","Repairs & Maintenance","","Kristi Toy","SHARPS REMOVAL HOSPITAL ","","03-25-2021 07:22:47","","ENG","84400","662500","","03-29-2021 10:36:04","ktoy@phsi.us","","$0.00"
"FPO0017757","Received","728027530","S100014286.002","$50.08","DUFF COMPANY","DUFF COMPANY","ROXBOROUGH MEMORIAL HOSPITAL","Repairs & Maintenance","","Kristi Toy","NO OVERFLOW GRID DRAINS ","","03-25-2021 07:13:43","","ENG","84600","662500","","03-29-2021 10:37:21","ktoy@phsi.us","","$0.00"
"FPO0017523","Received","728027419","","$525.00","KB LIGHTING MFG CO INC","KB LIGHTING MFG CO  INC","ROXBOROUGH MEMORIAL HOSPITAL","Repairs & Maintenance","","Kristi Toy","ELECTRICAL STOCK - LIGHT BULBS FOR HOSPITAL ","","03-18-2021 12:25:36","","ENG","84600","662500","","03-31-2021 10:12:43","ktoy@phsi.us","","$0.00"
"FPO0017512","Received","728027400","","$131.98","GRAINGER","GRAINGER WW INC 860641950","ROXBOROUGH MEMORIAL HOSPITAL","Repairs & Maintenance","Status: Delivered
Delivery Details:
>City/State: Philadelphia, PA
>Date: 2021-03-22
>Signature Name: Signature on File
>Delivery location: null","Kristi Toy","PUSH BUTTON FOR ER ENTRANCE ","FWKD0215767","03-18-2021 10:26:54","","ENG","84600","662500","","04-05-2021 10:28:36","ktoy@phsi.us","Delivered","$0.00"
"FPO0017511","Approved-PO Issued","728027398","","$594.50","ZORO TOOLS INC","ZORO TOOLS INC","ROXBOROUGH MEMORIAL HOSPITAL","Repairs & Maintenance","Status: Delivered
Delivery Details:
>City/State: Philadelphia, PA
>Date: 2021-03-23
>Signature Name: Signature on File
>Delivery location: null","Kristi Toy","PLUMBING SUPPLIES - EMERGENCY DEPT","","03-18-2021 08:38:48","","ENG","84600","662500","","05-05-2021 17:41:18","bcervantes@phsi.us","Delivered","$0.00"
"FPO0017509","Received","728027417","146929","$585.00","ATIS ELEVATOR INSPECTIONS LLC","ATIS ELEVATOR INSPECTIONS LLC","ROXBOROUGH MEMORIAL HOSPITAL","Repairs & Maintenance","","Kristi Toy","ELEVATOR INSPECTIONS - SEMI ANNUAL","","03-18-2021 08:23:53","","ENG","84600","662500","","04-28-2022 13:46:52","system","","$0.00"
"FPO0017507","Received","728027402","56631","$4,051.00","RAMM","RAMM INC","ROXBOROUGH MEMORIAL HOSPITAL","Repairs & Maintenance","","Kristi Toy","AS 1 RELIEF BLEW - CONDENSATE ISSUES","FWKD0190107","03-18-2021 07:58:29","","ENG","84500","662500","","03-25-2021 08:29:11","ktoy@phsi.us","","$0.00"
"FPO0017506","Received","728027399","","$234.35","SHERWIN WILLIAMS CO INC","SHERWIN WILLIAMS CO INC","ROXBOROUGH MEMORIAL HOSPITAL","Repairs & Maintenance","","Kristi Toy","STAIN AND GRIT PAPERS FOR NURSING STATION RENEWEL","FWKD0201232","03-18-2021 07:17:59","","ENG","84600","662500","","03-24-2021 10:01:18","ktoy@phsi.us","","$0.00"
"FPO0017488","Received","728027420","29845","$1,951.00","ELECTRONIC SECURITY SOLUTIONS","ELECTRONIC SECURITY SOLUTIONS","ROXBOROUGH MEMORIAL HOSPITAL","Repairs & Maintenance","","Kristi Toy","GROUND FAULTS, AC1, AND AC4 FIRE PANEL SUPERVISORY ALARMS ","","03-17-2021 15:23:41","","ENG","84600","662500","","04-02-2021 14:22:04","ktoy@phsi.us","","$0.00"
"FPO0017459","Received","728027416","","$95.00","JAMES DOORCHECK","JAMES DOORCHECK","ROXBOROUGH MEMORIAL HOSPITAL","Repairs & Maintenance","","Kristi Toy","CATH LAB LOCKS ","","03-17-2021 12:25:48","","ENG","84600","662500","","04-13-2021 10:10:47","ktoy@phsi.us","","$0.00"
"FPO0017335","Received","728027341","","$1,087.60","SHERWIN WILLIAMS CO INC","SHERWIN WILLIAMS CO INC","ROXBOROUGH MEMORIAL HOSPITAL","Repairs & Maintenance","","Kristi Toy","CEILING TILE STOCK","","03-15-2021 12:41:07","","ENG","84600","662500","","06-07-2022 11:39:38","system","","$0.00"
"FPO0017266","Received","728027294","","$750.00","STERICYCLE INC","STERICYCLE INC 9001590","ROXBOROUGH MEMORIAL HOSPITAL","Repairs & Maintenance","","Kristi Toy","WEB EX TRAINING FOR DOT CERTIFICATIONS - ROX HOSPITAL + URGENT CARE","","03-12-2021 13:04:51","","ENG","84400","662500","","05-17-2021 10:14:57","ktoy@phsi.us","","$0.00"
"FPO0017224","Received","728027295","","$780.00","ICP MEDICAL LLC","ICP MEDICAL LLC","ROXBOROUGH MEMORIAL HOSPITAL","Repairs & Maintenance","","Kristi Toy","RAPID REFRESH PRIVACY CURTAINS FOR THE EMERGENCY DEPT","","03-12-2021 09:01:46","","ENG","84400","662500","","08-25-2022 13:37:56","system","","$0.00"
"FPO0017222","Received","728027418","S100014286","$140.18","DUFF COMPANY","DUFF COMPANY","ROXBOROUGH MEMORIAL HOSPITAL","Repairs & Maintenance","","Kristi Toy","PLUMBING STOCK - FAUCET AND WATER CONNECTORS","","03-12-2021 08:58:36","","ENG","84600","662500","","06-24-2024 07:31:46","system","","$0.00"
"FPO0017221","Received","728027296","","$955.50","ARTIC ICE & CHEMICAL","ARTIC ICE & CHEMICAL INC","ROXBOROUGH MEMORIAL HOSPITAL","Repairs & Maintenance","","Kristi Toy","SALT SKIDS FOR BOILER HOUSE","","03-12-2021 08:53:06","","ENG","84600","662500","","07-25-2022 12:32:28","system","","$0.00"
"FPO0017176","Received","728027270","","$900.00","SECURITAS HEALTHCARE LLC","SECURITAS HEALTHCARE LLC","ROXBOROUGH MEMORIAL HOSPITAL","Repairs & Maintenance","","Kristi Toy","NURSE CALL PATIENT DUAL STATIONS FOR DOUBLE ROOMS","","03-11-2021 08:56:16","","ENG","84600","662500","","03-23-2021 09:29:56","ktoy@phsi.us","","$0.00"
"FPO0017172","Received","728027280","1395","$1,295.00","PHILADELPHIA PAINT & GLASS INC","PHILADELPHIA PAINT & GLASS INC","ROXBOROUGH MEMORIAL HOSPITAL","Repairs & Maintenance","","Kristi Toy","EMERGENCY DEPT AND RADIOLOGY DEPT FURNISHED AND INSTALL OF TEMPERED GLASS FOR COVID-19 PREP ","","03-11-2021 07:55:42","","ENG","87906","662500","","03-12-2021 08:34:36","ktoy@phsi.us","","$0.00"
"FPO0017145","Approved-PO Issued","728027261","","$1,659.90","CREST HEALTHCARE SUPPLY","CREST HEALTHCARE SUPPLY","ROXBOROUGH MEMORIAL HOSPITAL","Repairs & Maintenance","","Kristi Toy","PATIENT PILLOW SPEAKERS FOR NURSE CALL SYSTEM ","","03-10-2021 14:42:43","","ENG","84600","662500","","08-05-2024 07:19:09","system","","$0.00"
"FPO0017109","Received","728027262","","$3,650.00","MAJOR MEDICAL HOSPITAL SVCS","MAJOR MEDICAL HOSPITAL SVCS","ROXBOROUGH MEMORIAL HOSPITAL","Purchased Services/Service Agreements","","Kristi Toy","MEDICAL GAS QUARTERLY PREVENTATIVE MAINTENANCE 2021, 2022 ","","03-10-2021 10:27:27","","ENG","84600","669500","","08-09-2024 07:29:03","system","","$0.00"
"FPO0017076","Approved-PO Issued","728027239","","$765.18","MARK COSTELLO CO","MARK COSTELLO CO","ROXBOROUGH MEMORIAL HOSPITAL","Repairs & Maintenance","","Kristi Toy","STERILIZER MAGNATROL 1 BLOWDOWN VALVE -  STERILIZER NOT HOLDING STEAM ","","03-09-2021 14:41:58","","ENG","84600","662500","","01-12-2022 10:44:48","system","","$0.00"
"FPO0017054","Received","728027227","","$410.40","AEROSCOUT LLC","AEROSCOUT LLC","ROXBOROUGH MEMORIAL HOSPITAL","Repairs & Maintenance","","Kristi Toy","PANIC BUTTON ","","03-09-2021 10:50:08","","ENG","84200","662500","","03-18-2021 07:39:22","ktoy@phsi.us","","$0.00"
"FPO0017053","Received","728027241","2632","$925.00","KLENZOID INC","KLENZOID INC","ROXBOROUGH MEMORIAL HOSPITAL","Repairs & Maintenance","","Kristi Toy","LEGIONELLA CULTURE TESTING - 2102-00298","","03-09-2021 10:42:41","","ENG","84600","662500","","02-23-2022 06:56:02","system","","$0.00"
"FPO0017052","Received","728027240","54023","$270.00","CM3 BUILDING SOLUTIONS INC","CM3 BUILDING SOLUTIONS INC","ROXBOROUGH MEMORIAL HOSPITAL","Repairs & Maintenance","","Kristi Toy","INTERCOM SYSTEM - USER ERROR DUE TO SETTINGS BEING CHANGED BY LAB STAFF","FWKD0209466","03-09-2021 10:37:35","","ENG","75000","662500","","03-10-2021 14:06:19","ktoy@phsi.us","","$0.00"
"FPO0017047","Received","728027223","","$3,856.00","RAMM","RAMM INC","ROXBOROUGH MEMORIAL HOSPITAL","Repairs & Maintenance","","Kristi Toy","STEAM PILOT VALVE REPAIRS","","03-09-2021 10:18:47","","ENG","84600","662500","","04-08-2021 13:52:08","ktoy@phsi.us","","$0.00"
"FPO0017045","Received","728027226","","$554.98","MCDONALD UNIFORM CO","MCDONALD UNIFORM CO","ROXBOROUGH MEMORIAL HOSPITAL","Repairs & Maintenance","","Kristi Toy","SECURITY UNIFORM JACKETS","","03-09-2021 10:09:21","","ENG","84200","662500","","06-17-2021 13:25:37","system","","$0.00"
"FPO0016869","Received","728027158","","$254.32","GRAINGER","GRAINGER WW INC 860641950","ROXBOROUGH MEMORIAL HOSPITAL","Repairs & Maintenance","Status: Delivered
Delivery Details:
>City/State: Philadelphia, PA
>Date: 2021-03-08
>Signature Name: Signature on File
>Delivery location: null","Kristi Toy","MAINTENANCE STOCK ITEMS ","","03-04-2021 11:36:17","","ENG","84600","662500","","04-05-2021 10:29:03","ktoy@phsi.us","Delivered","$0.00"
"FPO0016867","Received","728027260","","$334.01","ZORO TOOLS INC","ZORO TOOLS INC","ROXBOROUGH MEMORIAL HOSPITAL","Repairs & Maintenance","","Kristi Toy","MAINTENANCE STOCK - DOOR LOCK BATTERIES, AUTOMATIC SINK BATTERIES, PRESSURE GAUGES ","","03-04-2021 11:26:53","","ENG","84600","662500","","07-11-2022 17:21:35","system","","$0.00"
"FPO0016854","Received","728027152","27409","$1,080.00","OFFICERREPORTS","OFFICERREPORTS","ROXBOROUGH MEMORIAL HOSPITAL","Repairs & Maintenance","","Kristi Toy","SECURITY ANNUAL SUBSCRIPTION ","","03-04-2021 08:59:54","","ENG","84200","662500","","03-10-2021 14:06:34","ktoy@phsi.us","","$0.00"
"FPO0016853","Received","728027150","","$700.00","GP ENERGY PRODUCTS LLC","GP ENERGY PRODUCTS LLC","ROXBOROUGH MEMORIAL HOSPITAL","Repairs & Maintenance","","Kristi Toy","BOILER RELIEF VALVES - 2 KUNKLE 6010JHM ","","03-04-2021 08:54:49","","ENG","84600","662500","","06-13-2022 15:01:40","system","","$0.00"
"FPO0016851","Received","728027151","1939","$96.45","JOSEPH CAPALDI","JOSEPH CAPALDI CABINETMAKERS","ROXBOROUGH MEMORIAL HOSPITAL","Repairs & Maintenance","","Kristi Toy","HINGES FOR PATIENT ROOM CLOSETS","","03-04-2021 08:33:25","","ENG","84600","662500","","01-16-2024 10:44:13","system","","$0.00"
"FPO0016834","Received","728027139","","$178.25","SHERWIN WILLIAMS CO INC","SHERWIN WILLIAMS CO INC","ROXBOROUGH MEMORIAL HOSPITAL","Repairs & Maintenance","","Kristi Toy","CEILING TILE REPLACEMENT FOR URGENT CARE - ANDORRA SHOPPING CENTER","","03-03-2021 14:43:39","","ENG","70830","662500","","06-08-2022 10:00:26","system","","$0.00"
"FPO0016798","Received","728027131","","$258.66","DUFF COMPANY","DUFF COMPANY","ROXBOROUGH MEMORIAL HOSPITAL","Repairs & Maintenance","","Kristi Toy","PLUMBING STOCK - T&S FAUCETS FOR MEGAN MCCORMACK AND CARDIOLOGY ","","03-03-2021 07:53:10","","ENG","84600","662500","","03-18-2021 08:05:17","ktoy@phsi.us","","$0.00"
"FPO0016797","Canceled","728027141","4066974","$0.00","GOLD MEDAL ENVIRONMENTAL OF P","GOLD MEDAL ENVIRONMENTAL OF P","ROXBOROUGH MEMORIAL HOSPITAL","Repairs & Maintenance","","Kristi Toy","TRASH REMOVAL - FEBRUARY - PRICE VARIES EACH MONTH","","03-03-2021 07:36:24","","ENG","84400","662500","","03-09-2021 16:26:47","bcervantes@phsi.us","","$0.00"
"FPO0016796","Received","728027140","1010558791","$1,469.08","STERICYCLE INC","STERICYCLE INC 9001590","ROXBOROUGH MEMORIAL HOSPITAL","Repairs & Maintenance","","Kristi Toy","SHARP WASTE REMOVAL - FEBRUARY","","03-03-2021 07:23:43","","ENG","84400","662500","","08-13-2024 10:53:09","system","","$0.00"
"FPO0016704","Received","728027089","","$911.13","BILLOWS ELECTRIC SUPPLY COMPAN","BILLOWS ELECTRIC SUPPLY","ROXBOROUGH MEMORIAL HOSPITAL","Repairs & Maintenance","","Kristi Toy","ELECTRICAL STOCK AND ITEMS FOR LAB ELECTRIC","","03-01-2021 12:19:55","","ENG","84600","662500","","03-10-2021 07:52:26","ktoy@phsi.us","","$0.00"
"FPO0016690","Received","728027090","56485","$1,950.00","RAMM","RAMM INC","ROXBOROUGH MEMORIAL HOSPITAL","Repairs & Maintenance","","Kristi Toy","CHILLER 3 DOWN - SMARTD LABOR WITH RAMM AND SIEMENS ","FWKD0207351","03-01-2021 10:07:05","","ENG","84600","662500","","03-09-2021 16:26:41","bcervantes@phsi.us","","$0.00"
"FPO0016641","Received","728027070","32700","$1,570.00","MAJOR MEDICAL HOSPITAL SVCS","MAJOR MEDICAL HOSPITAL SVCS","ROXBOROUGH MEMORIAL HOSPITAL","Repairs & Maintenance","","Kristi Toy","EMERGENCY SERVICE CALL - TWO TOWER OXYGEN MODULE READING ERROR - 214B O2 LEAK AND 474 ISSUES RESOLVED","FWKD0203852","02-26-2021 09:43:33","","ENG","84600","662500","","03-09-2021 16:25:36","bcervantes@phsi.us","","$0.00"
"FPO0016639","Received","728027069","0189813-IN","$501.80","IRIS LTD  INC","IRIS LTD  INC","ROXBOROUGH MEMORIAL HOSPITAL","Repairs & Maintenance","","Kristi Toy","PRINTER REPAIR FOR SECURITY ","","02-26-2021 08:51:50","","ENG","84200","662500","","03-09-2021 16:23:44","bcervantes@phsi.us","","$0.00"
"FPO0016638","Received","728027057","","$540.99","GRAPHIC PRODUCTS INC","GRAPHIC PRODUCTS INC","ROXBOROUGH MEMORIAL HOSPITAL","Repairs & Maintenance","","Kristi Toy","NOTICE AND FLOOR SIGNAGE FOR SOCIAL DISTANCING - CUSTOM NOTICE SIGNS FOR COVID 19","","02-26-2021 08:48:38","","ENG","87906","662500","","03-09-2021 16:25:45","bcervantes@phsi.us","","$0.00"
"FPO0016637","Received","728027056","","$997.00","IRIS LTD  INC","IRIS LTD  INC","ROXBOROUGH MEMORIAL HOSPITAL","Repairs & Maintenance","","Kristi Toy","EMERGENCY CODE CARDS","","02-26-2021 08:46:52","","ENG","84200","662500","","03-19-2021 10:57:46","ktoy@phsi.us","","$0.00"
"FPO0016623","Received","728027045","GPH746554","$258.95","GTO GREASE TRAP SERVICES","GTO GREASE TRAP SERVICES","ROXBOROUGH MEMORIAL HOSPITAL","Repairs & Maintenance","","Kristi Toy","GREASE TRAP SERVICE FEBRUARY","","02-25-2021 13:15:54","","ENG","84600","662500","","06-28-2024 11:05:57","system","","$0.00"
"FPO0016579","Received","728027035","","$80.35","GRAINGER","GRAINGER WW INC 860641950","ROXBOROUGH MEMORIAL HOSPITAL","Repairs & Maintenance","Status: Delivered
Delivery Details:
>City/State: Philadelphia, PA
>Date: 2021-02-26
>Signature Name: Signature on File
>Delivery location: null","Kristi Toy","MAINTENANCE STOCK ITEMS","","02-24-2021 14:34:19","","ENG","84600","662500","","04-05-2021 10:26:27","ktoy@phsi.us","Delivered","$0.00"
"FPO0016569","Received","728027033","","$1,144.00","NEW PIG  CORP","NEW PIG  CORP","ROXBOROUGH MEMORIAL HOSPITAL","Repairs & Maintenance","784082609186
Status: Delivered
>Date: 2021-02-25
>City/State: Philadelphia, PA
>Signature Name: PVOLPONI

784082608591
Status: Delivered
>Date: 2021-02-25
>City/State: Philadelphia, PA
>Signature Name: PVOLPONI

784082608168
Status: Delivered
>Date: 2021-02-25
>City/State: Philadelphia, PA
>Signature Name: PVOLPONI

784082608054
Status: Delivered
>Date: 2021-02-25
>City/State: Philadelphia, PA
>Signature Name: PVOLPONI

784082607805
Status: Delivered
>Date: 2021-02-25
>City/State: Philadelphia, PA
>Signature Name: PVOLPONI

784082609602
Status: Delivered
>Date: 2021-02-25
>City/State: Philadelphia, PA
>Signature Name: PVOLPONI

784082609738
Status: Delivered
>Date: 2021-02-25
>City/State: Philadelphia, PA
>Signature Name: PVOLPONI

784082610238
Status: Delivered
>Date: 2021-02-25
>City/State: Philadelphia, PA
>Signature Name: PVOLPONI

","Kristi Toy","LEAK DIVERTER CEILING TILES","","02-24-2021 13:38:10","","ENG","84600","662500","","04-26-2023 11:11:22","system","Delivered","$0.00"
"FPO0016561","Received","728027032","","$1,268.50","MAJOR MEDICAL HOSPITAL SVCS","MAJOR MEDICAL HOSPITAL SVCS","ROXBOROUGH MEMORIAL HOSPITAL","Repairs & Maintenance","","Kristi Toy","MEDICAL GAS REPAIRS - QUARTER 1 ","","02-24-2021 11:24:27","","ENG","84600","662500","","03-09-2021 16:25:36","bcervantes@phsi.us","","$0.00"
"FPO0016560","Received","728027034","","$1,272.98","SHERWIN WILLIAMS CO INC","SHERWIN WILLIAMS CO INC","ROXBOROUGH MEMORIAL HOSPITAL","Repairs & Maintenance","","Kristi Toy","HAND SANDER WITH HEPA FILTER AND NOISE CANCELLING FOR HOSPITAL EOC ROUNDS, INFECTIOUS CONTROL, AND WORKPLACE VIOLENCE SURVEY ","FWKD0201232","02-24-2021 10:38:42","","ENG","84600","662500","","03-09-2021 16:27:01","bcervantes@phsi.us","","$0.00"
"FPO0016522","Received","728026994","1010484811","$20.25","STERICYCLE INC","STERICYCLE INC 9001590","ROXBOROUGH MEMORIAL HOSPITAL","Repairs & Maintenance","","Kristi Toy","SHARP WASTE ENERGY CHARGES","","02-22-2021 14:31:40","","ENG","84400","662500","","03-09-2021 16:24:35","bcervantes@phsi.us","","$0.00"
"FPO0016521","Received","728027012","","$2,660.00","CHADWICK SERVICE CO","CHADWICK SERVICE CO","ROXBOROUGH MEMORIAL HOSPITAL","Purchased Services/Service Agreements","","Kristi Toy","MRI UNIT PREVENTATIVE MAINTENANCE MAY 2021-FEB 2022","","02-22-2021 14:29:41","","ENG","84600","669500","","02-02-2022 07:41:23","ktoy@phsi.us","","$0.00"
"FPO0016520","Received","728026992","0906128758","$210.00","STANLEY ACCESS TECH","STANLEY ACCESS TECH","ROXBOROUGH MEMORIAL HOSPITAL","Repairs & Maintenance","","Kristi Toy","EMERGENCY DEPARTMENT DOORS KEEP GHOSTING - SENSORS CHECKED AND CLEANED","","02-22-2021 14:18:43","","ENG","84600","662500","","03-09-2021 16:26:33","bcervantes@phsi.us","","$0.00"
"FPO0016496","Received","728026995","56479","$2,502.50","RAMM","RAMM INC","ROXBOROUGH MEMORIAL HOSPITAL","Repairs & Maintenance","","Kristi Toy","REHEAT LOOP AND PNEUMATIC ISSUES
","FWKD0190107","02-22-2021 11:23:48","","ENG","84500","662500","","03-09-2021 16:26:40","bcervantes@phsi.us","","$0.00"
"FPO0016368","Received","728026991","RM-022221","$600.00","APEX SERVICES INC","APEX SERVICES INC","ROXBOROUGH MEMORIAL HOSPITAL","Repairs & Maintenance","","Kristi Toy","WORKPLACE VIOLENCE SURVEY ACTION - OXYGEN CAGE SECURED BY WELDING ","","02-17-2021 08:02:47","","ENG","84600","662500","","03-09-2021 16:25:21","bcervantes@phsi.us","","$0.00"
"FPO0016295","Received","728026876","","$126.61","GRAINGER","GRAINGER WW INC 860641950","ROXBOROUGH MEMORIAL HOSPITAL","Repairs & Maintenance","Status: Delivered
Delivery Details:
>City/State: PHILADELPHIA, PA
>Date: 2021-02-17
>Signature Name: GALANTI
>Delivery location: Receiver","Kristi Toy","TOILET SUPPORT","","02-15-2021 15:12:33","","ENG","84600","662500","","03-09-2021 16:24:57","bcervantes@phsi.us","Delivered","$0.00"
"FPO0016245","Approved-PO Issued","728026875","107527","$6,812.00","PURE WATER TECHNOLOGY OF CENTR","PURE WATER TECHNOLOGY OF CENTE","ROXBOROUGH MEMORIAL HOSPITAL","Repairs & Maintenance","","Kristi Toy","MONTHLY RENTAL FOR WATER PURIFICATION UNITS ","","02-12-2021 13:28:36","","ENG","84600","662500","","01-20-2022 17:41:04","system","","$0.00"
"FPO0016242","Received","728026855","","$100.24","GRAINGER","GRAINGER WW INC 860641950","ROXBOROUGH MEMORIAL HOSPITAL","Repairs & Maintenance","Status: Delivered
Delivery Details:
>City/State: PHILADELPHIA, PA
>Date: 2021-02-16
>Signature Name: GALANTE
>Delivery location: Inside Delivery","Kristi Toy","MAINTENANCE STOCK ","","02-12-2021 12:49:57","","ENG","84600","662500","","03-09-2021 16:24:57","bcervantes@phsi.us","Delivered","$0.00"
"FPO0016229","Received","728026843","","$13.00","LABOV SUPPLY CO INC","LABOV SUPPLY CO INC THE","ROXBOROUGH MEMORIAL HOSPITAL","Repairs & Maintenance","","Kristi Toy","6 IN REPAIR PLUG FOR PIN HOLE LEAK IN PIPE","FWKD0199604","02-12-2021 08:45:17","","ENG","77100","662500","","03-09-2021 16:25:24","bcervantes@phsi.us","","$0.00"
"FPO0016228","Received","728026847","917617714","$764.43","TENNANT SALES & SERVICE CO","TENNANT SALES & SERVICE CO","ROXBOROUGH MEMORIAL HOSPITAL","Repairs & Maintenance","","Kristi Toy","EVS SCRUBBER SERIVCE REPAIR ","","02-12-2021 08:45:00","","ENG","84400","662500","","04-27-2021 10:29:48","ktoy@phsi.us","","$0.00"
"FPO0016225","Received","728026844","","$1,311.96","ELLIOTT LEWIS CORPORATION","ELLIOTT LEWIS","ROXBOROUGH MEMORIAL HOSPITAL","Repairs & Maintenance","","Kristi Toy","LIEBERT C14G8E0145 UNIT - PROVIDE LABOR AND MATERIAL TO REPLACE CONTACTORS FOR MAIN FAN, COMPRESSORS, AND REHEATS, START AND CHECK OPERATION","","02-12-2021 08:39:36","","ENG","84600","662500","","07-29-2022 07:02:45","system","","$0.00"
"FPO0016144","Received","728026834","200691","$4,600.00","CLARK SERVICES GROUP  LLC","CLARK SERVICES GROUP LLC","ROXBOROUGH MEMORIAL HOSPITAL","Repairs & Maintenance","","Kristi Toy","KITCHEN HOOD AND EXHAUST CLEANING Q1 - NO CONTRACT INCLUDED ","","02-11-2021 09:25:40","","ENG","84600","662500","","04-03-2023 17:00:12","system","","$0.00"
"FPO0016071","Approved-PO Issued","728026814","","$1,342.30","GP ENERGY PRODUCTS LLC","GP ENERGY PRODUCTS LLC","ROXBOROUGH MEMORIAL HOSPITAL","Repairs & Maintenance","","Kristi Toy","CLEAVER BROOKS BOILER DISPLAY BOARD ","","02-10-2021 08:12:45","","ENG","84600","662500","","02-09-2024 08:38:43","system","","$0.00"
"FPO0016070","Received","728026813","53757","$540.00","CM3 BUILDING SOLUTIONS INC","CM3 BUILDING SOLUTIONS INC","ROXBOROUGH MEMORIAL HOSPITAL","Repairs & Maintenance","","Kristi Toy","INSTALL THREE SWITCHES AND CONNECTORS ","","02-10-2021 07:25:08","","ENG","84200","662500","","03-09-2021 16:24:51","bcervantes@phsi.us","","$0.00"
"FPO0015981","Received","728026770","","$797.50","IRIS LTD  INC","IRIS LTD  INC","ROXBOROUGH MEMORIAL HOSPITAL","Repairs & Maintenance","","Kristi Toy","BADGE BACKERS SECURITY ITEM STOCK","","02-08-2021 11:48:35","","ENG","84200","662500","","10-20-2023 14:22:12","system","","$0.00"
"FPO0015970","Received","728026752","56393","$858.00","RAMM","RAMM INC","ROXBOROUGH MEMORIAL HOSPITAL","Repairs & Maintenance","","Kristi Toy","AS2 PUTTING OUT 78 DEGREE AIR - MAINTENANCE OFFICES HOT ","FWKD0198465","02-08-2021 10:01:51","","ENG","84500","662500","","03-09-2021 16:26:40","bcervantes@phsi.us","","$0.00"
"FPO0015924","Received","728026737","","$398.29","SHERWIN WILLIAMS CO INC","SHERWIN WILLIAMS CO INC","ROXBOROUGH MEMORIAL HOSPITAL","Repairs & Maintenance","","Kristi Toy","PAINT STOCK ITEMS - MAINTENANCE BATHROOM FLOOR PAINT ","","02-05-2021 10:53:33","","ENG","84600","662500","","03-09-2021 16:27:01","bcervantes@phsi.us","","$0.00"
"FPO0015913","Received","728026766","0004051925","$8,951.00","GOLD MEDAL ENVIRONMENTAL OF P","GOLD MEDAL ENVIRONMENTAL OF P","ROXBOROUGH MEMORIAL HOSPITAL","Repairs & Maintenance","","Kristi Toy","JANUARY HOSPITAL TRASH AND WASTE REMOVAL","","02-05-2021 07:55:19","","ENG","84400","662500","","06-04-2021 07:45:49","ktoy@phsi.us","","$0.00"
"FPO0015882","Received","728026723","200098A","$1,500.00","DYNAMIC BALANCING CO INC","DYNAMIC BALANCING CO  INC","ROXBOROUGH MEMORIAL HOSPITAL","Repairs & Maintenance","","Kristi Toy","AIR BALANCING REMEDIATION WORK IN ISO AND OR ROOMS ","","02-04-2021 13:23:17","","ENG","84600","662500","","03-09-2021 16:24:47","bcervantes@phsi.us","","$0.00"
"FPO0015881","Received","728026725","200098B","$6,750.00","DYNAMIC BALANCING CO INC","DYNAMIC BALANCING CO  INC","ROXBOROUGH MEMORIAL HOSPITAL","Repairs & Maintenance","","Kristi Toy","AIR BALANCING REPAIR WORK - HVAC SYSTEM FOR ISO AND OR ROOMS - TOTAL OF 28 HOURS ","","02-04-2021 13:21:28","","ENG","84600","662500","","10-13-2021 09:20:48","system","","$0.00"
"FPO0015877","Received","728026720","","$60.14","GRAINGER","GRAINGER WW INC 860641950","ROXBOROUGH MEMORIAL HOSPITAL","Repairs & Maintenance","Status: Delivered
Delivery Details:
>City/State: PHILADELPHIA, PA
>Date: 2021-02-08
>Signature Name: GALANTE
>Delivery location: Inside Delivery","Kristi Toy","RECOVERY STRAPS","","02-04-2021 12:23:31","","ENG","84600","662500","","03-09-2021 16:24:58","bcervantes@phsi.us","Delivered","$0.00"
"FPO0015828","Received","728026710","55151","$3,420.00","EPAY INC","EPAY INC","ROXBOROUGH MEMORIAL HOSPITAL","Repairs & Maintenance","","Kristi Toy","MAINTENANCE SHOP LEAK - DUCT REMOVAL AND DUCT INSTALL ","","02-03-2021 10:55:04","","ENG","84600","662500","","03-09-2021 16:25:45","bcervantes@phsi.us","","$0.00"
"FPO0015820","Received","728026705","506","$300.25","DARREN DANILOWICZ REFRIGERATIO","DARREN DANILOWICZ REFRIGERATIO","ROXBOROUGH MEMORIAL HOSPITAL","Repairs & Maintenance","","Kristi Toy","ICE MACHINE LEAKING ","FWKD0196688","02-03-2021 08:25:45","","ENG","70700","662500","","03-09-2021 16:24:34","bcervantes@phsi.us","","$0.00"
"FPO0015819","Received","728026706","1010485523","$1,482.82","STERICYCLE INC","STERICYCLE INC 9001590","ROXBOROUGH MEMORIAL HOSPITAL","Repairs & Maintenance","","Kristi Toy","JANUARY SHARPS REMOVAL","","02-03-2021 08:23:33","","ENG","84400","662500","","08-11-2021 17:45:02","system","","$0.00"
"FPO0015740","Received","728026676","56357","$858.00","RAMM","RAMM INC","ROXBOROUGH MEMORIAL HOSPITAL","Repairs & Maintenance","","Kristi Toy","NO GAS PRESSURE IN KITCHEN - GAS COMPANY ISSUE","","02-01-2021 10:33:22","","ENG","84600","662500","","03-09-2021 16:26:40","bcervantes@phsi.us","","$0.00"
"FPO0015739","Received","728026675","56356","$2,157.00","RAMM","RAMM INC","ROXBOROUGH MEMORIAL HOSPITAL","Repairs & Maintenance","","Kristi Toy","STEAM LEAK IN SAME DAY SURGERY","FWKD0176453","02-01-2021 10:24:32","","ENG","84600","662500","","03-09-2021 16:26:40","bcervantes@phsi.us","","$0.00"
"FPO0015697","Received","728026653","","$6,500.00","ADVANCED TECHNOLOGIES GROUP IN","ADVANCED TECHNOLOGIES GROUP IN","ROXBOROUGH MEMORIAL HOSPITAL","Repairs & Maintenance","","Kristi Toy","LIFE SAFETY DRAWING CONTRACT ","","01-29-2021 07:49:18","","ENG","84600","662500","","09-13-2024 08:34:40","system","","$0.00"
"FPO0015696","Received","728026654","","$10,198.64","KLENZOID INC","KLENZOID INC","ROXBOROUGH MEMORIAL HOSPITAL","Purchased Services/Service Agreements","","Kristi Toy","WATER TREATMENT TESTING EFFECTIVE FEB 1 2021","","01-29-2021 07:45:33","","ENG","84600","669500","","11-01-2021 12:42:57","kkrystopa@phsi.us","","$0.00"
"FPO0015678","Received","728026765","56394","$286.00","RAMM","RAMM INC","ROXBOROUGH MEMORIAL HOSPITAL","Repairs & Maintenance","","Kristi Toy","SON AUDITORIUM UNIT NOT MAKING SET POINT ","","01-28-2021 13:08:12","","ENG","84600","662500","","03-09-2021 16:26:40","bcervantes@phsi.us","","$0.00"
"FPO0015661","Received","728026627","","$158.00","CONSTRUCTION SPECIALTIES INC","CONSTRUCTION SPECIALTIES INC","ROXBOROUGH MEMORIAL HOSPITAL","Repairs & Maintenance","","Kristi Toy","PATIENT BREAKAWAY CURTAIN HOOKS ","","01-28-2021 11:18:10","","ENG","84600","662500","","11-10-2021 08:04:35","system","","$0.00"
"FPO0015646","Canceled","728026628","1003585627","$0.00","CLEAN HARBORS ENV SERVICES","CLEAN HARBORS ENV SERVICES","ROXBOROUGH MEMORIAL HOSPITAL","Purchased Services/Service Agreements","","Kristi Toy","PHARMACY WASTE REMOVAL SERVICE ","","01-28-2021 09:09:14","","ENG","84400","669500","","03-09-2021 16:23:51","bcervantes@phsi.us","","$0.00"
"FPO0015611","Received","728026614","","$407.31","SIEMENS INDUSTRY INC","SIEMENS BUILDING TECHNOLOGIES","ROXBOROUGH MEMORIAL HOSPITAL","Repairs & Maintenance","","Kristi Toy","PNEUMATIC RECEIVER CONTROLLER - STOCK ITEM","","01-27-2021 11:10:13","","ENG","84600","662500","","10-13-2021 11:17:15","system","","$0.00"
"FPO0015602","Received","728026605","","$75.74","GRAINGER","GRAINGER WW INC 860641950","ROXBOROUGH MEMORIAL HOSPITAL","Repairs & Maintenance","1ZY6247W0391733273
Status: Delivered
>Date: 2021-01-29
>City/State: PHILADELPHIA, PA
>Signature Name: CD GALANTI

 1ZY6247W0391736261
Status: Delivered
>Date: 2021-01-29
>City/State: PHILADELPHIA, PA
>Signature Name: CD GALANTI

","Kristi Toy","STOCK ITEMS ","","01-27-2021 08:32:20","","ENG","84600","662500","","03-18-2021 08:23:02","system","Delivered","$0.00"
"FPO0015572","Received","728026589","","$1,088.00","RAMM","RAMM INC","ROXBOROUGH MEMORIAL HOSPITAL","Repairs & Maintenance","","Kristi Toy","PTAC UNIT OPERATION TESTING/EVALUATION AND LABOR ","FWKD0156440","01-26-2021 12:43:23","","ENG","84600","662500","","07-08-2021 09:56:48","ktoy@phsi.us","","$0.00"
"FPO0015571","Received","728026591","GPH745888","$159.95","GTO GREASE TRAP SERVICES","GTO GREASE TRAP SERVICES","ROXBOROUGH MEMORIAL HOSPITAL","Repairs & Maintenance","","Kristi Toy","GREASE TRAP SERVICES - JANUARY","","01-26-2021 12:36:12","","ENG","84600","662500","","03-09-2021 16:24:04","bcervantes@phsi.us","","$0.00"
"FPO0015570","Received","728026590","56323","$2,000.00","RAMM","RAMM INC","ROXBOROUGH MEMORIAL HOSPITAL","Repairs & Maintenance","","Kristi Toy","AIR SURVEY AC1 AND AC4 ","","01-26-2021 12:26:07","","ENG","84600","662500","","03-09-2021 16:26:40","bcervantes@phsi.us","","$0.00"
"FPO0015569","Received","728026587","56313","$715.00","RAMM","RAMM INC","ROXBOROUGH MEMORIAL HOSPITAL","Repairs & Maintenance","","Kristi Toy","CAFETERIA UNIT DOWN - RAD PUMP TRIPPING ","","01-26-2021 12:22:43","","ENG","84600","662500","","03-09-2021 16:26:41","bcervantes@phsi.us","","$0.00"
"FPO0015568","Received","728026595","55725","$5,764.00","RAMM","RAMM INC","ROXBOROUGH MEMORIAL HOSPITAL","Repairs & Maintenance","","Kristi Toy","CHILLER WATER PUMP VIBRATIONS ","","01-26-2021 12:19:58","","ENG","84600","662500","","03-09-2021 16:26:41","bcervantes@phsi.us","","$0.00"
"FPO0015567","Received","728026588","56310","$524.00","RAMM","RAMM INC","ROXBOROUGH MEMORIAL HOSPITAL","Repairs & Maintenance","","Kristi Toy","DA TANK SIGHT GLASS REPLACEMENT ","","01-26-2021 12:16:32","","ENG","84600","662500","","03-09-2021 16:26:40","bcervantes@phsi.us","","$0.00"
"FPO0015564","Received","728026584","15398","$2,446.08","LIMA COMPANY","LIMA COMPANY","ROXBOROUGH MEMORIAL HOSPITAL","Repairs & Maintenance","","Kristi Toy","URGENT CARE - LEAK AND REPAIR","","01-26-2021 11:39:43","","ENG","70830","662500","","03-09-2021 16:24:35","bcervantes@phsi.us","","$0.00"
"FPO0015511","Received","728026548","","$720.00","SECURITAS HEALTHCARE LLC","SECURITAS HEALTHCARE LLC","ROXBOROUGH MEMORIAL HOSPITAL","Repairs & Maintenance","","Kristi Toy","UNIVERSAL WIREESS WALL UNITS - GERO PSYCH UNIT NURSING CALL SYSTEM PARTS","","01-25-2021 07:44:24","","ENG","84600","662500","","03-09-2021 16:23:56","bcervantes@phsi.us","","$0.00"
"FPO0015487","Received","728026521","56273","$572.00","RAMM","RAMM INC","ROXBOROUGH MEMORIAL HOSPITAL","Repairs & Maintenance","","Kristi Toy","SON STEAM RELIEF BLOWING OFF DUE TO BYPASS OPEN AGAIN","FWKD0190208","01-22-2021 11:56:15","","ENG","84600","662500","","03-09-2021 16:26:40","bcervantes@phsi.us","","$0.00"
"FPO0015486","Received","728026520","56312","$429.00","RAMM","RAMM INC","ROXBOROUGH MEMORIAL HOSPITAL","Repairs & Maintenance","","Kristi Toy","SCHOOL OF NURSING STEAM RELIEF BLOWING OFF - FOUND STEAM RELIEF VALVE BLOWING OFF DUE TO STEAM BYPASS BEING OPEN. ","FWKD0190208","01-22-2021 11:47:07","","ENG","84600","662500","","03-09-2021 16:26:41","bcervantes@phsi.us","","$0.00"
"FPO0015478","Received","728026530","56270","$2,995.00","RAMM","RAMM INC","ROXBOROUGH MEMORIAL HOSPITAL","Repairs & Maintenance","","Kristi Toy","AS1 NOT WORKING - PHARMACY AREA TOO HOT. START/STOP COMMAND AT BA5 IN OFF POSITION. AIR DAMPERS FORCED TO 36%. DIAPHRAGM ON ACTUATOR TORN- REMOVED AND INSTALLED NEW ONE. ","FWKD0190107","01-22-2021 10:47:46","","ENG","84600","662500","","03-09-2021 16:26:40","bcervantes@phsi.us","","$0.00"
"FPO0015470","Received","728026511","56311","$1,072.50","RAMM","RAMM INC","ROXBOROUGH MEMORIAL HOSPITAL","Repairs & Maintenance","","Kristi Toy","AS1 FANS NOT COMING ON - NO PNEUMATIC PRESSURE TO BASEMENT FFROM 4TH FLOOR AIR COMP. TEAR IN HOUSE. 80 PSI IN BASEMENT. FOUND CLOGGED AIR DRYER AND BAD FILTERS. IN BASEMENT AND 4TH FLOOR NEED REPLACING. ","FWKD0190107","01-22-2021 10:05:24","","ENG","84500","662500","","03-09-2021 16:26:41","bcervantes@phsi.us","","$0.00"
"FPO0015469","Received","728026510","56271","$286.00","RAMM","RAMM INC","ROXBOROUGH MEMORIAL HOSPITAL","Repairs & Maintenance","","Kristi Toy","RAMM WORKING WITH ESS TO RELOCATE 2 DUCT SENSORS - AS1 AC4 ","FWKD0190107","01-22-2021 09:27:52","","ENG","84600","662500","","11-19-2021 07:32:10","system","","$0.00"
"FPO0015467","Received","728026509","56272","$286.00","RAMM","RAMM INC","ROXBOROUGH MEMORIAL HOSPITAL","Repairs & Maintenance","","Kristi Toy","AS1 DUCT LEAK- FOUND WATER POURING OUT AT SMOKE DETECTOR, DAMPER AREA, AND SEAMS. HUMIDITY SETPOINT AT 90% SATURATING DUCT LINING. RESET HUMIDITY TO 30%. ","FWKD0190107","01-22-2021 09:24:43","","ENG","84500","662500","","11-19-2021 07:33:05","system","","$0.00"
"FPO0015462","Received","728026508","","$520.00","MAJOR MEDICAL HOSPITAL SVCS","MAJOR MEDICAL HOSPITAL SVCS","ROXBOROUGH MEMORIAL HOSPITAL","Repairs & Maintenance","","Kristi Toy","COPPER PIGTAIL CONNECTORS FOR N2O MANIFOLD","","01-22-2021 07:24:04","","ENG","84600","662500","","03-09-2021 16:25:36","bcervantes@phsi.us","","$0.00"
"FPO0015460","Received","728026507","917586256,-257,-258","$613.24","TENNANT SALES & SERVICE CO","TENNANT SALES & SERVICE CO","ROXBOROUGH MEMORIAL HOSPITAL","Repairs & Maintenance","","Kristi Toy","SERVICE FOR SCRUBBER, SCRUBBER, AND BURNISHER FOR HOUSEKEEPING/EVS","","01-22-2021 07:12:32","","ENG","84400","662500","","03-11-2024 07:33:12","system","","$0.00"
"FPO0015450","Received","728026506","","$53.99","LABOV SUPPLY CO INC","LABOV SUPPLY CO INC THE","ROXBOROUGH MEMORIAL HOSPITAL","Repairs & Maintenance","","Kristi Toy","BLOWDOWN PROPRESS BALL VALVE","","01-21-2021 14:37:08","","ENG","84600","662500","","03-09-2021 16:25:23","bcervantes@phsi.us","","$0.00"
"FPO0015363","Received","728026480","M7890","$1,560.77","EVERBRIDGE INC","EVERBRIDGE INC","ROXBOROUGH MEMORIAL HOSPITAL","Repairs & Maintenance","","Kristi Toy","MASS NOTICATION ","","01-19-2021 13:11:19","","ENG","84200","662500","","11-10-2021 07:47:03","system","","$0.00"
"FPO0015341","Received","728026470","","$203.61","LABOV SUPPLY CO INC","LABOV SUPPLY CO INC THE","ROXBOROUGH MEMORIAL HOSPITAL","Repairs & Maintenance","","Kristi Toy","BALL VALVE FOR BLOW DOWN COMPRESSOR ","","01-19-2021 08:55:42","","ENG","84600","662500","","03-09-2021 16:25:24","bcervantes@phsi.us","","$0.00"
"FPO0015291","Received","728026433","","$254.43","GRAINGER","GRAINGER WW INC 860641950","ROXBOROUGH MEMORIAL HOSPITAL","Repairs & Maintenance","  236361371065856
Status: Delivered
>Date: 2021-01-19
>City/State: Philadelphia, PA
>Signature Name: Signature on File

 236361371066129
Status: Delivered
>Date: 2021-01-19
>City/State: Philadelphia, PA
>Signature Name: Signature on File

","Kristi Toy","MATERIAL","","01-18-2021 09:03:49","","ENG","84600","662500","","09-23-2021 14:32:55","system","Delivered","$0.00"
"FPO0015290","Received","728026434","32419","$342.00","MAJOR MEDICAL HOSPITAL SVCS","MAJOR MEDICAL HOSPITAL SVCS","ROXBOROUGH MEMORIAL HOSPITAL","Repairs & Maintenance","","Kristi Toy","MEDICAL GAS REPAIRS ","","01-18-2021 07:44:34","","ENG","84600","662500","","03-09-2021 16:25:36","bcervantes@phsi.us","","$0.00"
"FPO0015273","Received","728026411","","$341.98","GRAPHIC PRODUCTS INC","GRAPHIC PRODUCTS INC","ROXBOROUGH MEMORIAL HOSPITAL","Repairs & Maintenance","","Kristi Toy","COVID-19 FRONT LOBBY JAMESTOWN SIGNAGE ","","01-15-2021 14:02:21","","ENG","87906","662500","","03-09-2021 16:25:45","bcervantes@phsi.us","","$0.00"
"FPO0015244","Received","728026400","","$610.00","ENERGY PRODUCTS CO","","ROXBOROUGH MEMORIAL HOSPITAL","Repairs & Maintenance","","Kristi Toy","BOILER MATERIAL - RELIEF VALVES FOR IN-HOUSE TESTING AND CALIBRATION","","01-15-2021 08:45:41","","ENG","84600","662500","","03-09-2021 16:23:57","bcervantes@phsi.us","","$0.00"
"FPO0015222","Received","728026385","1010414171","$25.00","STERICYCLE INC","STERICYCLE INC 9001590","ROXBOROUGH MEMORIAL HOSPITAL","Repairs & Maintenance","","Kristi Toy","SHARPS ENERGY CHARGE DECEMBER","","01-14-2021 13:42:35","","ENG","84400","662500","","03-09-2021 16:24:35","bcervantes@phsi.us","","$0.00"
"FPO0015220","Received","728026384","1010422640","$204.70","STERICYCLE INC","STERICYCLE INC 9001590","ROXBOROUGH MEMORIAL HOSPITAL","Repairs & Maintenance","","Kristi Toy","SHARPS REMOVAL DECEMBER - URGENT CARE","","01-14-2021 13:35:39","","ENG","70830","662500","","03-09-2021 16:24:35","bcervantes@phsi.us","","$0.00"
"FPO0015219","Received","728026382","56187","$2,446.00","RAMM","RAMM INC","ROXBOROUGH MEMORIAL HOSPITAL","Repairs & Maintenance","","Kristi Toy","REHEAT PIPE PUMP REPAIR ","","01-14-2021 13:29:55","","ENG","84600","662500","","03-09-2021 16:26:40","bcervantes@phsi.us","","$0.00"
"FPO0015218","Received","728026383","56041","$357.50","RAMM","RAMM INC","ROXBOROUGH MEMORIAL HOSPITAL","Repairs & Maintenance","","Kristi Toy","CHILLER 2 COMPRESSOR 1 IN ALARM ","","01-14-2021 13:27:28","","ENG","84600","662500","","03-09-2021 16:26:40","bcervantes@phsi.us","","$0.00"
"FPO0015169","Received","728026374","87389154","$245.00","JOHNSON CONTROLS FIRE PROTECT","JOHNSON CONTROLS FIRE PROTECT","ROXBOROUGH MEMORIAL HOSPITAL","Repairs & Maintenance","","Kristi Toy","DIETARY GAS NOT WORKING - ANSUL SYSTEM VALVE  VERIFICATION ","","01-13-2021 14:55:33","","ENG","84600","662500","","01-12-2023 13:35:13","system","","$0.00"
"FPO0015163","Canceled","728026375","","$0.00","ELLIOTT LEWIS CORPORATION","ELLIOTT LEWIS","ROXBOROUGH MEMORIAL HOSPITAL","Repairs & Maintenance","","Kristi Toy","CONTRACT RENEWEL FOR TELECOM AND 3RD FLOOR DIALYSIS UNITS -  PREVIOUS PO# 728020885","","01-13-2021 12:51:06","","ENG","84600","662500","","03-09-2021 16:27:05","bcervantes@phsi.us","","$0.00"
"FPO0015157","Received","728026365","","$3,128.63","GENERAL AIRE SYSTEMS INC","GENERAL AIRE SYSTEMS INC","ROXBOROUGH MEMORIAL HOSPITAL","Repairs & Maintenance","","Kristi Toy","IN HOUSE PREVENTATIVE MAINTENANCE - UV BULB REPLACEMENT MATERIAL","","01-13-2021 11:55:37","","ENG","84600","662500","","01-19-2022 09:00:41","system","","$0.00"
"FPO0015155","Received","728026369","","$10,370.75","GENERAL AIRE SYSTEMS INC","GENERAL AIRE SYSTEMS INC","ROXBOROUGH MEMORIAL HOSPITAL","Repairs & Maintenance","","Kristi Toy","PREVENATIVE MAINTENANCE - AIR FILTER REPLACEMENT ","","01-13-2021 11:42:55","","ENG","84600","662500","","12-02-2024 08:45:39","system","","$0.00"
"FPO0015122","Received","728026366","10386","$1,085.60","MADDEN ELECTRIC ASSOCIATES INC","MADDEN ELECTRIC ASSOC INC","ROXBOROUGH MEMORIAL HOSPITAL","Repairs & Maintenance","","Kristi Toy","MOBILE FREEZER ELECTRIC FURNISH AND INSTALL BREAKER - COVID 19 ","","01-12-2021 14:38:08","","ENG","87906","662500","","11-18-2024 08:15:27","system","","$0.00"
"FPO0015116","Received","728026358","","$3,350.00","GENSERVE LLC","GENSERVE LLC","ROXBOROUGH MEMORIAL HOSPITAL","Repairs & Maintenance","","Kristi Toy","GENERATOR REPAIRS AND BATTERY REPLACEMENT - MTU, LOADING DOCK, BOILER ROOM","","01-12-2021 12:46:45","","ENG","84600","662500","","03-09-2021 16:27:22","bcervantes@phsi.us","","$0.00"
"FPO0015095","Received","728026354","","$79.00","CONSTRUCTION SPECIALTIES INC","CONSTRUCTION SPECIALTIES INC","ROXBOROUGH MEMORIAL HOSPITAL","Repairs & Maintenance","","Kristi Toy","PRIVACY CURTAIN BREAKAWAY HOOKS ","","01-12-2021 10:14:58","","ENG","84600","662500","","03-10-2021 14:09:32","ktoy@phsi.us","","$0.00"
"FPO0015087","Approved-PO Issued","728026355","","$4,770.00","MAJOR MEDICAL HOSPITAL SVCS","MAJOR MEDICAL HOSPITAL SVCS","ROXBOROUGH MEMORIAL HOSPITAL","Repairs & Maintenance","","Kristi Toy","ANNUAL ANESTHESIA/WAGD/NITROUS OXIDE TRACE GAS & GLUTARALDEHYDE MONITORING 2021 - TOTAL ANNUAL PRICE","","01-12-2021 08:55:29","","ENG","84600","662500","","02-13-2024 09:34:14","system","","$0.00"
"FPO0015066","Received","728026335","56208","$143.00","RAMM","RAMM INC","ROXBOROUGH MEMORIAL HOSPITAL","Repairs & Maintenance","","Kristi Toy","MOB Suite 103 Radiator ","","01-11-2021 11:30:28","","ENG","84600","662500","","03-09-2021 16:26:40","bcervantes@phsi.us","","$0.00"
"FPO0015062","Received","728026326","","$6,450.00","LIMA COMPANY","LIMA COMPANY","ROXBOROUGH MEMORIAL HOSPITAL","Repairs & Maintenance","","Kristi Toy","DRAIN LINE REPAIR - MAINTENANCE SHOP - EMERGENCY SERVICE

REMOVE 6IN PIPE
REPLACE 40 FT OF 6 IN PIEPE
TEST FOR LEAKS
","","01-11-2021 11:07:34","","ENG","84600","662500","","03-09-2021 16:24:35","bcervantes@phsi.us","","$0.00"
"FPO0015055","Received","728026325","56205","$865.00","RAMM","RAMM INC","ROXBOROUGH MEMORIAL HOSPITAL","Repairs & Maintenance","","Kristi Toy","AS2 - MAINTENANCE DIRECTOR'S OFFICE HOT - LEAKING STEAM GAUGE REPLACED - DAMPERS CHANGES ETC","","01-11-2021 10:04:40","","ENG","84600","662500","","03-09-2021 16:26:41","bcervantes@phsi.us","","$0.00"
"FPO0015030","Received","728026324","179618","$2,137.50","QUIP LABORATORIES INC","QUIP LABORATORIES","ROXBOROUGH MEMORIAL HOSPITAL","Repairs & Maintenance","","Kristi Toy","HALOMIST - COVID 19","","01-08-2021 13:58:01","","ENG","87906","662500","","03-09-2021 16:27:23","bcervantes@phsi.us","","$0.00"
"FPO0015015","Received","728026297","56206","$429.00","RAMM","RAMM INC","ROXBOROUGH MEMORIAL HOSPITAL","Repairs & Maintenance","","Kristi Toy","CHILLERS SERVICE - CHILLERS NOT COMING ON","","01-08-2021 11:22:07","","ENG","84600","662500","","03-09-2021 16:26:41","bcervantes@phsi.us","","$0.00"
"FPO0015012","Received","728026298","56207","$1,001.00","RAMM","RAMM INC","ROXBOROUGH MEMORIAL HOSPITAL","Repairs & Maintenance","","Kristi Toy","STERILIZER NOT BUILDING STEAM PRESSURE REPAIRS - MATERIAL PROVIDED BY MARK COSTELLO CO","","01-08-2021 11:05:44","","ENG","84600","662500","","03-09-2021 16:26:40","bcervantes@phsi.us","","$0.00"
"FPO0015002","Received","728026296","32388","$925.00","MAJOR MEDICAL HOSPITAL SVCS","MAJOR MEDICAL HOSPITAL SVCS","ROXBOROUGH MEMORIAL HOSPITAL","Repairs & Maintenance","","Kristi Toy","MEDICAL VACUUM SYSTEM SERVICE - GAUGE REPLACEMENT ","","01-08-2021 08:23:13","","ENG","84600","662500","","03-09-2021 16:25:36","bcervantes@phsi.us","","$0.00"
"FPO0014973","Received","728026286","","$265.70","GRAINGER","GRAINGER WW INC 860641950","ROXBOROUGH MEMORIAL HOSPITAL","Repairs & Maintenance","236361371006484
Status: Delivered
>Date: 2021-01-08
>City/State: Philadelphia, PA
>Signature Name: Signature on File

 236361371006637
Status: Delivered
>Date: 2021-01-08
>City/State: Philadelphia, PA
>Signature Name: Signature on File

","Kristi Toy","MAINTENANCE STOCK - THERMOSTAT, BELTS ","","01-07-2021 10:06:50","","ENG","84600","662500","","03-09-2021 16:24:57","bcervantes@phsi.us","Delivered","$0.00"
"FPO0014969","Received","728026280","","$1,283.25","IRIS LTD  INC","IRIS LTD  INC","ROXBOROUGH MEMORIAL HOSPITAL","Repairs & Maintenance","","Kristi Toy","BADGE HOLDERS, REELS, MATERIAL FOR HOSPITAL STAFF/EMPLOYEES ETC","","01-07-2021 08:16:08","","ENG","84200","662500","","03-09-2021 16:23:44","bcervantes@phsi.us","","$0.00"
"FPO0014968","Received","728026283","0003995757","$2,548.50","GOLD MEDAL ENVIRONMENTAL OF P","GOLD MEDAL ENVIRONMENTAL OF P","ROXBOROUGH MEMORIAL HOSPITAL","Repairs & Maintenance","","Kristi Toy","TRASH REMOVAL - DECEMBER 2020","","01-07-2021 08:05:25","","ENG","84400","662500","","03-09-2021 16:26:47","bcervantes@phsi.us","","$0.00"
"FPO0014936","Received","728026255","GPH745335","$258.95","GTO GREASE TRAP SERVICES","GTO GREASE TRAP SERVICES","ROXBOROUGH MEMORIAL HOSPITAL","Repairs & Maintenance","","Kristi Toy","GTO SERVICE - DECEMBER ","","01-06-2021 10:53:14","","ENG","84600","662500","","03-14-2022 12:24:53","system","","$0.00"
"FPO0014934","Received","728026256","","$35.88","HILTI INC","HILTI INC","ROXBOROUGH MEMORIAL HOSPITAL","Repairs & Maintenance","","Kristi Toy","BLADES FOR BAND SAW - MATERIAL ","","01-06-2021 09:38:13","","ENG","84600","662500","","03-09-2021 16:27:20","bcervantes@phsi.us","","$0.00"
"FPO0014890","Received","728026233","1010414895","$1,491.57","STERICYCLE INC","STERICYCLE INC 9001590","ROXBOROUGH MEMORIAL HOSPITAL","Repairs & Maintenance","","Kristi Toy","SHARPS WASTE REMOVAL DECEMBER 2020","","01-05-2021 07:54:38","","ENG","84400","662500","","03-09-2021 16:24:35","bcervantes@phsi.us","","$0.00"
"FPO0014861","Received","728026208","","$459.49","GRAINGER","GRAINGER WW INC 860641950","ROXBOROUGH MEMORIAL HOSPITAL","Repairs & Maintenance","Status: Delivered
Delivery Details:
>City/State: PHILADELPHIA, PA
>Date: 2021-01-07
>Signature Name: CD GALANTI
>Delivery location: Inside Delivery","Kristi Toy","EYEWASH/SHOWER INSPECTION MATERIAL FOR THE YEAR ","","01-04-2021 11:09:58","","ENG","84600","662500","","03-09-2021 16:24:57","bcervantes@phsi.us","Delivered","$0.00"
"FPO0014771","Canceled","728026186","","$0.00","ELECTRONIC SECURITY SOLUTIONS","ELECTRONIC SECURITY SOLUTIONS","ROXBOROUGH MEMORIAL HOSPITAL","Repairs & Maintenance","","Kristi Toy","DUCT DETECTOR REPLACEMENT AND RELOCATION","","12-30-2020 08:32:59","","ENG","84600","662500","","10-11-2021 11:20:57","admin","","$0.00"
"FPO0014758","Received","728026146","","$64.42","GRAINGER","GRAINGER WW INC 860641950","ROXBOROUGH MEMORIAL HOSPITAL","Repairs & Maintenance","Status: Delivered
Delivery Details:
>City/State: Philadelphia, PA
>Date: 2020-12-30
>Signature Name: Signature on File
>Delivery location: null","Kristi Toy","STUD FINDER","","12-29-2020 13:45:40","","ENG","84600","662500","","03-09-2021 16:24:57","bcervantes@phsi.us","Delivered","$0.00"
"FPO0014748","Received","728026145","1010341120","$1,499.93","STERICYCLE INC","STERICYCLE INC 9001590","ROXBOROUGH MEMORIAL HOSPITAL","Repairs & Maintenance","","Kristi Toy","SHARPS REMOVAL NOVEMBER ","","12-29-2020 10:52:52","","ENG","84400","662500","","08-13-2024 10:53:43","system","","$0.00"
"FPO0014738","Received","728026138","53405","$405.00","CM3 BUILDING SOLUTIONS INC","CM3 BUILDING SOLUTIONS INC","ROXBOROUGH MEMORIAL HOSPITAL","Repairs & Maintenance","","Kristi Toy","LAB INTERCOM SYSTEM SERVICE","FWKD0169765","12-29-2020 09:23:24","","ENG","84600","662500","","03-09-2021 16:24:50","bcervantes@phsi.us","","$0.00"
"FPO0014737","Received","728026140","28755","$1,586.00","ELECTRONIC SECURITY SOLUTIONS","ELECTRONIC SECURITY SOLUTIONS","ROXBOROUGH MEMORIAL HOSPITAL","Repairs & Maintenance","","Kristi Toy","ANNUNCIATOR REPLACEMENT","","12-29-2020 08:58:14","","ENG","84600","662500","","03-09-2021 16:24:11","bcervantes@phsi.us","","$0.00"
"FPO0014676","Received","728026084","","$86.22","MCMASTER CARR SUPPLY COMPANY","MCMASTER CARR SUPPLY CO","ROXBOROUGH MEMORIAL HOSPITAL","Repairs & Maintenance","Use link above to track. Code: 200","Kristi Toy","DA PUMP PARTS ","","12-24-2020 09:42:11","","ENG","84600","662500","","03-09-2021 16:25:36","bcervantes@phsi.us","","$0.00"
"FPO0014620","Approved-PO Issued","728026063","1620","$158,440.00","MMSR LLC","MMSR LLC","ROXBOROUGH MEMORIAL HOSPITAL","Purchased Services/Service Agreements","","Kristi Toy","SNOW PREP AND REMOVAL 12/16-12/17 ","","12-22-2020 15:12:13","","ENG","84600","669500","","10-11-2024 11:42:33","PDevireddygari@phsi.us","","$0.00"
"FPO0014587","Received","728026139","56088","$1,358.50","RAMM","RAMM INC","ROXBOROUGH MEMORIAL HOSPITAL","Repairs & Maintenance","","Kristi Toy","CHILLER COMMUNICATION SERVICE WITH SIEMENS AND SMARTD","","12-22-2020 07:50:24","","ENG","84600","662500","","03-09-2021 16:26:41","bcervantes@phsi.us","","$0.00"
"FPO0014549","Received","728026025","","$347.01","DUFF COMPANY","DUFF COMPANY","ROXBOROUGH MEMORIAL HOSPITAL","Repairs & Maintenance","","Kristi Toy","RADIATOR SENSORS","","12-21-2020 07:47:33","","ENG","84600","662500","","03-09-2021 16:25:34","bcervantes@phsi.us","","$0.00"
"FPO0014548","Approved-PO Issued","728026026","","$156.78","MCMASTER CARR SUPPLY COMPANY","MCMASTER CARR SUPPLY CO","ROXBOROUGH MEMORIAL HOSPITAL","Repairs & Maintenance","","Kristi Toy","DA TANK PARTS NEEDED FOR REPAIR ","","12-21-2020 07:41:05","","ENG","84600","662500","","11-18-2022 07:32:22","system","","$0.00"
"FPO0014510","Received","728026024","","$4,148.00","MAJOR MEDICAL HOSPITAL SVCS","MAJOR MEDICAL HOSPITAL SVCS","ROXBOROUGH MEMORIAL HOSPITAL","Repairs & Maintenance","","Kristi Toy","OR 1 ALARM RETROFIT + 3RD FLOOR ROBERTS BUILDING ALARM REPLACEMENT","FWKD0174403","12-17-2020 14:40:21","","ENG","74200","662500","","06-28-2022 10:01:39","system","","$0.00"
"FPO0014509","Received","728026027","","$270.75","GRAINGER","GRAINGER WW INC 860641950","ROXBOROUGH MEMORIAL HOSPITAL","Repairs & Maintenance","","Kristi Toy","MAINTENANCE STOCK + BOILER ROOM ","","12-17-2020 14:39:36","","ENG","84600","662500","","03-09-2021 16:24:57","bcervantes@phsi.us","","$0.00"
"FPO0014506","Received","728025990","","$396.00","KB LIGHTING MFG CO INC","KB LIGHTING MFG CO  INC","ROXBOROUGH MEMORIAL HOSPITAL","Repairs & Maintenance","","Kristi Toy","LIGHT BULB STOCK ","","12-17-2020 14:21:08","","ENG","84600","662500","","12-29-2021 08:08:58","system","","$0.00"
"FPO0014446","Received","728025954","18260","$467.42","LIMA COMPANY","LIMA COMPANY","ROXBOROUGH MEMORIAL HOSPITAL","Repairs & Maintenance","","Kristi Toy","SERVICE - MOB ROOM 208 TOILET WITH BROKEN FLANGE ","","12-16-2020 07:39:46","","ENG","84600","662500","","03-09-2021 16:24:35","bcervantes@phsi.us","","$0.00"
"FPO0014445","Received","728025955","1010340434","$12.50","STERICYCLE INC","STERICYCLE INC 9001590","ROXBOROUGH MEMORIAL HOSPITAL","Repairs & Maintenance","","Kristi Toy","ENERGY CHARGES","","12-16-2020 07:33:28","","ENG","84400","662500","","06-03-2021 16:08:40","system","","$0.00"
"FPO0014421","Received","728025941","28535","$420.00","ELECTRONIC SECURITY SOLUTIONS","ELECTRONIC SECURITY SOLUTIONS","ROXBOROUGH MEMORIAL HOSPITAL","Repairs & Maintenance","","Kristi Toy","FIRE ALARM SYSTEM MONITORING ","","12-15-2020 12:23:35","","ENG","84600","662500","","03-09-2021 16:24:11","bcervantes@phsi.us","","$0.00"
"FPO0014409","Received","728025956","GPH744895","$258.95","GTO GREASE TRAP SERVICES","GTO GREASE TRAP SERVICES","ROXBOROUGH MEMORIAL HOSPITAL","Repairs & Maintenance","","Kristi Toy","GREASE TRAP SERVICE - DIETARY ","","12-15-2020 09:21:16","","ENG","84600","662500","","03-09-2021 16:24:04","bcervantes@phsi.us","","$0.00"
"FPO0014357","Canceled","728025898","","$0.00","DYNAMIC BALANCING CO INC","DYNAMIC BALANCING CO  INC","ROXBOROUGH MEMORIAL HOSPITAL","Repairs & Maintenance","","Kristi Toy","AIR BALANCING INSPECTION REPAIRS ","","12-11-2020 13:36:51","","ENG","84600","662500","","03-09-2021 16:24:47","bcervantes@phsi.us","","$0.00"
"FPO0014301","Received","728025880","87240","$1,637.10","CHADWICK SERVICE CO","CHADWICK SERVICE CO","ROXBOROUGH MEMORIAL HOSPITAL","Repairs & Maintenance","","Kristi Toy","QUINCY AIR COMPRESSOR GASKET AND OIL CHANGE - ATC UNIT ","","12-10-2020 09:23:55","","ENG","84600","662500","","03-09-2021 16:26:48","bcervantes@phsi.us","","$0.00"
"FPO0014278","Approved-PO Issued","728025841","","$1,156.92","BEHAVIORAL SAFETY PRODUCTS LLC","BEHAVIORAL SAFETY PRODUCTS LLC","ROXBOROUGH MEMORIAL HOSPITAL","Repairs & Maintenance","","Kristi Toy","GERO PSYCH PATIENT FAUCETS","FWKD0172229","12-09-2020 11:45:24","","ENG","84600","662500","","03-09-2021 16:25:50","bcervantes@phsi.us","","$0.00"
"FPO0014277","Received","728025842","2010048","$1,125.00","DMC ASSOCIATES INC LAND SURVEY","DMC ASSOCIATES INC LAND SURVEY","ROXBOROUGH MEMORIAL HOSPITAL","Repairs & Maintenance","","Kristi Toy","LAND SURVEY PER REGIONAL DIRECTOR ","","12-09-2020 11:43:24","","ENG","84600","662500","","03-09-2021 16:25:31","bcervantes@phsi.us","","$0.00"
"FPO0014209","Received","728025814","129687","$408.00","ELLIOTT LEWIS CORPORATION","ELLIOTT LEWIS","ROXBOROUGH MEMORIAL HOSPITAL","Repairs & Maintenance","","Kristi Toy","LIEBERT UNIT HUMIDITY ALARM ","","12-08-2020 10:12:13","","ENG","84600","662500","","03-09-2021 16:27:05","bcervantes@phsi.us","","$0.00"
"FPO0014207","Received","728025810","","$179.68","LABOV SUPPLY CO INC","LABOV SUPPLY CO INC THE","ROXBOROUGH MEMORIAL HOSPITAL","Repairs & Maintenance","","Kristi Toy","CHECK VALVE - EMERGENCY AS1","","12-08-2020 10:02:41","","ENG","84600","662500","","03-09-2021 16:25:23","bcervantes@phsi.us","","$0.00"
"FPO0014206","Received","728025812","179282","$2,137.50","QUIP LABORATORIES INC","QUIP LABORATORIES","ROXBOROUGH MEMORIAL HOSPITAL","Repairs & Maintenance","","Kristi Toy","HALOMIST DISINFECTANT FOR COVID 19 ","","12-08-2020 09:37:50","","ENG","87906","662500","","03-09-2021 16:27:23","bcervantes@phsi.us","","$0.00"
"FPO0014205","Received","728025811","","$1,055.00","SECURITAS HEALTHCARE LLC","SECURITAS HEALTHCARE LLC","ROXBOROUGH MEMORIAL HOSPITAL","Repairs & Maintenance","","Kristi Toy","NURSING CALL BELL SYSTEM PER KELLY CUMMINGS - CALL BELL SYSTEM REVERSE","","12-08-2020 09:23:21","","ENG","84600","662500","","08-30-2022 08:26:34","system","","$0.00"
"FPO0014202","Approved-PO Issued","728025813","1003528831","$12,651.25","CLEAN HARBORS ENV SERVICES","CLEAN HARBORS ENV SERVICES","ROXBOROUGH MEMORIAL HOSPITAL","Purchased Services/Service Agreements","","Kristi Toy","WASTE REMOVAL - NOVEMBER 2020","","12-08-2020 08:32:33","","ENG","84400","669500","","10-18-2024 08:10:20","system","","$0.00"
"FPO0014179","Received","728025796","","$209.00","HILTI INC","HILTI INC","ROXBOROUGH MEMORIAL HOSPITAL","Repairs & Maintenance","","Kristi Toy","12V DRILL DRIVER, BATTERY, CHARGER","","12-07-2020 13:54:00","","ENG","84600","662500","","12-08-2022 10:04:22","system","","$0.00"
"FPO0014158","Received","728025799","3938109","$3,364.25","GOLD MEDAL ENVIRONMENTAL OF P","GOLD MEDAL ENVIRONMENTAL OF P","ROXBOROUGH MEMORIAL HOSPITAL","Repairs & Maintenance","","Kristi Toy","TRASH REMOVAL - NOVEMBER 2020 ","","12-07-2020 07:37:56","","ENG","84400","662500","","03-09-2021 16:26:47","bcervantes@phsi.us","","$0.00"
"FPO0014128","Received","728025778","56009","$2,653.00","RAMM","RAMM INC","ROXBOROUGH MEMORIAL HOSPITAL","Repairs & Maintenance","","Kristi Toy","STERILIZER STEAM LEAK REPAIR ","","12-04-2020 10:17:57","","ENG","84600","662500","","03-09-2021 16:26:41","bcervantes@phsi.us","","$0.00"
"FPO0014127","Received","728025770","48619","$776.25","CM3 BUILDING SOLUTIONS INC","CM3 BUILDING SOLUTIONS INC","ROXBOROUGH MEMORIAL HOSPITAL","Repairs & Maintenance","","Kristi Toy","CAMERA SERVICE - SERVER CONNECTION ISSUES ","","12-04-2020 10:09:40","","ENG","84200","662500","","03-09-2021 16:24:50","bcervantes@phsi.us","","$0.00"
"FPO0014126","Received","728025769","179152","$1,135.66","QUIP LABORATORIES INC","QUIP LABORATORIES","ROXBOROUGH MEMORIAL HOSPITAL","Repairs & Maintenance","","Kristi Toy","FOGGER REPAIR ","","12-04-2020 10:07:02","","ENG","84400","662500","","03-09-2021 16:27:23","bcervantes@phsi.us","","$0.00"
"FPO0014120","Received","728025772","48477","$607.50","CM3 BUILDING SOLUTIONS INC","CM3 BUILDING SOLUTIONS INC","ROXBOROUGH MEMORIAL HOSPITAL","Repairs & Maintenance","","Kristi Toy","CAMERA INSTALL + CONNECTION TO SERVER WORK ","","12-04-2020 08:31:20","","ENG","84200","662500","","03-09-2021 16:24:50","bcervantes@phsi.us","","$0.00"
"FPO0014119","Received","728025771","","$646.16","LABOV SUPPLY CO INC","LABOV SUPPLY CO INC THE","ROXBOROUGH MEMORIAL HOSPITAL","Repairs & Maintenance","","Kristi Toy","4C PLUMBING FAUCETS AND DRAINS ","","12-04-2020 08:27:16","","ENG","84600","662500","","03-09-2021 16:25:24","bcervantes@phsi.us","","$0.00"
"FPO0014074","Received","728025746","55981","$1,144.00","RAMM","RAMM INC","ROXBOROUGH MEMORIAL HOSPITAL","Repairs & Maintenance","","Kristi Toy","AC3 NOT RUNNING - RETURN FAN INTERLOCK TIED TO SF VFD","","12-03-2020 07:49:11","","ENG","84600","662500","","03-09-2021 16:26:40","bcervantes@phsi.us","","$0.00"
"FPO0014061","Received","728025731","0906100364","$1,969.00","STANLEY ACCESS TECH","STANLEY ACCESS TECH","ROXBOROUGH MEMORIAL HOSPITAL","Repairs & Maintenance","","Kristi Toy","EMERGENCY SERVICE - EMERGENCY DEPARTMENT DOORS NOT OPENING OR CLOSING ","","12-02-2020 14:34:47","","ENG","84600","662500","","03-09-2021 16:26:33","bcervantes@phsi.us","","$0.00"
"FPO0014041","Received","728025717","120120","$475.00","APEX SERVICES INC","APEX SERVICES INC","ROXBOROUGH MEMORIAL HOSPITAL","Repairs & Maintenance","","Kristi Toy","JAMESTOWN PARKING LOT DAMAGED FENCE REPLACEMENT ","","12-02-2020 07:59:45","","ENG","84600","662500","","03-09-2021 16:25:21","bcervantes@phsi.us","","$0.00"
"FPO0013961","Received","728025672","0136359","$2,776.74","MARK COSTELLO CO","MARK COSTELLO CO","ROXBOROUGH MEMORIAL HOSPITAL","Repairs & Maintenance","","Kristi Toy","STERILIZER PARTS FOR RAMM REPAIR - EMERGENCY SHIPMENT ","","11-30-2020 11:25:26","","ENG","84600","662500","","04-18-2023 14:53:33","system","","$0.00"
"FPO0013958","Received","728025716","71, 70","$2,760.00","PW BIG BOY CLEANING SERVICE","PW BIG BOY CLEANING SERVICE","ROXBOROUGH MEMORIAL HOSPITAL","Repairs & Maintenance","","Kristi Toy","DAILY CLEANING SERVICES + SCRUB AND WAX ","","11-30-2020 10:58:48","","ENG","70830","662500","","03-09-2021 16:25:12","bcervantes@phsi.us","","$0.00"
"FPO0013954","Received","728025653","55930","$572.00","RAMM","RAMM INC","ROXBOROUGH MEMORIAL HOSPITAL","Repairs & Maintenance","","Kristi Toy","laundry area pipe leak ","FWKD0152193","11-30-2020 10:22:28","","ENG","83500","662500","","03-09-2021 16:26:40","bcervantes@phsi.us","","$0.00"
"FPO0013945","Received","728025655","178460","$1,710.00","QUIP LABORATORIES INC","QUIP LABORATORIES","ROXBOROUGH MEMORIAL HOSPITAL","Repairs & Maintenance","","Kristi Toy","HALOMIST DISINFECTANT ","","11-30-2020 08:40:07","","ENG","87906","662500","","03-09-2021 16:27:23","bcervantes@phsi.us","","$0.00"
"FPO0013944","Received","728025659","87092","$1,490.16","CHADWICK SERVICE CO","CHADWICK SERVICE CO","ROXBOROUGH MEMORIAL HOSPITAL","Repairs & Maintenance","","Kristi Toy","SERVICE REPAIR QUINCY AIR COMPRESSOR - OIL LOSS","","11-30-2020 08:34:24","","ENG","84600","662500","","07-24-2024 07:37:39","system","","$0.00"
"FPO0013943","Received","728025673","55931","$4,190.00","RAMM","RAMM INC","ROXBOROUGH MEMORIAL HOSPITAL","Repairs & Maintenance","","Kristi Toy","SCHOOL OF NURSING VALVE LEAKING - CONENSATE LOW PRESSURE ON STEAM LINE ","","11-30-2020 08:30:44","","ENG","84600","662500","","03-09-2021 16:26:40","bcervantes@phsi.us","","$0.00"
"FPO0013942","Received","728025654","55892","$1,358.50","RAMM","RAMM INC","ROXBOROUGH MEMORIAL HOSPITAL","Repairs & Maintenance","","Kristi Toy","CHILLER 3 WORK WITH SIEMENS","","11-30-2020 08:28:12","","ENG","84600","662500","","03-09-2021 16:26:40","bcervantes@phsi.us","","$0.00"
"FPO0013941","Received","728025660","PA061983","$975.00","CK ROOFING & SIDING CO   INC","CK ROOFING & SIDING CO   INC","ROXBOROUGH MEMORIAL HOSPITAL","Repairs & Maintenance","","Kristi Toy","FRONT HOSPITAL BUILDING ROOF REPAIRS","","11-30-2020 08:21:57","","ENG","84600","662500","","03-09-2021 16:25:30","bcervantes@phsi.us","","$0.00"
"FPO0013940","Received","728025651","","$620.00","SIEMENS BUILDING TECHNOLOG","SIEMENS BUILDING TECHNOLOG","ROXBOROUGH MEMORIAL HOSPITAL","Repairs & Maintenance","","Kristi Toy","AC 1 DAMPER SERVICE","","11-30-2020 07:57:46","","ENG","84600","662500","","03-09-2021 16:25:45","bcervantes@phsi.us","","$0.00"
"FPO0013939","Received","728025652","","$1,674.00","SIEMENS BUILDING TECHNOLOG","SIEMENS BUILDING TECHNOLOG","ROXBOROUGH MEMORIAL HOSPITAL","Repairs & Maintenance","","Kristi Toy","CHILLER SERVICE WITH RAMM AND SMARTD ","","11-30-2020 07:51:36","","ENG","84600","662500","","03-09-2021 16:25:45","bcervantes@phsi.us","","$0.00"
"FPO0013697","Received","728025620","","$960.90","GENERAL AIRE SYSTEMS INC","GENERAL AIRE SYSTEMS INC","ROXBOROUGH MEMORIAL HOSPITAL","Repairs & Maintenance","","Kristi Toy","HVAC FILTER REPLACEMENT ORDER","","11-18-2020 07:14:38","","ENG","84600","662500","","03-09-2021 16:24:38","bcervantes@phsi.us","","$0.00"
"FPO0013673","Received","728025496","1010270729","$12.50","STERICYCLE INC","STERICYCLE INC 9001590","ROXBOROUGH MEMORIAL HOSPITAL","Repairs & Maintenance","","Kristi Toy","SHARPS REMOVAL HOSPITAL","","11-17-2020 13:38:17","","ENG","84400","662500","","03-09-2021 16:24:35","bcervantes@phsi.us","","$0.00"
"FPO0013672","Received","728025497","1010279083","$87.73","STERICYCLE INC","STERICYCLE INC 9001590","ROXBOROUGH MEMORIAL HOSPITAL","Repairs & Maintenance","","Kristi Toy","SHARPS REMOVAL - URGENT CARE","","11-17-2020 13:36:15","","ENG","70830","662500","","03-09-2021 16:24:35","bcervantes@phsi.us","","$0.00"
"FPO0013654","Received","728025493","S1480689.001","$119.40","LABOV SUPPLY CO INC","LABOV SUPPLY CO INC THE","ROXBOROUGH MEMORIAL HOSPITAL","Repairs & Maintenance","","Kristi Toy","PLUMBING/TOILET SUPPLIES - 4C","","11-17-2020 07:50:36","","ENG","84600","662500","","03-09-2021 16:25:24","bcervantes@phsi.us","","$0.00"
"FPO0013653","Received","728025486","","$1,292.49","MARK COSTELLO CO","MARK COSTELLO CO","ROXBOROUGH MEMORIAL HOSPITAL","Repairs & Maintenance","","Kristi Toy","STERILIZER MAINTENANCE PARTS - HIGH PRIORITY ","","11-17-2020 07:09:31","","ENG","84600","662500","","04-18-2023 14:59:02","system","","$0.00"
"FPO0013611","Received","728025467","","$195.06","GRAINGER","GRAINGER WW INC 860641950","ROXBOROUGH MEMORIAL HOSPITAL","Repairs & Maintenance","Status: Delivered
Delivery Details:
>City/State: Philadelphia, PA
>Date: 2020-11-18
>Signature Name: Signature on File
>Delivery location: null","Kristi Toy","HEATING CABLES FOR STERILIZER ","","11-16-2020 10:12:10","","ENG","84600","662500","","03-09-2021 16:24:58","bcervantes@phsi.us","Delivered","$0.00"
"FPO0013609","Received","728025471","0906087805","$202.00","STANLEY ACCESS TECH","STANLEY ACCESS TECH","ROXBOROUGH MEMORIAL HOSPITAL","Repairs & Maintenance","","Kristi Toy","ER SECURITY DOOR NOT LATCHING ","FWKD0161713","11-16-2020 10:04:18","","ENG","84600","662500","","03-09-2021 16:26:33","bcervantes@phsi.us","","$0.00"
"FPO0013607","Received","728025470","0906046299","$202.00","STANLEY ACCESS TECH","STANLEY ACCESS TECH","ROXBOROUGH MEMORIAL HOSPITAL","Repairs & Maintenance","","Kristi Toy","RAD DOOR SLAMMING - SERVICE ","FWKD0152101","11-16-2020 09:34:09","","ENG","84600","662500","","03-09-2021 16:26:33","bcervantes@phsi.us","","$0.00"
"FPO0013598","Received","728025468","","$108.96","GRAINGER","GRAINGER WW INC 860641950","ROXBOROUGH MEMORIAL HOSPITAL","Repairs & Maintenance","","Kristi Toy","SHOWER HEAD 4CENTER RE-OPENING - COVID PREP","","11-16-2020 08:16:04","","ENG","87906","662500","","04-05-2021 10:27:54","ktoy@phsi.us","","$0.00"
"FPO0013529","Received","728025415","","$520.00","ICP MEDICAL LLC","ICP MEDICAL LLC","ROXBOROUGH MEMORIAL HOSPITAL","Repairs & Maintenance","","Kristi Toy","PRIVACY CURTAINS - ER ","","11-12-2020 11:29:16","","ENG","84400","662500","","08-25-2022 13:37:39","system","","$0.00"
"FPO0013517","Received","728025416","","$568.31","GRAINGER","GRAINGER WW INC 860641950","ROXBOROUGH MEMORIAL HOSPITAL","Repairs & Maintenance","236361370450868
Status: Delivered
>Date: 2020-11-13
>City/State: Philadelphia, PA
>Signature Name: Signature on File

 236361370450899
Status: Delivered
>Date: 2020-11-13
>City/State: Philadelphia, PA
>Signature Name: Signature on File

","Kristi Toy","BLOODBORNE PATHOGEN KITS - LAB, OR, PACU, SDS, 2T, CTI, CT2, NUC MED, CATH LAB, ER, ICU, GERO, PCU, 4C, WOUNDCARE, OP ","","11-12-2020 10:20:21","","ENG","84400","662500","","04-06-2023 15:22:42","system","Delivered","$0.00"
"FPO0013467","Received","728025394","1010271426","$1,482.95","STERICYCLE INC","STERICYCLE INC 9001590","ROXBOROUGH MEMORIAL HOSPITAL","Repairs & Maintenance","","Kristi Toy","HOSPITAL SHARPS REMOVAL OCTOBER ","","11-11-2020 08:49:42","","ENG","84400","662500","","03-09-2021 16:24:35","bcervantes@phsi.us","","$0.00"
"FPO0013466","Received","728025395","128356","$680.00","ELLIOTT LEWIS CORPORATION","ELLIOTT LEWIS","ROXBOROUGH MEMORIAL HOSPITAL","Repairs & Maintenance","","Kristi Toy","SERVICE FOR DUCTLESS SPLIT SYSTEM - SANYO UNIT - BILL RICE OFFICE ","","11-11-2020 08:37:11","","ENG","84600","662500","","12-04-2024 14:38:49","system","","$0.00"
"FPO0013465","Received","728025393","200546","$1,250.00","CLARK SERVICES GROUP  LLC","CLARK SERVICES GROUP LLC","ROXBOROUGH MEMORIAL HOSPITAL","Repairs & Maintenance","","Kristi Toy","Q4 KITCHEN HOOD AND DUCT SYSTEM CLEANING - NO CONTRACT ","","11-11-2020 08:34:56","","ENG","84600","662500","","07-08-2021 12:43:53","system","","$0.00"
"FPO0013382","Received","728025274","55843","$6,832.00","RAMM","RAMM INC","ROXBOROUGH MEMORIAL HOSPITAL","Repairs & Maintenance","","Kristi Toy","CHILLED WATER PUMP 1 & 3 REPAIR","FWKD0159939","11-09-2020 07:39:35","","ENG","84500","662500","","03-09-2021 16:26:40","bcervantes@phsi.us","","$0.00"
"FPO0013321","Received","728025241","32033","$456.25","MAJOR MEDICAL HOSPITAL SVCS","MAJOR MEDICAL HOSPITAL SVCS","ROXBOROUGH MEMORIAL HOSPITAL","Repairs & Maintenance","","Kristi Toy","Q4 PREVENTATIVE MAINTENANCE - MEDICAL GAS SYSTEM","","11-06-2020 09:05:17","","ENG","84600","662500","","03-09-2021 16:25:36","bcervantes@phsi.us","","$0.00"
"FPO0013249","Received","728025194","14285","$895.00","TOWN COMMUNICATIONS","TOWN COMMUNICATIONS CORP","ROXBOROUGH MEMORIAL HOSPITAL","Repairs & Maintenance","","Kristi Toy","SECURITY MOTOROLA REPEATER SERVICE REPAIR","","11-04-2020 12:05:18","","ENG","84200","662500","","03-09-2021 16:27:18","bcervantes@phsi.us","","$0.00"
"FPO0013248","Received","728025195","178836","$2,137.50","QUIP LABORATORIES INC","QUIP LABORATORIES","ROXBOROUGH MEMORIAL HOSPITAL","Repairs & Maintenance","","Kristi Toy","HALMIST DISINFECTANT - COVID 19 ","","11-04-2020 11:55:28","","ENG","87906","662500","","03-09-2021 16:27:23","bcervantes@phsi.us","","$0.00"
"FPO0013247","Received","728025273","GPH77440047","$159.95","GTO GREASE TRAP SERVICES","GTO GREASE TRAP SERVICES","ROXBOROUGH MEMORIAL HOSPITAL","Repairs & Maintenance","","Kristi Toy","GTO SERVICES","","11-04-2020 10:31:40","","ENG","84600","662500","","03-09-2021 16:24:04","bcervantes@phsi.us","","$0.00"
"FPO0013246","Received","728025185","","$146.10","GRAINGER","GRAINGER WW INC 860641950","ROXBOROUGH MEMORIAL HOSPITAL","Repairs & Maintenance","236361370392458
Status: Delivered
>Date: 2020-11-05
>City/State: Philadelphia, PA
>Signature Name: Signature on File

 236361370392472
Status: Delivered
>Date: 2020-11-05
>City/State: Philadelphia, PA
>Signature Name: Signature on File

","Kristi Toy","MAINTENANCE STOCK ","","11-04-2020 10:16:06","","ENG","84600","662500","","03-09-2021 16:24:57","bcervantes@phsi.us","Delivered","$0.00"
"FPO0013240","Received","728025197","3890394","$3,065.00","GOLD MEDAL ENVIRONMENTAL OF P","GOLD MEDAL ENVIRONMENTAL OF P","ROXBOROUGH MEMORIAL HOSPITAL","Repairs & Maintenance","","Kristi Toy","HOSPITAL WASTE REMOVAL OCTOBER","","11-04-2020 07:15:20","","ENG","84400","662500","","03-09-2021 16:26:47","bcervantes@phsi.us","","$0.00"
"FPO0013203","Received","728025149","","$100.68","GRAINGER","GRAINGER WW INC 860641950","ROXBOROUGH MEMORIAL HOSPITAL","Repairs & Maintenance","Status: Delivered
Delivery Details:
>City/State: Philadelphia, PA
>Date: 2020-11-04
>Signature Name: Signature on File
>Delivery location: null","Kristi Toy","BATTERY STOCK ","","11-03-2020 10:01:07","","ENG","84600","662500","","03-09-2021 16:24:57","bcervantes@phsi.us","Delivered","$0.00"
"FPO0013058","Received","728025082","504","$535.24","DARREN DANILOWICZ REFRIGERATIO","DARREN DANILOWICZ REFRIGERATIO","ROXBOROUGH MEMORIAL HOSPITAL","Repairs & Maintenance","","Kristi Toy","pass thru refrigerator service","FWKD0153005","10-29-2020 08:38:43","","ENG","83400","662500","","03-09-2021 16:24:34","bcervantes@phsi.us","","$0.00"
"FPO0013057","Received","728025083","","$168.00","NEW PIG  CORP","NEW PIG  CORP","ROXBOROUGH MEMORIAL HOSPITAL","Repairs & Maintenance","","Kristi Toy","LEAK ABSORBENT SOCKS ","","10-29-2020 08:16:37","","ENG","84600","662500","","03-09-2021 16:24:36","bcervantes@phsi.us","","$0.00"
"FPO0013053","Received","728025066","","$2,400.00","KLENZOID INC","KLENZOID INC","ROXBOROUGH MEMORIAL HOSPITAL","Purchased Services/Service Agreements","","Kristi Toy","SPD  R/O & DI SYSTEM - ULTRAPURE WATER SYSTEM QUARTERLY INSPECTIONS ","","10-29-2020 07:40:22","","ENG","84600","669500","","03-12-2024 14:26:52","system","","$0.00"
"FPO0012955","Received","728025009","","$27.07","GRAINGER","GRAINGER WW INC 860641950","ROXBOROUGH MEMORIAL HOSPITAL","Repairs & Maintenance","Status: Delivered
Delivery Details:
>City/State: Philadelphia, PA
>Date: 2020-10-27
>Signature Name: Signature on File
>Delivery location: null","Kristi Toy","MANUAL CUTTING ACTION ","","10-26-2020 14:37:08","","ENG","84600","662500","","03-09-2021 16:24:57","bcervantes@phsi.us","Delivered","$0.00"
"FPO0012947","Received","728025002","","$7.16","GRAINGER","GRAINGER WW INC 860641950","ROXBOROUGH MEMORIAL HOSPITAL","Repairs & Maintenance","Status: Delivered
Delivery Details:
>City/State: Philadelphia, PA
>Date: 2020-10-27
>Signature Name: Signature on File
>Delivery location: null","Kristi Toy","4 way stem key ","","10-26-2020 11:45:10","","ENG","84600","662500","","09-10-2021 12:10:06","system","Delivered","$0.00"
"FPO0012939","Received","728025003","69","$2,135.00","PW BIG BOY CLEANING SERVICE","PW BIG BOY CLEANING SERVICE","ROXBOROUGH MEMORIAL HOSPITAL","Repairs & Maintenance","","Kristi Toy","DAILY CLEANING URGENT CARE - OCTOBER","","10-26-2020 08:47:29","","ENG","70830","662500","","03-09-2021 16:25:12","bcervantes@phsi.us","","$0.00"
"FPO0012938","Received","728024997","","$520.00","ICP MEDICAL LLC","ICP MEDICAL LLC","ROXBOROUGH MEMORIAL HOSPITAL","Repairs & Maintenance","","Kristi Toy","ER CURTAINS ","","10-26-2020 08:11:35","","ENG","84400","662500","","03-09-2021 16:24:32","bcervantes@phsi.us","","$0.00"
"FPO0012846","Received","728024951","","$473.08","LABOV SUPPLY CO INC","LABOV SUPPLY CO INC THE","ROXBOROUGH MEMORIAL HOSPITAL","Repairs & Maintenance","","Kristi Toy","PLUMBING TOILET STOCK","","10-22-2020 10:47:20","","ENG","84600","662500","","03-09-2021 16:25:24","bcervantes@phsi.us","","$0.00"
"FPO0012761","Received","728024933","S1479442","$32.30","LABOV SUPPLY CO INC","LABOV SUPPLY CO INC THE","ROXBOROUGH MEMORIAL HOSPITAL","Repairs & Maintenance","","Kristi Toy","PROPRESS BALL VALVE PLUMBING PART ","","10-21-2020 09:52:12","","ENG","84600","662500","","03-09-2021 16:25:23","bcervantes@phsi.us","","$0.00"
"FPO0012759","Received","728024932","1003455544","$1,574.39","CLEAN HARBORS ENV SERVICES","CLEAN HARBORS ENV SERVICES","ROXBOROUGH MEMORIAL HOSPITAL","Repairs & Maintenance","","Kristi Toy","PHARMACY WASTE REMOVAL SEPTEMBER","","10-21-2020 09:44:10","","ENG","84400","662500","","09-17-2021 11:27:42","system","","$0.00"
"FPO0012697","Received","728024931","","$178.00","CONSTRUCTION HARDWARE INC","CONSTRUCTION HARDWARE  INC","ROXBOROUGH MEMORIAL HOSPITAL","Repairs & Maintenance","","Kristi Toy","MAINTENANCE KEY BLANKS ","","10-20-2020 10:22:46","","ENG","84600","662500","","03-09-2021 16:26:14","bcervantes@phsi.us","","$0.00"
"FPO0012691","Received","728024904","87158509","$44.00","JOHNSON CONTROLS FIRE PROTECT","JOHNSON CONTROLS FIRE PROTECT","ROXBOROUGH MEMORIAL HOSPITAL","Repairs & Maintenance","","Kristi Toy","HALON SYSTEM BATTERY REPLACEMENT FROM INSPECTION ","","10-20-2020 08:42:53","","ENG","84600","662500","","03-09-2021 16:26:13","bcervantes@phsi.us","","$0.00"
"FPO0012641","Received","728024878","","$7,019.00","ELLIOTT LEWIS CORPORATION","ELLIOTT LEWIS","ROXBOROUGH MEMORIAL HOSPITAL","Purchased Services/Service Agreements","","Kristi Toy","IT LIEBERT UNIT CONTRACT RENEWEL -  12/1/2020 START","","10-19-2020 11:04:17","","ENG","84600","669500","","12-06-2021 14:55:09","system","","$0.00"
"FPO0012639","Received","728024871","1010204826","$175.45","STERICYCLE INC","STERICYCLE INC 9001590","ROXBOROUGH MEMORIAL HOSPITAL","Repairs & Maintenance","","Kristi Toy","SHARPS WASTE REMOVAL SEPTEMBER - URGENT CARE ","","10-19-2020 10:29:10","","ENG","70830","662500","","03-09-2021 16:24:35","bcervantes@phsi.us","","$0.00"
"FPO0012638","Received","728024870","4616413680","$232.45","HILTI INC","HILTI INC","ROXBOROUGH MEMORIAL HOSPITAL","Repairs & Maintenance","","Kristi Toy","FIRESTOP SPEED SLEEVE","","10-19-2020 10:27:24","","ENG","84600","662500","","03-09-2021 16:27:20","bcervantes@phsi.us","","$0.00"
"FPO0012634","Received","728024872","1010196573-95889","$1,533.19","STERICYCLE INC","STERICYCLE INC 9001590","ROXBOROUGH MEMORIAL HOSPITAL","Repairs & Maintenance","","Kristi Toy","SHARPS WASTE REMOVAL SEPTEMBER ","","10-19-2020 10:12:57","","ENG","84400","662500","","03-09-2021 16:24:35","bcervantes@phsi.us","","$0.00"
"FPO0012627","Received","728024863","","$637.00","ARTIC ICE & CHEMICAL","ARTIC ICE & CHEMICAL INC","ROXBOROUGH MEMORIAL HOSPITAL","Repairs & Maintenance","","Kristi Toy","SOLAR SALT STOCK","","10-19-2020 07:29:09","","ENG","84600","662500","","03-09-2021 16:26:36","bcervantes@phsi.us","","$0.00"
"FPO0012557","Received","728024823","","$240.00","GRAPHIC PRODUCTS INC","GRAPHIC PRODUCTS INC","ROXBOROUGH MEMORIAL HOSPITAL","Repairs & Maintenance","","Kristi Toy","SOCIAL DISTANCING SIGNAGE","","10-16-2020 08:43:17","","ENG","87906","662500","","03-09-2021 16:25:45","bcervantes@phsi.us","","$0.00"
"FPO0012468","Received","728024798","31908","$875.00","MAJOR MEDICAL HOSPITAL SVCS","MAJOR MEDICAL HOSPITAL SVCS","ROXBOROUGH MEMORIAL HOSPITAL","Repairs & Maintenance","","Kristi Toy","O2 LEAK FROM BED 212A","FWKD0146670","10-14-2020 07:43:09","","ENG","84600","662500","","03-09-2021 16:25:36","bcervantes@phsi.us","","$0.00"
"FPO0012467","Received","728024822","","$367.59","SHERWIN WILLIAMS CO INC","SHERWIN WILLIAMS CO INC","ROXBOROUGH MEMORIAL HOSPITAL","Repairs & Maintenance","","Kristi Toy","PAINT AND SUPPLY STOCK","","10-14-2020 07:42:31","","ENG","84600","662500","","03-09-2021 16:27:01","bcervantes@phsi.us","","$0.00"
"FPO0012466","Received","728024800","55724","$572.00","RAMM","RAMM INC","ROXBOROUGH MEMORIAL HOSPITAL","Repairs & Maintenance","","Kristi Toy","CHILLED WATER PUMP 3 ","","10-14-2020 07:39:37","","ENG","84600","662500","","03-09-2021 16:26:40","bcervantes@phsi.us","","$0.00"
"FPO0012463","Received","728024799","55723","$286.00","RAMM","RAMM INC","ROXBOROUGH MEMORIAL HOSPITAL","Repairs & Maintenance","","Kristi Toy","PHYSICAL THERAPY CHILLED WATER COIL CLEANING ","","10-14-2020 07:30:08","","ENG","84600","662500","","03-09-2021 16:26:40","bcervantes@phsi.us","","$0.00"
"FPO0012261","Received","728024777","GPH743247","$258.95","GTO GREASE TRAP SERVICES","GTO GREASE TRAP SERVICES","ROXBOROUGH MEMORIAL HOSPITAL","Repairs & Maintenance","","Kristi Toy","GREASE TRAP SERVICES SEPTEMBER","","10-08-2020 07:12:15","","ENG","84600","662500","","03-09-2021 16:24:05","bcervantes@phsi.us","","$0.00"
"FPO0012215","Received","728024778","","$646.50","KB LIGHTING MFG CO INC","KB LIGHTING MFG CO  INC","ROXBOROUGH MEMORIAL HOSPITAL","Repairs & Maintenance","","Kristi Toy","LIGHTING MATERIAL FOR SDS, GERO, AND STOCK ","","10-07-2020 07:46:11","","ENG","84600","662500","","03-22-2024 14:22:23","system","","$0.00"
"FPO0012185","Received","728024645","3829293","$2,373.25","GOLD MEDAL ENVIRONMENTAL OF P","GOLD MEDAL ENVIRONMENTAL OF P","ROXBOROUGH MEMORIAL HOSPITAL","Repairs & Maintenance","","Kristi Toy","TRASH REMOVAL SEPTEMBER","","10-06-2020 09:32:53","","ENG","84400","662500","","03-09-2021 16:26:47","bcervantes@phsi.us","","$0.00"
"FPO0012094","Received","728024607","81390","$918.50","AIR LINK INTERNATIONAL","AIR LINK INTERNATIONAL","ROXBOROUGH MEMORIAL HOSPITAL","Repairs & Maintenance","","Kristi Toy","LAB TUBE BUZZER SYSTEM SERVICE AND MATERIAL ","FWKD0096825","10-02-2020 10:56:59","","ENG","84600","662500","","09-13-2024 09:26:10","system","","$0.00"
"FPO0012092","Received","728024644","1286887","$152.50","PAC INDUSTRIES INC","PAC INDUSTRIES INC","ROXBOROUGH MEMORIAL HOSPITAL","Repairs & Maintenance","","Kristi Toy","SERVICE ON WASHER","","10-02-2020 10:52:45","","ENG","83500","662500","","12-04-2024 12:27:47","system","","$0.00"
"FPO0012090","Received","728024606","15401","$1,031.88","LIMA COMPANY","LIMA COMPANY","ROXBOROUGH MEMORIAL HOSPITAL","Repairs & Maintenance","","Kristi Toy","EMERGENCY SERVICE - IT DEPARTMENT DRAIN CLOGGED ","","10-02-2020 10:51:01","","ENG","84600","662500","","03-09-2021 16:24:35","bcervantes@phsi.us","","$0.00"
"FPO0012052","Canceled","","GPH742612","$258.95","GTO GREASE TRAP SERVICES","GTO GREASE TRAP SERVICES","ROXBOROUGH MEMORIAL HOSPITAL","Repairs & Maintenance","","Kristi Toy","GREASE TRAP SERVICE SEPTEMBER","","10-01-2020 10:32:59","","ENG","84600","662500","","03-09-2021 16:24:05","bcervantes@phsi.us","","$0.00"
"FPO0012011","Received","728024561","","$1,674.00","SIEMENS INDUSTRY INC","SIEMENS BUILDING TECHNOLOGIES","ROXBOROUGH MEMORIAL HOSPITAL","Repairs & Maintenance","","Kristi Toy","LABOR SPECIALIST CHILLER WORK WITH RAMM SERVICES ","","09-30-2020 12:23:30","","ENG","84600","662500","","03-09-2021 16:24:09","bcervantes@phsi.us","","$0.00"
"FPO0012009","Received","728024563","","$4,349.50","JOHNSON CONTROLS FIRE PROTECT","JOHNSON CONTROLS FIRE PROTECT","ROXBOROUGH MEMORIAL HOSPITAL","Repairs & Maintenance","","Kristi Toy","QUARTER 3 SPRINKLER INSPECTION REPAIRS AND MATERIAL - VALVE CHECK, SPRINKER GAUGE, WATER FLOW SWITCH, FDC CAP, BACK FLOW REPAIR ","","09-30-2020 12:02:08","","ENG","84600","662500","","09-16-2022 10:56:15","system","","$0.00"
"FPO0011928","Received","728024537","","$402.50","AVIDEX INDUSTRIES LLC","AVIDEX","ROXBOROUGH MEMORIAL HOSPITAL","Repairs & Maintenance","","Kristi Toy","ROOM 12 BROKEN TV REPLACEMENT ","FWKD0139316","09-29-2020 08:30:01","","ENG","70100","662500","","03-09-2021 16:23:57","bcervantes@phsi.us","","$0.00"
"FPO0011844","Received","728024534","067","$1,985.00","PW BIG BOY CLEANING SERVICE","PW BIG BOY CLEANING SERVICE","ROXBOROUGH MEMORIAL HOSPITAL","Repairs & Maintenance","","Kristi Toy","URGENT CARE CLEANING SERVICES SEPTEMBER","","09-25-2020 11:56:14","","ENG","70830","662500","","03-09-2021 16:25:12","bcervantes@phsi.us","","$0.00"
"FPO0011801","Received","728024465","54047","$429.00","RAMM","RAMM INC","ROXBOROUGH MEMORIAL HOSPITAL","Repairs & Maintenance","","Kristi Toy","CHILLER PLANT HEATER DOWN ","","09-24-2020 12:52:36","","ENG","84600","662500","","03-09-2021 16:26:40","bcervantes@phsi.us","","$0.00"
"FPO0011678","Received","728024427","","$476.00","SHERWIN WILLIAMS CO INC","SHERWIN WILLIAMS CO INC","ROXBOROUGH MEMORIAL HOSPITAL","Repairs & Maintenance","","Kristi Toy","CEILING TILE STOCK ","","09-22-2020 08:49:38","","ENG","84600","662500","","06-07-2022 11:40:04","system","","$0.00"
"FPO0011675","Received","728024426","","$184.06","DUFF COMPANY","DUFF COMPANY","ROXBOROUGH MEMORIAL HOSPITAL","Repairs & Maintenance","","Kristi Toy","PLUMBING STOCK ","","09-22-2020 07:13:05","","ENG","84600","662500","","03-09-2021 16:25:34","bcervantes@phsi.us","","$0.00"
"FPO0011674","Received","728024413","55512","$286.00","RAMM","RAMM INC","ROXBOROUGH MEMORIAL HOSPITAL","Repairs & Maintenance","","Kristi Toy","PTAC UNIT LEAKING ABOVE WOUNDCARE ","","09-22-2020 07:04:34","","ENG","84600","662500","","03-09-2021 16:26:40","bcervantes@phsi.us","","$0.00"
"FPO0011650","Received","728024391","55494","$1,312.34","RAMM","RAMM INC","ROXBOROUGH MEMORIAL HOSPITAL","Repairs & Maintenance","","Kristi Toy","PHARMACY REHEAT VALVE NOT WORKING - ACTUATOR REPLACED; ICU REHEAT VALVE REPLACEMENT","","09-21-2020 08:17:25","","ENG","84600","662500","","03-09-2021 16:26:40","bcervantes@phsi.us","","$0.00"
"FPO0011602","Received","728024370","","$5,047.00","RAMM","RAMM INC","ROXBOROUGH MEMORIAL HOSPITAL","Repairs & Maintenance","","Kristi Toy","CATH LAB REHEAT PUMP REPAIR - REMOVE MOTOR, INSTALL NEW BEARINGS, REINSTALL MOTOR ","","09-18-2020 09:05:23","","ENG","84600","662500","","03-09-2021 16:26:40","bcervantes@phsi.us","","$0.00"
"FPO0011599","Received","728024368","GPH742612","$258.95","GTO GREASE TRAP SERVICES","GTO GREASE TRAP SERVICES","ROXBOROUGH MEMORIAL HOSPITAL","Repairs & Maintenance","","Kristi Toy","MONTHLY GREASE TRAP SERVICE ","","09-18-2020 08:15:55","","ENG","84600","662500","","03-09-2021 16:24:04","bcervantes@phsi.us","","$0.00"
"FPO0011555","Received","728024347","55466","$286.00","RAMM","RAMM INC","ROXBOROUGH MEMORIAL HOSPITAL","Repairs & Maintenance","","Kristi Toy","ADMINISTRATION NO A/C","","09-17-2020 08:11:51","","ENG","84600","662500","","03-09-2021 16:26:41","bcervantes@phsi.us","","$0.00"
"FPO0011553","Received","728024346","55455","$786.50","RAMM","RAMM INC","ROXBOROUGH MEMORIAL HOSPITAL","Repairs & Maintenance","","Kristi Toy","OR4 HIGH HUMIDITY SERVICE","","09-17-2020 08:03:35","","ENG","84600","662500","","03-09-2021 16:26:40","bcervantes@phsi.us","","$0.00"
"FPO0011510","Received","728024350","1010128642, 1010127960","$1,489.06","STERICYCLE INC","STERICYCLE INC 9001590","ROXBOROUGH MEMORIAL HOSPITAL","Repairs & Maintenance","","Kristi Toy","HOSPITAL SHARP WASTE REMOVAL AUGUST 2020 ","","09-16-2020 10:38:49","","ENG","84400","662500","","03-09-2021 16:24:35","bcervantes@phsi.us","","$0.00"
"FPO0011509","Received","728024349","1010136519","$87.73","STERICYCLE INC","STERICYCLE INC 9001590","ROXBOROUGH MEMORIAL HOSPITAL","Repairs & Maintenance","","Kristi Toy","URGENT CARE SHARP WASTE REMOVAL AUGUST 2020","","09-16-2020 10:36:11","","ENG","70830","662500","","03-09-2021 16:24:35","bcervantes@phsi.us","","$0.00"
"FPO0011508","Received","728024348","340144754","$211.50","ADVANCED DOOR SVC","ADVANCED DOOR SERVICE","ROXBOROUGH MEMORIAL HOSPITAL","Repairs & Maintenance","","Kristi Toy","JAMESTOWN FRONT LOBBY DOOR SERVICE ","","09-16-2020 10:29:37","","ENG","84600","662500","","03-09-2021 16:24:45","bcervantes@phsi.us","","$0.00"
"FPO0011505","Received","728024334","","$573.13","LABOV SUPPLY CO INC","LABOV SUPPLY CO INC THE","ROXBOROUGH MEMORIAL HOSPITAL","Repairs & Maintenance","","Kristi Toy","PLUMBING STOCK ITEMS + MOB TOILET ","","09-16-2020 09:51:47","","ENG","84600","662500","","03-09-2021 16:25:24","bcervantes@phsi.us","","$0.00"
"FPO0011499","Received","728024333","","$183.96","MCDONALD UNIFORM CO","MCDONALD UNIFORM CO","ROXBOROUGH MEMORIAL HOSPITAL","Repairs & Maintenance","","Kristi Toy","NEW EMPLOYEE UNIFORMS","","09-16-2020 08:03:21","","ENG","84200","662500","","03-09-2021 16:25:45","bcervantes@phsi.us","","$0.00"
"FPO0011389","Received","728024261","","$3,250.00","ELECTRONIC SECURITY SOLUTIONS","ELECTRONIC SECURITY SOLUTIONS","ROXBOROUGH MEMORIAL HOSPITAL","Purchased Services/Service Agreements","","Kristi Toy","FIRE ALARM INSPECTION CONTRACT 2020 ANNUAL ","","09-11-2020 15:01:42","","ENG","70830","669500","","07-13-2021 14:02:16","system","","$0.00"
"FPO0011347","Received","728024240","","$414.50","SIEMENS INDUSTRY INC","SIEMENS BUILDING TECHNOLOGIES","ROXBOROUGH MEMORIAL HOSPITAL","Repairs & Maintenance","","Kristi Toy","REHEAT VALVE BODY REPLACEMENT ","","09-11-2020 08:17:36","","ENG","84600","662500","","03-09-2021 16:24:09","bcervantes@phsi.us","","$0.00"
"FPO0011343","Received","728024241","501","$212.50","DARREN DANILOWICZ REFRIGERATIO","DARREN DANILOWICZ REFRIGERATIO","ROXBOROUGH MEMORIAL HOSPITAL","Repairs & Maintenance","","Kristi Toy","DIETARY - WALK IN FREEZER NOT COOLING ","","09-11-2020 07:08:55","","ENG","84600","662500","","03-09-2021 16:24:34","bcervantes@phsi.us","","$0.00"
"FPO0011318","Received","728024223","96833","$2,304.00","PURE WATER TECHNOLOGY OF CENTR","PURE WATER TECHNOLOGY OF CENTE","ROXBOROUGH MEMORIAL HOSPITAL","Repairs & Maintenance","","Kristi Toy","MONTHLY WATER UNIT RENTAL - 10 UNITS - AUGUST 2020","","09-10-2020 10:28:07","","ENG","84600","662500","","07-09-2024 14:05:14","system","","$0.00"
"FPO0011317","Received","728024222","","$151.10","TAGUE LUMBER INC","TAGUE LUMBER","ROXBOROUGH MEMORIAL HOSPITAL","Repairs & Maintenance","","Kristi Toy","SUITE 106 PROJECT - DRY WALL AND MATERIAL ","","09-10-2020 10:17:28","","ENG","84600","662500","","12-18-2024 09:42:23","system","","$0.00"
"FPO0011292","Received","728024209","55377","$1,035.75","RAMM","RAMM INC","ROXBOROUGH MEMORIAL HOSPITAL","Repairs & Maintenance","","Kristi Toy","PATIENT ROOM PNEUMATIC VALVE ISSUES ","FWKD0098438","09-09-2020 15:03:50","","ENG","60100","662500","","03-09-2021 16:26:40","bcervantes@phsi.us","","$0.00"
"FPO0011284","Received","728024208","","$852.71","DELVAL EQUIPMENT","DELVAL EQUIPMENT CORP","ROXBOROUGH MEMORIAL HOSPITAL","Repairs & Maintenance","","Kristi Toy","BOILER ROOM ANNUAL ROUTINE MAINTENANCE MATERIAL ","","09-09-2020 13:26:53","","ENG","84600","662500","","03-09-2021 16:26:44","bcervantes@phsi.us","","$0.00"
"FPO0011276","Received","728024211","125646","$550.26","ELLIOTT LEWIS CORPORATION","ELLIOTT LEWIS","ROXBOROUGH MEMORIAL HOSPITAL","Repairs & Maintenance","","Kristi Toy","2000083616 - DUCTLESS SPLIT UNIT CLEANING ","","09-09-2020 11:52:10","","ENG","84600","662500","","03-09-2021 16:27:05","bcervantes@phsi.us","","$0.00"
"FPO0011185","Received","728024144","14572","$390.00","LIMA COMPANY","LIMA COMPANY","ROXBOROUGH MEMORIAL HOSPITAL","Repairs & Maintenance","","Kristi Toy","IT DEPARTMENT DRAIN PLUMBING WORK ","","09-04-2020 08:16:55","","ENG","84600","662500","","03-09-2021 16:24:35","bcervantes@phsi.us","","$0.00"
"FPO0011143","Received","728024137","4951525","$168.97","BILLOWS ELECTRIC SUPPLY COMPAN","BILLOWS ELECTRIC SUPPLY","ROXBOROUGH MEMORIAL HOSPITAL","Repairs & Maintenance","","Kristi Toy","LAB ELECTRICAL WORK","","09-03-2020 10:31:31","","ENG","84600","662500","","10-13-2021 08:09:10","system","","$0.00"
"FPO0011141","Received","728024133","55356","$429.00","RAMM","RAMM INC","ROXBOROUGH MEMORIAL HOSPITAL","Repairs & Maintenance","","Kristi Toy","AS1 SUMP PUMPS NOT WORKING ","","09-03-2020 10:00:42","","ENG","84600","662500","","03-09-2021 16:26:40","bcervantes@phsi.us","","$0.00"
"FPO0011140","Received","728024134","55357","$715.00","RAMM","RAMM INC","ROXBOROUGH MEMORIAL HOSPITAL","Repairs & Maintenance","","Kristi Toy","SCHOOL OF NURSING CHILLER DOWN ","","09-03-2020 09:56:44","","ENG","84600","662500","","03-09-2021 16:26:41","bcervantes@phsi.us","","$0.00"
"FPO0011138","Received","728024130","0003743579","$3,641.75","GOLD MEDAL ENVIRONMENTAL OF P","GOLD MEDAL ENVIRONMENTAL OF P","ROXBOROUGH MEMORIAL HOSPITAL","Repairs & Maintenance","","Kristi Toy","HOSPITAL TRASH REMOVAL FOR AUGUST 2020","","09-03-2020 09:22:47","","ENG","84400","662500","","03-09-2021 16:26:47","bcervantes@phsi.us","","$0.00"
"FPO0011106","Received","728024118","","$232.45","HILTI INC","HILTI INC","ROXBOROUGH MEMORIAL HOSPITAL","Repairs & Maintenance","","Kristi Toy","SUITE 106 - FIRE STOP PROJECT","","09-02-2020 08:51:54","","ENG","84600","662500","","10-04-2024 14:11:25","system","","$0.00"
"FPO0011078","Received","728024070","4818612","$40.35","BILLOWS ELECTRIC SUPPLY COMPAN","BILLOWS ELECTRIC SUPPLY","ROXBOROUGH MEMORIAL HOSPITAL","Repairs & Maintenance","","Kristi Toy","ELECTRICAL STOCK","","09-01-2020 08:53:05","","ENG","84600","662500","","10-13-2021 08:08:07","system","","$0.00"
"FPO0011060","Received","728024050","0906016521","$512.67","STANLEY ACCESS TECH","STANLEY ACCESS TECH","ROXBOROUGH MEMORIAL HOSPITAL","Repairs & Maintenance","","Kristi Toy","DOOR LATCHES ROOM 17","","08-31-2020 12:44:18","","ENG","84600","662500","","03-09-2021 16:26:33","bcervantes@phsi.us","","$0.00"
"FPO0011054","Received","728024049","BS116598","$720.00","KLENZOID INC","KLENZOID INC","ROXBOROUGH MEMORIAL HOSPITAL","Repairs & Maintenance","","Kristi Toy","LEGIONELLA TESTING 5/15/2020","","08-31-2020 11:08:56","","ENG","84600","662500","","02-12-2024 12:38:52","system","","$0.00"
"FPO0011016","Received","728024007","020077991","$2,914.60","VEOLIA NORTH AMERICA INC","VEOLIA ENVIRON SVCS","ROXBOROUGH MEMORIAL HOSPITAL","Repairs & Maintenance","","Kristi Toy","WASTE REMOVAL - BATTERIES, LIGHTS, OTHER","","08-28-2020 08:40:51","","ENG","84400","662500","","04-02-2024 09:44:17","system","","$0.00"
"FPO0011014","Received","728024011","S1476632.001","$41.76","LABOV SUPPLY CO INC","LABOV SUPPLY CO INC THE","ROXBOROUGH MEMORIAL HOSPITAL","Repairs & Maintenance","","Kristi Toy","WAX SEALS - INVENTORY + EVS BATHROOMS","","08-28-2020 08:38:25","","ENG","84600","662500","","03-09-2021 16:25:24","bcervantes@phsi.us","","$0.00"
"FPO0011013","Received","728024012","1179","$320.00","PHILADELPHIA PAINT & GLASS INC","PHILADELPHIA PAINT & GLASS INC","ROXBOROUGH MEMORIAL HOSPITAL","Repairs & Maintenance","","Kristi Toy","RECEPTION AREA GLASS INSTALL - COVID EMERGENCY PREPARDNESS","","08-28-2020 08:20:59","","ENG","87906","662500","","03-09-2021 16:24:35","bcervantes@phsi.us","","$0.00"
"FPO0011012","Received","728024013","1003395851","$1,569.49","CLEAN HARBORS ENV SERVICES","CLEAN HARBORS ENV SERVICES","ROXBOROUGH MEMORIAL HOSPITAL","Repairs & Maintenance","","Kristi Toy","PHARMACY WASTE REMOVAL AUGUST 2020","","08-28-2020 08:13:10","","ENG","84400","662500","","03-28-2024 08:19:55","system","","$0.00"
"FPO0011011","Received","728024014","87006228","$2,285.00","JOHNSON CONTROLS FIRE PROTECT","JOHNSON CONTROLS FIRE PROTECT","ROXBOROUGH MEMORIAL HOSPITAL","Repairs & Maintenance","","Kristi Toy","FIRE EXTINGUISHER REPAIRS FROM ANNUAL INSPECTION ","","08-28-2020 08:10:11","","ENG","84600","662500","","03-23-2022 09:59:55","system","","$0.00"
"FPO0011010","Received","728024015","165756","$590.42","CHADWICK SERVICE CO","CHADWICK SERVICE CO","ROXBOROUGH MEMORIAL HOSPITAL","Repairs & Maintenance","","Kristi Toy","WOMENS BATHROOM FLANGE ","FWKD0112498","08-28-2020 08:03:51","","ENG","84400","662500","","03-09-2021 16:26:48","bcervantes@phsi.us","","$0.00"
"FPO0011009","Received","728024016","55294","$286.00","RAMM","RAMM INC","ROXBOROUGH MEMORIAL HOSPITAL","Repairs & Maintenance","","Kristi Toy","STEAM STERILIZER SPD LOW PRESSURE","","08-28-2020 07:58:35","","ENG","84600","662500","","03-09-2021 16:26:40","bcervantes@phsi.us","","$0.00"
"FPO0011007","Received","728024008","55293","$11,000.00","RAMM","RAMM INC","ROXBOROUGH MEMORIAL HOSPITAL","Repairs & Maintenance","","Kristi Toy","EMERGENCY SERVICE CHILLERS 1, 2, AND 3 - CHILLER 1 BAD COMPRESSOR, CHILLER 2 RUNNING 50% BAS SYSTEM, CHILLER 3 CPU BURNT OUT ","","08-28-2020 07:48:01","","ENG","84600","662500","","03-09-2021 16:26:40","bcervantes@phsi.us","","$0.00"
"FPO0010959","Received","728023933","","$265.52","LABOV SUPPLY CO INC","LABOV SUPPLY CO INC THE","ROXBOROUGH MEMORIAL HOSPITAL","Repairs & Maintenance","","Kristi Toy","LAB SINK FAUCET REPLACEMENT ","","08-26-2020 14:12:12","","ENG","84600","662500","","03-09-2021 16:25:24","bcervantes@phsi.us","","$0.00"
"FPO0010940","Received","728023927","066","$1,985.00","PW BIG BOY CLEANING SERVICE","PW BIG BOY CLEANING SERVICE","ROXBOROUGH MEMORIAL HOSPITAL","Repairs & Maintenance","","Kristi Toy","URGENT CARE MONTHLY BILL - DAILY CLEANING SERVICES","","08-26-2020 07:42:21","","ENG","70830","662500","","03-09-2021 16:25:12","bcervantes@phsi.us","","$0.00"
"FPO0010939","Received","728023925","10323","$6,908.00","MADDEN ELECTRIC ASSOCIATES INC","MADDEN ELECTRIC ASSOC INC","ROXBOROUGH MEMORIAL HOSPITAL","Repairs & Maintenance","","Kristi Toy","EMERGENCY ELECTRICAL SERVICE - SWITCH OVER HIGH VOLTAGE DUE TO PECO SHUTDOWN ","","08-26-2020 07:30:44","","ENG","84600","662500","","11-18-2024 08:15:27","system","","$0.00"
"FPO0010908","Received","728023904","GPH742038","$258.95","GTO GREASE TRAP SERVICES","GTO GREASE TRAP SERVICES","ROXBOROUGH MEMORIAL HOSPITAL","Repairs & Maintenance","","Kristi Toy","GREASE TRAP MONTHLY SERVICES ","","08-25-2020 09:25:17","","ENG","84600","662500","","06-28-2024 11:18:56","system","","$0.00"
"FPO0010903","Received","728023907","","$10,800.00","RAMM","RAMM INC","ROXBOROUGH MEMORIAL HOSPITAL","Purchased Services/Service Agreements","","Kristi Toy","HVAC SERVICE CONTRACT JULY 1, 2020-JULY 1, 2021","","08-25-2020 08:17:49","","ENG","84600","669500","","08-03-2022 16:19:12","system","","$0.00"
"FPO0010864","Received","728023879","","$30.48","GENERAL AIRE SYSTEMS INC","GENERAL AIRE SYSTEMS INC","ROXBOROUGH MEMORIAL HOSPITAL","Repairs & Maintenance","","Kristi Toy","AIR FILTER ORDER - FREIGHT CHARGE WAIVED ","","08-24-2020 08:39:27","","ENG","84200","662500","","03-09-2021 16:24:38","bcervantes@phsi.us","","$0.00"
"FPO0010862","Received","728023891","","$1,055.00","SECURITAS HEALTHCARE LLC","SECURITAS HEALTHCARE LLC","ROXBOROUGH MEMORIAL HOSPITAL","Repairs & Maintenance","","Kristi Toy","ADMINISTRATION - NURSE CALL SYSTEM PROGRAMMING CHANGE ","","08-24-2020 07:45:04","","ENG","84600","662500","","08-08-2024 14:14:23","system","","$0.00"
"FPO0010839","Received","728023867","1829348","$720.00","SECURITAS HEALTHCARE LLC","SECURITAS HEALTHCARE LLC","ROXBOROUGH MEMORIAL HOSPITAL","Repairs & Maintenance","","Kristi Toy","NURSE CALL SYSTEM WIRELESS WALL UNIT ","FWKD0110085","08-21-2020 13:56:32","","ENG","84600","662500","","03-09-2021 16:23:56","bcervantes@phsi.us","","$0.00"
"FPO0010837","Received","728023868","1829348","$382.25","SHERWIN WILLIAMS CO INC","SHERWIN WILLIAMS CO INC","ROXBOROUGH MEMORIAL HOSPITAL","Repairs & Maintenance","","Kristi Toy","WORKNET BLINDS - 48X65 WHITE ALUMINUM BLIND","","08-21-2020 13:54:04","","ENG","84600","662500","","09-04-2024 15:16:20","system","","$0.00"
"FPO0010836","Received","728023865","","$8,600.00","DYNAMIC BALANCING CO INC","DYNAMIC BALANCING CO  INC","ROXBOROUGH MEMORIAL HOSPITAL","Purchased Services/Service Agreements","","Kristi Toy","ANNUAL AIR BALANCING TESTING AND INSPECTION - ISO & OR CERTIFICATION ","","08-21-2020 13:40:29","","ENG","84600","669500","","03-09-2021 16:24:47","bcervantes@phsi.us","","$0.00"
"FPO0010769","Received","728023851","","$795.00","CM3 BUILDING SOLUTIONS INC","CM3 BUILDING SOLUTIONS INC","ROXBOROUGH MEMORIAL HOSPITAL","Repairs & Maintenance","","Kristi Toy","WANDERGUARD SYSTEM KEYPAD INSTALL","","08-20-2020 09:39:26","","ENG","84200","662500","","03-09-2021 16:24:50","bcervantes@phsi.us","","$0.00"
"FPO0010743","Canceled","","","$0.00","GRAINGER","GRAINGER WW INC 860641950","ROXBOROUGH MEMORIAL HOSPITAL","Repairs & Maintenance","","","PA FLAGS ","","08-19-2020 14:11:57","","ENG","84600","662500","","05-23-2022 13:54:45","cfernandez1@phsi.us","","$0.00"
"FPO0010734","Received","728023816","498","$170.00","DARREN DANILOWICZ REFRIGERATIO","DARREN DANILOWICZ REFRIGERATIO","ROXBOROUGH MEMORIAL HOSPITAL","Repairs & Maintenance","","Kristi Toy","DIETARY - WALK IN FREEZER - REPLACED DEFROST CLOCK UNDER WARRANTY","","08-19-2020 10:02:08","","ENG","84600","662500","","03-09-2021 16:24:34","bcervantes@phsi.us","","$0.00"
"FPO0010732","Received","728023817","26776","$1,059.00","ELECTRONIC SECURITY SOLUTIONS","ELECTRONIC SECURITY SOLUTIONS","ROXBOROUGH MEMORIAL HOSPITAL","Repairs & Maintenance","","Kristi Toy","FIRE ALARM SYSTEM BATTERY REPLACEMENT AND INSTALLS","","08-19-2020 08:20:49","","ENG","84600","662500","","07-13-2021 14:02:03","system","","$0.00"
"FPO0010681","Received","728023770","","$819.28","SIEMENS INDUSTRY INC","SIEMENS BUILDING TECHNOLOGIES","ROXBOROUGH MEMORIAL HOSPITAL","Repairs & Maintenance","","Kristi Toy","OR TEMPERATURE ROOM SIEMENS SENSORS AND ELECTRONIC VALVE ACTUATORS PHARMACY","","08-18-2020 08:44:03","","ENG","84600","662500","","03-09-2021 16:27:03","bcervantes@phsi.us","","$0.00"
"FPO0010662","Received","728023759","","$2,855.47","SIEMENS INDUSTRY INC","SIEMENS BUILDING TECHNOLOGIES","ROXBOROUGH MEMORIAL HOSPITAL","Repairs & Maintenance","","Kristi Toy","BACNET FIRMWARE UPGRADES ","","08-17-2020 09:58:11","","ENG","84600","662500","","03-09-2021 16:27:03","bcervantes@phsi.us","","$0.00"
"FPO0010639","Received","728023762","50262","$270.00","CM3 BUILDING SOLUTIONS INC","CM3 BUILDING SOLUTIONS INC","ROXBOROUGH MEMORIAL HOSPITAL","Repairs & Maintenance","","Kristi Toy","2T WANDERGUARD SYSTEM SERVICE ","","08-14-2020 10:12:18","","ENG","84200","662500","","03-09-2021 16:24:50","bcervantes@phsi.us","","$0.00"
"FPO0010638","Received","728023712","","$936.00","WIRELESS ELECTRONICS INC","WIRELESS ELECTRONICS INC","ROXBOROUGH MEMORIAL HOSPITAL","Repairs & Maintenance","","Kristi Toy","MOTOROLA SECURITY RADIO BATTERIES","","08-14-2020 09:45:34","","ENG","84200","662500","","03-09-2021 16:23:50","bcervantes@phsi.us","","$0.00"
"FPO0010632","Received","728023735","0003690754","$2,595.00","GOLD MEDAL ENVIRONMENTAL OF P","GOLD MEDAL ENVIRONMENTAL OF P","ROXBOROUGH MEMORIAL HOSPITAL","Repairs & Maintenance","","Kristi Toy","HOSPITAL TRASH AND WASTE REMOVAL FOR JULY ","","08-14-2020 08:34:52","","ENG","84400","662500","","03-09-2021 16:26:47","bcervantes@phsi.us","","$0.00"
"FPO0010631","Received","728023713","1010059717","$18.75","STERICYCLE INC","STERICYCLE INC 9001590","ROXBOROUGH MEMORIAL HOSPITAL","Repairs & Maintenance","","Kristi Toy","SHARPS WASTE REMOVAL JULY ","","08-14-2020 08:26:53","","ENG","84400","662500","","04-08-2021 16:56:51","system","","$0.00"
"FPO0010611","Received","728023714","1010068039","$146.21","STERICYCLE INC","STERICYCLE INC 9001590","ROXBOROUGH MEMORIAL HOSPITAL","Repairs & Maintenance","","Kristi Toy","URGENT CARE SHARPS WASTE REMOVAL JULY ","","08-13-2020 14:04:33","","ENG","70830","662500","","03-09-2021 16:24:35","bcervantes@phsi.us","","$0.00"
"FPO0010610","Received","728023715","S21120180","$798.00","WIRELESS ELECTRONICS INC","WIRELESS ELECTRONICS INC","ROXBOROUGH MEMORIAL HOSPITAL","Repairs & Maintenance","","Kristi Toy","MOTOROLA ACCESSORIES - CHARGERS FOR SECURITY ","","08-13-2020 13:59:15","","ENG","84200","662500","","03-09-2021 16:23:50","bcervantes@phsi.us","","$0.00"
"FPO0010588","Received","728023666","","$2,289.52","SHERWIN WILLIAMS CO INC","SHERWIN WILLIAMS CO INC","ROXBOROUGH MEMORIAL HOSPITAL","Repairs & Maintenance","","Kristi Toy","CEILING TILE STOCK ","","08-13-2020 10:13:36","","ENG","84600","662500","","06-08-2022 09:58:25","system","","$0.00"
"FPO0010565","Received","728023687","86936396","$336.44","JOHNSON CONTROLS FIRE PROTECT","JOHNSON CONTROLS FIRE PROTECT","ROXBOROUGH MEMORIAL HOSPITAL","Repairs & Maintenance","","Kristi Toy","FIRE ALARM SYSTEM - BATTERY REPLACEMENT ","","08-12-2020 14:46:05","","ENG","84600","662500","","03-09-2021 16:26:13","bcervantes@phsi.us","","$0.00"
"FPO0010556","Received","728023688","1010060397","$1,490.58","STERICYCLE INC","STERICYCLE INC 9001590","ROXBOROUGH MEMORIAL HOSPITAL","Repairs & Maintenance","","Kristi Toy","SHARP WASTE REMOVAL JULY ","","08-12-2020 13:39:03","","ENG","84400","662500","","03-09-2021 16:24:35","bcervantes@phsi.us","","$0.00"
"FPO0010536","Received","728023637","5001272022","$1,585.68","TK ELEVATOR CORPORATION","THYSSEN KRUPP ELEVATOR CORP","ROXBOROUGH MEMORIAL HOSPITAL","Repairs & Maintenance","","Kristi Toy","ELEVATOR 7 SERVICE - STUCK ON 1ST FLOOR WITH DOORS CLOSED TICKET # 7001927","","08-12-2020 10:16:55","","ENG","84600","662500","","05-18-2021 15:44:13","system","","$0.00"
"FPO0010535","Received","728023643","","$12,560.00","SIEMENS INDUSTRY INC","SIEMENS BUILDING TECHNOLOGIES","ROXBOROUGH MEMORIAL HOSPITAL","Purchased Services/Service Agreements","","Kristi Toy","SECOND YEAR CONTRACT - HVAC AND BAS SYSTEM MAINTENANCE ","","08-12-2020 10:09:22","","ENG","84600","669500","","03-04-2022 14:41:12","system","","$0.00"
"FPO0010533","Received","728023636","177610","$1,710.00","QUIP LABORATORIES INC","QUIP LABORATORIES","ROXBOROUGH MEMORIAL HOSPITAL","Repairs & Maintenance","","Kristi Toy","HALOMIST DISINFECTANT ","","08-12-2020 09:50:54","","ENG","84400","662500","","03-09-2021 16:27:23","bcervantes@phsi.us","","$0.00"
"FPO0010516","Received","728023625","200377","$1,250.00","CLARK SERVICES GROUP  LLC","CLARK SERVICES GROUP LLC","ROXBOROUGH MEMORIAL HOSPITAL","Repairs & Maintenance","","Kristi Toy","QUARTERLY PM - HOOD, DUCT, AND DRYER CLEANING ","","08-11-2020 14:32:53","","ENG","84600","662500","","03-09-2021 16:25:36","bcervantes@phsi.us","","$0.00"
"FPO0010514","Received","728023626","94769","$490.00","PURE WATER TECHNOLOGY OF CENTR","PURE WATER TECHNOLOGY OF CENTE","ROXBOROUGH MEMORIAL HOSPITAL","Repairs & Maintenance","","Kristi Toy","MONTHLY WATER PURIFICATION UNIT RENTALS","","08-11-2020 14:30:09","","ENG","84600","662500","","03-09-2021 16:24:19","bcervantes@phsi.us","","$0.00"
"FPO0010329","Received","728023519","31542","$456.25","MAJOR MEDICAL HOSPITAL SVCS","MAJOR MEDICAL HOSPITAL SVCS","ROXBOROUGH MEMORIAL HOSPITAL","Repairs & Maintenance","","Kristi Toy","MEDICAL AIR PREVENTATIVE MAINTENANCE ","","08-05-2020 09:31:40","","ENG","84600","662500","","03-09-2021 16:25:36","bcervantes@phsi.us","","$0.00"
"FPO0010283","Received","728023492","55099","$429.00","RAMM","RAMM INC","ROXBOROUGH MEMORIAL HOSPITAL","Repairs & Maintenance","","Kristi Toy","CHILLER 1 SERVICE ","","08-04-2020 11:24:12","","ENG","84600","662500","","03-09-2021 16:26:40","bcervantes@phsi.us","","$0.00"
"FPO0010282","Received","728023493","55086","$286.00","RAMM","RAMM INC","ROXBOROUGH MEMORIAL HOSPITAL","Repairs & Maintenance","","Kristi Toy","ROOM 302 REHEAT CONTROL VALVE","","08-04-2020 11:16:46","","ENG","84600","662500","","03-09-2021 16:26:40","bcervantes@phsi.us","","$0.00"
"FPO0010261","Received","728023477","497","$576.24","DARREN DANILOWICZ REFRIGERATIO","DARREN DANILOWICZ REFRIGERATIO","ROXBOROUGH MEMORIAL HOSPITAL","Repairs & Maintenance","","Kristi Toy","WALK IN FREEZE - REPAIR AND INSTALL","FWKD0106949","08-03-2020 14:18:46","","ENG","83400","662500","","03-09-2021 16:24:34","bcervantes@phsi.us","","$0.00"
"FPO0010258","Received","728023475","W10817","$1,528.00","INDEPENDENCE FIRE SPRINKLER CO","INDEPENDENCE FIRE SPRINKLER CO","ROXBOROUGH MEMORIAL HOSPITAL","Repairs & Maintenance","","Kristi Toy","EMERGENCY SERVICE SPRINKLER HEAD ACTIVATION ","","08-03-2020 14:08:27","","ENG","84600","662500","","03-09-2021 16:25:23","bcervantes@phsi.us","","$0.00"
"FPO0010257","Received","728023476","GPH741514","$258.95","GTO GREASE TRAP SERVICES","GTO GREASE TRAP SERVICES","ROXBOROUGH MEMORIAL HOSPITAL","Repairs & Maintenance","","Kristi Toy","GTO MONTHLY SERVICE","","08-03-2020 14:08:03","","ENG","84600","662500","","09-18-2024 11:19:57","system","","$0.00"
"FPO0010256","Received","728023478","55085","$1,280.00","RAMM","RAMM INC","ROXBOROUGH MEMORIAL HOSPITAL","Repairs & Maintenance","","Kristi Toy","CHILLER COMMUNICATION ISSUES ","","08-03-2020 14:01:15","","ENG","84600","662500","","03-09-2021 16:26:41","bcervantes@phsi.us","","$0.00"
"FPO0010255","Received","728023479","55083","$286.00","RAMM","RAMM INC","ROXBOROUGH MEMORIAL HOSPITAL","Repairs & Maintenance","","Kristi Toy","ACTUATOR MAKING NOISE- 4TH FLOOR","","08-03-2020 13:59:21","","ENG","84600","662500","","03-09-2021 16:26:40","bcervantes@phsi.us","","$0.00"
"FPO0010245","Received","728023455","171553","$242.40","DUFF COMPANY","DUFF COMPANY","ROXBOROUGH MEMORIAL HOSPITAL","Repairs & Maintenance","","Kristi Toy","PLUMBING SUPPLY NURSING UNIT REPAIRS","","08-03-2020 10:20:36","","ENG","84600","662500","","03-09-2021 16:25:34","bcervantes@phsi.us","","$0.00"
"FPO0010228","Received","728023520","0905963049","$217.15","STANLEY ACCESS TECH","STANLEY ACCESS TECH","ROXBOROUGH MEMORIAL HOSPITAL","Repairs & Maintenance","","Kristi Toy","ER BREAK AWAY LATCH MISSING INVOICE 1 OF 2 - LABOR ONLY","FWKD0110515","07-31-2020 13:34:44","","ENG","84600","662500","","03-09-2021 16:26:33","bcervantes@phsi.us","","$0.00"
"FPO0010204","Received","728023435","","$142.70","LABOV SUPPLY CO INC","LABOV SUPPLY CO INC THE","ROXBOROUGH MEMORIAL HOSPITAL","Repairs & Maintenance","","Kristi Toy","OPERATING ROOM ADAPTER","","07-30-2020 14:59:00","","ENG","84600","662500","","03-09-2021 16:25:24","bcervantes@phsi.us","","$0.00"
"FPO0010184","Canceled","","","$0.00","NEW PIG  CORP","NEW PIG  CORP","ROXBOROUGH MEMORIAL HOSPITAL","Repairs & Maintenance","","","ABSORBENT CEILING TILE PADS FOR CONDENSATION ","","07-30-2020 10:12:15","","ENG","84600","662500","","01-21-2022 19:49:04","cfernandez1@phsi.us","","$0.00"
"FPO0010183","Received","728023423","","$442.23","MAJOR MEDICAL HOSPITAL SVCS","MAJOR MEDICAL HOSPITAL SVCS","ROXBOROUGH MEMORIAL HOSPITAL","Repairs & Maintenance","","Kristi Toy","MEDICAL VACUUM PM MAINTENANCE + OIL ","","07-30-2020 09:59:37","","ENG","84600","662500","","03-09-2021 16:25:36","bcervantes@phsi.us","","$0.00"
"FPO0010180","Received","728023424","","$2,031.23","MAJOR MEDICAL HOSPITAL SVCS","MAJOR MEDICAL HOSPITAL SVCS","ROXBOROUGH MEMORIAL HOSPITAL","Repairs & Maintenance","","Kristi Toy","MEDICAL AIR PM REPAIRS ","","07-30-2020 08:25:10","","ENG","84600","662500","","03-09-2021 16:25:36","bcervantes@phsi.us","","$0.00"
"FPO0010174","Received","728023425","8633-1","$92.07","SHERWIN WILLIAMS CO INC","SHERWIN WILLIAMS CO INC","ROXBOROUGH MEMORIAL HOSPITAL","Repairs & Maintenance","","Kristi Toy","LINDA CHEN OFFICE PAINT ","","07-30-2020 07:15:12","","ENG","84600","662500","","03-09-2021 16:27:01","bcervantes@phsi.us","","$0.00"
"FPO0010136","Received","728023390","","$984.00","ELLIOTT LEWIS CORPORATION","ELLIOTT LEWIS","ROXBOROUGH MEMORIAL HOSPITAL","Purchased Services/Service Agreements","","Kristi Toy","HVAC QUARTERLY MAINTENANCE CONTRACT ","","07-29-2020 08:32:31","","ENG","84600","669500","","08-23-2022 15:26:45","system","","$0.00"
"FPO0010135","Received","728023389","66","$2,290.00","PW BIG BOY CLEANING SERVICE","PW BIG BOY CLEANING SERVICE","ROXBOROUGH MEMORIAL HOSPITAL","Repairs & Maintenance","","Kristi Toy","JULY CLEANING XPRESSCARE + SHOWER SCRUB & BURNISH + SHAMPOO CARPETS","","07-29-2020 08:00:49","","ENG","70830","662500","","03-09-2021 16:25:12","bcervantes@phsi.us","","$0.00"
"FPO0010134","Received","728023391","","$635.50","GRAPHIC PRODUCTS INC","GRAPHIC PRODUCTS INC","ROXBOROUGH MEMORIAL HOSPITAL","Repairs & Maintenance","","Kristi Toy","COVID 19 SOCIAL DISTANCING TAPE CAFETERIA ","","07-29-2020 07:11:46","","ENG","87906","662500","","03-09-2021 16:25:45","bcervantes@phsi.us","","$0.00"
"FPO0010082","Received","728023362","","$315.00","SECURITAS HEALTHCARE LLC","SECURITAS HEALTHCARE LLC","ROXBOROUGH MEMORIAL HOSPITAL","Repairs & Maintenance","","Kristi Toy","GERO PSYCH WALL UNIT ","","07-28-2020 08:09:56","","ENG","84600","662500","","03-09-2021 16:23:56","bcervantes@phsi.us","","$0.00"
"FPO0010055","Received","728023344","1179","$320.00","PHILADELPHIA PAINT & GLASS INC","PHILADELPHIA PAINT & GLASS INC","ROXBOROUGH MEMORIAL HOSPITAL","Repairs & Maintenance","","Kristi Toy","RECEPETION GLASS INSTALLATION ","","07-27-2020 12:32:09","","ENG","87906","662500","","03-09-2021 16:24:35","bcervantes@phsi.us","","$0.00"
"FPO0010009","Received","728023331","917197303","$737.41","TENNANT SALES & SERVICE CO","TENNANT SALES & SERVICE CO","ROXBOROUGH MEMORIAL HOSPITAL","Repairs & Maintenance","","Kristi Toy","VACUUM SERVICE ","","07-24-2020 12:06:14","","ENG","84400","662500","","03-11-2024 07:38:43","system","","$0.00"
"FPO0010008","Received","728023335","917197305","$647.46","TENNANT SALES & SERVICE CO","TENNANT SALES & SERVICE CO","ROXBOROUGH MEMORIAL HOSPITAL","Repairs & Maintenance","","Kristi Toy","VACUUM SERVICE ","","07-24-2020 11:53:56","","ENG","84400","662500","","03-09-2021 16:24:19","bcervantes@phsi.us","","$0.00"
"FPO0010007","Received","728023332","917197304","$1,074.84","TENNANT SALES & SERVICE CO","TENNANT SALES & SERVICE CO","ROXBOROUGH MEMORIAL HOSPITAL","Repairs & Maintenance","","Kristi Toy","SQUEEGEE MACHINE SERVICE ","","07-24-2020 11:36:57","","ENG","84400","662500","","02-26-2024 14:09:43","system","","$0.00"
"FPO0010006","Received","728023333","177320","$534.38","QUIP LABORATORIES INC","QUIP LABORATORIES","ROXBOROUGH MEMORIAL HOSPITAL","Repairs & Maintenance","","Kristi Toy","HALOMIST DISINFECTANT","","07-24-2020 11:35:07","","ENG","84400","662500","","03-09-2021 16:27:23","bcervantes@phsi.us","","$0.00"
"FPO0010004","Approved-PO Issued","728023334","","$404.72","DUFF COMPANY","DUFF COMPANY","ROXBOROUGH MEMORIAL HOSPITAL","Repairs & Maintenance","","Kristi Toy","PLUMBING STOCK","","07-24-2020 10:31:29","","ENG","84600","662500","","08-19-2021 11:30:49","ktoy@phsi.us","","$0.00"
"FPO0010001","Received","728023322","86294","$809.70","CHADWICK SERVICE CO","CHADWICK SERVICE CO","ROXBOROUGH MEMORIAL HOSPITAL","Repairs & Maintenance","","Kristi Toy","CT LOW ON REFRIGERANT ","","07-24-2020 09:16:46","","ENG","84600","662500","","03-09-2021 16:26:48","bcervantes@phsi.us","","$0.00"
"FPO0010000","Received","728023321","55033","$643.50","RAMM","RAMM INC","ROXBOROUGH MEMORIAL HOSPITAL","Repairs & Maintenance","","Kristi Toy","CHILLER SERVICE - CHILLER 1 OFF, CHILER 2 50%, CHILLER 3 OVERRIDE ON","","07-24-2020 09:14:03","","ENG","84600","662500","","03-09-2021 16:26:40","bcervantes@phsi.us","","$0.00"
"FPO0009999","Received","728023320","55032","$1,875.00","RAMM","RAMM INC","ROXBOROUGH MEMORIAL HOSPITAL","Repairs & Maintenance","","Kristi Toy","BIOLOGY LAB REFRIGERATOR DOOR REPLACEMENT ","","07-24-2020 08:55:10","","ENG","84600","662500","","03-09-2021 16:26:40","bcervantes@phsi.us","","$0.00"
"FPO0009998","Received","728023319","55031","$1,144.00","RAMM","RAMM INC","ROXBOROUGH MEMORIAL HOSPITAL","Repairs & Maintenance","","Kristi Toy","ADMINISTRATION AC3 EMERGENCY SERVICE","","07-24-2020 08:41:56","","ENG","84600","662500","","03-09-2021 16:26:40","bcervantes@phsi.us","","$0.00"
"FPO0009997","Received","728023318","","$328.97","SHERWIN WILLIAMS CO INC","SHERWIN WILLIAMS CO INC","ROXBOROUGH MEMORIAL HOSPITAL","Repairs & Maintenance","","Kristi Toy","4C NURSING UNIT PAINT & SUPPLIES","","07-24-2020 07:39:25","","ENG","84600","662500","","03-09-2021 16:27:01","bcervantes@phsi.us","","$0.00"
"FPO0009996","Received","728023317","","$685.00","SHERWIN WILLIAMS CO INC","SHERWIN WILLIAMS CO INC","ROXBOROUGH MEMORIAL HOSPITAL","Repairs & Maintenance","","Kristi Toy","CEILING TILE STOCK ","","07-24-2020 07:37:03","","ENG","84600","662500","","06-08-2022 09:57:39","system","","$0.00"
"FPO0009978","Received","728023301","","$2,300.00","INDEPENDENT CONTRACT FLOORING","INDEPENDENT CONTRACT FLOORING","ROXBOROUGH MEMORIAL HOSPITAL","Repairs & Maintenance","","Kristi Toy","DR DEPALMA MEDICAL OFFICE BUILDING FLOORING","","07-23-2020 10:23:13","","ENG","84600","662500","","03-09-2021 16:25:23","bcervantes@phsi.us","","$0.00"
"FPO0009974","Received","728023300","0550502-IN","$502.50","KB LIGHTING MFG CO INC","KB LIGHTING MFG CO  INC","ROXBOROUGH MEMORIAL HOSPITAL","Repairs & Maintenance","","Kristi Toy","PCU NURSING UNIT LIGHTING MATERIAL ","","07-23-2020 07:58:32","","ENG","84600","662500","","06-22-2022 11:47:31","system","","$0.00"
"FPO0009973","Received","728023298","1010002838","$87.73","STERICYCLE INC","STERICYCLE INC 9001590","ROXBOROUGH MEMORIAL HOSPITAL","Repairs & Maintenance","","Kristi Toy","URGENT CARE SHARPS REMOVAL JUNE 2020","","07-23-2020 07:56:30","","ENG","70830","662500","","03-09-2021 16:24:35","bcervantes@phsi.us","","$0.00"
"FPO0009971","Received","728023299","1009995103-4420","$1,440.33","STERICYCLE INC","STERICYCLE INC 9001590","ROXBOROUGH MEMORIAL HOSPITAL","Repairs & Maintenance","","Kristi Toy","SHARPS WASTE REMOVAL JUNE 2020","","07-23-2020 07:46:53","","ENG","84400","662500","","03-09-2021 16:24:35","bcervantes@phsi.us","","$0.00"
"FPO0009969","Received","728023297","W10684","$1,126.00","INDEPENDENCE FIRE SPRINKLER CO","INDEPENDENCE FIRE SPRINKLER CO","ROXBOROUGH MEMORIAL HOSPITAL","Repairs & Maintenance","","Kristi Toy","MEDICAL OFFICE BUILDING 6 INCH MAIN LEAK SERVICE AND REPLACEMENT","","07-23-2020 07:38:00","","ENG","84600","662500","","03-09-2021 16:25:23","bcervantes@phsi.us","","$0.00"
"FPO0009968","Received","728023296","13235","$856.00","LIMA COMPANY","LIMA COMPANY","ROXBOROUGH MEMORIAL HOSPITAL","Repairs & Maintenance","","Kristi Toy","SEWER LINE SERVICE","","07-23-2020 07:35:14","","ENG","84600","662500","","03-09-2021 16:24:35","bcervantes@phsi.us","","$0.00"
"FPO0009941","Received","728023285","","$3,360.00","JOHN CALVITTI COMPANY","JOHN CALVITTI COMPANY","ROXBOROUGH MEMORIAL HOSPITAL","Repairs & Maintenance","","Kristi Toy","SCHOOL OF NURSING COOLING TOWER - SHEAVES AND BELT CHANGES","","07-22-2020 13:43:52","","ENG","84600","662500","","03-09-2021 16:24:27","bcervantes@phsi.us","","$0.00"
"FPO0009940","Received","728023280","496","$255.00","DARREN DANILOWICZ REFRIGERATIO","DARREN DANILOWICZ REFRIGERATIO","ROXBOROUGH MEMORIAL HOSPITAL","Repairs & Maintenance","","Kristi Toy","WALK IN REFRIGERATOR 3 SERVICE - EVAPORATOR ISSUES","","07-22-2020 13:29:25","","ENG","84600","662500","","03-09-2021 16:24:34","bcervantes@phsi.us","","$0.00"
"FPO0009939","Received","728023278","1147","$2,225.00","PHILADELPHIA PAINT & GLASS INC","PHILADELPHIA PAINT & GLASS INC","ROXBOROUGH MEMORIAL HOSPITAL","Repairs & Maintenance","","Kristi Toy","GLASS INSTALLATION CAFE, ADMISSIONS, RADIOLOGY","","07-22-2020 13:19:02","","ENG","87906","662500","","03-09-2021 16:24:35","bcervantes@phsi.us","","$0.00"
"FPO0009938","Received","728023279","49790","$270.00","CM3 BUILDING SOLUTIONS INC","CM3 BUILDING SOLUTIONS INC","ROXBOROUGH MEMORIAL HOSPITAL","Repairs & Maintenance","","Kristi Toy","SECURITY CAMERA SERVICE ","","07-22-2020 13:15:04","","ENG","84600","662500","","03-09-2021 16:24:50","bcervantes@phsi.us","","$0.00"
"FPO0009917","Received","728023268","BS116695","$900.00","KLENZOID INC","KLENZOID INC","ROXBOROUGH MEMORIAL HOSPITAL","Repairs & Maintenance","","Kristi Toy","LEGIONELLA TESTING","","07-22-2020 10:21:40","","ENG","84600","662500","","03-09-2021 16:26:17","bcervantes@phsi.us","","$0.00"
"FPO0009914","Received","728023267","GPH740836","$258.95","GTO GREASE TRAP SERVICES","GTO GREASE TRAP SERVICES","ROXBOROUGH MEMORIAL HOSPITAL","Repairs & Maintenance","","Kristi Toy","MONTHLY GREASE TRAP SERVICE ","","07-22-2020 10:06:58","","ENG","84600","662500","","03-09-2021 16:24:04","bcervantes@phsi.us","","$0.00"
"FPO0009910","Received","728023266","92941","$490.00","PURE WATER TECHNOLOGY OF CENTR","PURE WATER TECHNOLOGY OF CENTE","ROXBOROUGH MEMORIAL HOSPITAL","Repairs & Maintenance","","Kristi Toy","WATER PURIFICATION UNIT MONTHLY RENTAL SERVICE","","07-22-2020 09:59:40","","ENG","84600","662500","","10-01-2024 14:01:57","system","","$0.00"
"FPO0009905","Received","728023265","0003661659","$2,366.25","GOLD MEDAL ENVIRONMENTAL OF P","GOLD MEDAL ENVIRONMENTAL OF P","ROXBOROUGH MEMORIAL HOSPITAL","Repairs & Maintenance","","Kristi Toy","WASTE REMOVAL JUNE 2020","","07-22-2020 09:32:13","","ENG","84400","662500","","03-09-2021 16:26:47","bcervantes@phsi.us","","$0.00"
"FPO0009322","Received","728023264","86221","$450.00","CHADWICK SERVICE CO","CHADWICK SERVICE CO","ROXBOROUGH MEMORIAL HOSPITAL","Repairs & Maintenance","","Kristi Toy","MRI SERVER ROOM UNIT","","06-30-2020 09:52:43","","ENG","84600","662500","","03-09-2021 16:26:48","bcervantes@phsi.us","","$0.00"
"FPO0009293","Received","728022899","","$25,073.00","JOHNSON CONTROLS FIRE PROTECT","JOHNSON CONTROLS FIRE PROTECT","ROXBOROUGH MEMORIAL HOSPITAL","Purchased Services/Service Agreements","","Kristi Toy","2ND YEAR -  FIRE SAFETY CONTRACT - FIRE/SPRINKER/EXTINGUSHER/HOOD SYSTEMS","","06-29-2020 12:39:13","","ENG","84600","669500","","10-13-2021 08:59:01","system","","$0.00"
"FPO0009290","Received","728022896","1003328188","$1,883.75","CLEAN HARBORS ENV SERVICES","CLEAN HARBORS ENV SERVICES","ROXBOROUGH MEMORIAL HOSPITAL","Repairs & Maintenance","","Kristi Toy","PHARMACY WASTE REMOVAL JUNE ","","06-29-2020 10:12:40","","ENG","84400","662500","","03-09-2021 16:23:51","bcervantes@phsi.us","","$0.00"
"FPO0009287","Received","728022897","65","$1,325.00","PW BIG BOY CLEANING SERVICE","PW BIG BOY CLEANING SERVICE","ROXBOROUGH MEMORIAL HOSPITAL","Repairs & Maintenance","","Kristi Toy","COVID 19 CLEANING SERVICE - URGENT CARE - JUNE 2020","","06-29-2020 09:49:38","","ENG","87906","662500","","03-09-2021 16:25:12","bcervantes@phsi.us","","$0.00"
"FPO0009286","Received","728022898","64","$1,875.00","PW BIG BOY CLEANING SERVICE","PW BIG BOY CLEANING SERVICE","ROXBOROUGH MEMORIAL HOSPITAL","Repairs & Maintenance","","Kristi Toy","JUNE - DAILY CLEANING SERVICES ","","06-29-2020 09:42:36","","ENG","70830","662500","","03-09-2021 16:25:12","bcervantes@phsi.us","","$0.00"
"FPO0009261","Received","728022876","","$2,088.27","CHADWICK SERVICE CO","CHADWICK SERVICE CO","ROXBOROUGH MEMORIAL HOSPITAL","Repairs & Maintenance","","Kristi Toy","AIR COMPRESSOR PM - FURNISH AND INSTALL NEW AIR FILTERS; REMOVAL; LABOR + MATERIAL","","06-26-2020 11:17:38","","ENG","84600","662500","","03-09-2021 16:26:48","bcervantes@phsi.us","","$0.00"
"FPO0009259","Received","728022870","","$536.45","SHERWIN WILLIAMS CO INC","SHERWIN WILLIAMS CO INC","ROXBOROUGH MEMORIAL HOSPITAL","Repairs & Maintenance","","Kristi Toy","PCU NURSING UNIT PAINT AND COVE BASE","","06-26-2020 11:10:11","","ENG","84600","662500","","03-09-2021 16:27:01","bcervantes@phsi.us","","$0.00"
"FPO0009249","Received","728022860","177009","$534.38","QUIP LABORATORIES INC","QUIP LABORATORIES","ROXBOROUGH MEMORIAL HOSPITAL","Repairs & Maintenance","","Kristi Toy","HALOMIST DISINFECTANT","","06-26-2020 08:44:37","","ENG","84400","662500","","03-09-2021 16:27:23","bcervantes@phsi.us","","$0.00"
"FPO0009217","Received","728022848","86068","$1,050.00","CHADWICK SERVICE CO","CHADWICK SERVICE CO","ROXBOROUGH MEMORIAL HOSPITAL","Repairs & Maintenance","","Kristi Toy","QUINCY AIR COMPRESSOR SERVICE","","06-25-2020 09:08:47","","ENG","84600","662500","","03-09-2021 16:26:49","bcervantes@phsi.us","","$0.00"
"FPO0009175","Received","728022855","54768","$3,425.50","RAMM","RAMM INC","ROXBOROUGH MEMORIAL HOSPITAL","Repairs & Maintenance","","Kristi Toy","CATH LAB HEAT VALVES WON'T OPEN - STEAM HEAT EXCHANGER","","06-24-2020 09:43:32","","ENG","84600","662500","","03-09-2021 16:26:40","bcervantes@phsi.us","","$0.00"
"FPO0009132","Received","728022791","","$45.00","SHERWIN WILLIAMS CO INC","SHERWIN WILLIAMS CO INC","ROXBOROUGH MEMORIAL HOSPITAL","Repairs & Maintenance","","Kristi Toy","URGENT CARE FLOOR TILE ","","06-22-2020 14:59:10","","ENG","70830","662500","","03-09-2021 16:27:01","bcervantes@phsi.us","","$0.00"
"FPO0009104","Received","728022785","10463","$250.00","M MELADY LANDSCAPING LLC","MELADY LANDSCAPING","ROXBOROUGH MEMORIAL HOSPITAL","Repairs & Maintenance","","Kristi Toy","STORM AND DEBRIS REMOVAL","","06-22-2020 09:17:52","","ENG","84600","662500","","03-09-2021 16:25:02","bcervantes@phsi.us","","$0.00"
"FPO0009067","Received","728022777","","$1,321.72","DUFF COMPANY","DUFF COMPANY","ROXBOROUGH MEMORIAL HOSPITAL","Repairs & Maintenance","","Kristi Toy","PCU NURSING UNIT PLUMBING ","","06-19-2020 15:02:53","","ENG","84600","662500","","03-09-2021 16:25:34","bcervantes@phsi.us","","$0.00"
"FPO0009028","Received","728022778","","$168.50","SHERWIN WILLIAMS CO INC","SHERWIN WILLIAMS CO INC","ROXBOROUGH MEMORIAL HOSPITAL","Repairs & Maintenance","","Kristi Toy","INPRO PCU NURSING UNIT PROJECT","","06-18-2020 15:01:06","","ENG","84600","662500","","03-09-2021 16:27:01","bcervantes@phsi.us","","$0.00"
"FPO0009004","Received","728022759","5001280798","$430.50","TK ELEVATOR CORPORATION","THYSSEN KRUPP ELEVATOR CORP","ROXBOROUGH MEMORIAL HOSPITAL","Repairs & Maintenance","","Kristi Toy","POWER OUTAGE SERVICE FOR ELEVATORS","","06-18-2020 08:11:10","","ENG","84600","662500","","03-09-2021 16:26:17","bcervantes@phsi.us","","$0.00"
"FPO0008940","Received","728022739","12403","$3,129.71","LIMA COMPANY","LIMA COMPANY","ROXBOROUGH MEMORIAL HOSPITAL","Repairs & Maintenance","","Kristi Toy","EMERGENCY SERVICE - CRACKED SEWER PIPE REPLACEMENT","","06-16-2020 14:50:34","","ENG","84600","662500","","03-09-2021 16:24:35","bcervantes@phsi.us","","$0.00"
"FPO0008900","Received","728022731","","$209.00","HILTI INC","HILTI INC","ROXBOROUGH MEMORIAL HOSPITAL","Repairs & Maintenance","","Kristi Toy","CORDLESS HAMM DRILL DRIVER","","06-16-2020 08:58:38","","ENG","84600","662500","","03-09-2021 16:27:19","bcervantes@phsi.us","","$0.00"
"FPO0008875","Received","728022711","1009933741, 1009934336","$1,440.45","STERICYCLE INC","STERICYCLE INC 9001590","ROXBOROUGH MEMORIAL HOSPITAL","Repairs & Maintenance","","Kristi Toy","SHARPS WASTE REMOVAL MAY 2020","","06-15-2020 14:52:08","","ENG","84400","662500","","08-13-2024 10:46:24","system","","$0.00"
"FPO0008874","Received","728022712","0905959451","$202.00","STANLEY ACCESS TECH","STANLEY ACCESS TECH","ROXBOROUGH MEMORIAL HOSPITAL","Repairs & Maintenance","","Kristi Toy","EMERGENCY ROOM SLIDING DOOR SERVICE","","06-15-2020 14:34:58","","ENG","84600","662500","","03-09-2021 16:26:33","bcervantes@phsi.us","","$0.00"
"FPO0008856","Received","728022704","","$589.80","SHERWIN WILLIAMS CO INC","SHERWIN WILLIAMS CO INC","ROXBOROUGH MEMORIAL HOSPITAL","Repairs & Maintenance","","Kristi Toy","3RD FLOOR PCU NURSING UNIT CEILING TILE REPLACEMENTS","","06-15-2020 12:27:20","","ENG","84600","662500","","06-13-2022 09:36:24","system","","$0.00"
"FPO0008852","Received","728022705","","$433.64","SHERWIN WILLIAMS CO INC","SHERWIN WILLIAMS CO INC","ROXBOROUGH MEMORIAL HOSPITAL","Repairs & Maintenance","","Kristi Toy","3RD FLOOR PCU NURSING UNIT PAINT AND SUPPLIES","","06-15-2020 12:03:17","","ENG","84600","662500","","03-09-2021 16:27:01","bcervantes@phsi.us","","$0.00"
"FPO0008842","Received","728022700","85988","$2,043.51","CHADWICK SERVICE CO","CHADWICK SERVICE CO","ROXBOROUGH MEMORIAL HOSPITAL","Repairs & Maintenance","","Kristi Toy","WOUNDCARE FAN MOTOR REPLACEMENT ","","06-15-2020 08:12:20","","ENG","84600","662500","","03-09-2021 16:26:48","bcervantes@phsi.us","","$0.00"
"FPO0008841","Received","728022710","","$3,295.00","DELVAL EQUIPMENT","DELVAL EQUIPMENT CORP","ROXBOROUGH MEMORIAL HOSPITAL","Repairs & Maintenance","","Kristi Toy","PIN AND BEARINGS REPLACEMENT FOR BOILER ROOM DOOR ","","06-15-2020 08:00:00","","ENG","84600","662500","","03-09-2021 16:26:44","bcervantes@phsi.us","","$0.00"
"FPO0008725","Received","728022640","54441","$3,296.00","RAMM","RAMM INC","ROXBOROUGH MEMORIAL HOSPITAL","Repairs & Maintenance","","Kristi Toy","PUMP ALIGNMENT - SECONDAY PUMPS ON CHILLED WATER SYSTEM, SHUT DOWN AND BEARING REPLACEMENT ","","06-10-2020 08:51:00","","ENG","84600","662500","","03-09-2021 16:26:40","bcervantes@phsi.us","","$0.00"
"FPO0008724","Received","728022631","54618","$286.00","RAMM","RAMM INC","ROXBOROUGH MEMORIAL HOSPITAL","Repairs & Maintenance","","Kristi Toy","REFRIGERATOR MONITOR ALARM","","06-10-2020 08:47:33","","ENG","84600","662500","","03-09-2021 16:26:40","bcervantes@phsi.us","","$0.00"
"FPO0008639","Received","728022622","GPH740248","$258.95","GTO GREASE TRAP SERVICES","GTO GREASE TRAP SERVICES","ROXBOROUGH MEMORIAL HOSPITAL","Repairs & Maintenance","","Kristi Toy","MONTHLY GREASE TRAP SERVICE","","06-08-2020 08:07:13","","ENG","84600","662500","","03-09-2021 16:24:04","bcervantes@phsi.us","","$0.00"
"FPO0008615","Received","728022578","1774162","$350.00","SECURITAS HEALTHCARE LLC","SECURITAS HEALTHCARE LLC","ROXBOROUGH MEMORIAL HOSPITAL","Repairs & Maintenance","","Kristi Toy","SBHU AND ER CALL BELL SERVICE ","","06-05-2020 09:59:36","","ENG","84600","662500","","03-09-2021 16:23:56","bcervantes@phsi.us","","$0.00"
"FPO0008614","Received","728022579","90676","$490.00","PURE WATER TECHNOLOGY OF CENTR","PURE WATER TECHNOLOGY OF CENTE","ROXBOROUGH MEMORIAL HOSPITAL","Repairs & Maintenance","","Kristi Toy","MONTHLY WATER PURIFICATION UNIT RENTALS - 10 UNITS","","06-05-2020 09:36:32","","ENG","84600","662500","","03-09-2021 16:24:19","bcervantes@phsi.us","","$0.00"
"FPO0008597","Received","728022643","0003572942","$2,516.25","GOLD MEDAL ENVIRONMENTAL OF P","GOLD MEDAL ENVIRONMENTAL OF P","ROXBOROUGH MEMORIAL HOSPITAL","Repairs & Maintenance","","Kristi Toy","MAY 2020 WASTE REMOVAL ","","06-04-2020 11:45:19","","ENG","84400","662500","","03-09-2021 16:26:47","bcervantes@phsi.us","","$0.00"
"FPO0008564","Canceled","","","$3,915.00","APEX SERVICES INC","APEX SERVICES INC","ROXBOROUGH MEMORIAL HOSPITAL","Repairs & Maintenance","","Kristi Toy","FENCE INSTALLATION ","","06-03-2020 12:41:35","","ENG","84600","662500","","10-07-2021 11:32:20","system","","$0.00"
"FPO0008537","Received","728022541","857646","$567.25","FOLLETT PRODUCTS LLC","FOLLETT PRODUCTS LLC","ROXBOROUGH MEMORIAL HOSPITAL","Repairs & Maintenance","","Kristi Toy","STOCK FOR ICE MACHINES","","06-03-2020 08:19:25","","ENG","84600","662500","","04-22-2022 13:30:28","system","","$0.00"
"FPO0008536","Received","728022542","165533","$2,165.08","CHADWICK SERVICE CO","CHADWICK SERVICE CO","ROXBOROUGH MEMORIAL HOSPITAL","Repairs & Maintenance","","Kristi Toy","STERILE PROCESSING DEPARTMENT MIXING VALVE FOR RO MACHINE ","","06-03-2020 07:39:52","","ENG","84600","662500","","03-09-2021 16:26:48","bcervantes@phsi.us","","$0.00"
"FPO0008444","Rejected","","20200076","$5,125.00","TSIG CONSULTING","TSIG CONSULTING","ROXBOROUGH MEMORIAL HOSPITAL","Purchased Services/Service Agreements","","Kristi Toy","TSIG LIFE SAFETY DRAWING AND EOC ROUNDING SOFTWARE","","06-01-2020 07:42:00","","ENG","84600","669500","","03-09-2021 16:23:43","bcervantes@phsi.us","","$0.00"
"FPO0008410","Received","728022505","","$1,170.00","CM3 BUILDING SOLUTIONS INC","CM3 BUILDING SOLUTIONS INC","ROXBOROUGH MEMORIAL HOSPITAL","Repairs & Maintenance","","Kristi Toy","SCHOOL OF NURSING PELCO SERVER INSTALL AND PROGRAM","","05-29-2020 09:54:17","","ENG","84200","662500","","03-09-2021 16:24:50","bcervantes@phsi.us","","$0.00"
"FPO0008409","Received","728022506","","$2,400.00","JOHN CALVITTI COMPANY","JOHN CALVITTI COMPANY","ROXBOROUGH MEMORIAL HOSPITAL","Repairs & Maintenance","","Kristi Toy","SCHOOL OF NURSING COOLING TOWER CLEANING ","","05-29-2020 09:45:56","","ENG","84600","662500","","03-09-2021 16:24:27","bcervantes@phsi.us","","$0.00"
"FPO0008405","Received","728022507","W10531","$3,251.00","INDEPENDENCE FIRE SPRINKLER CO","INDEPENDENCE FIRE SPRINKLER CO","ROXBOROUGH MEMORIAL HOSPITAL","Repairs & Maintenance","","Kristi Toy","EMERGENCY SERVICE - LEAK ON 6 INCH PIPE BEFORE BACK FLOW PREVENTER IN AS1","","05-29-2020 07:25:05","","ENG","84600","662500","","03-09-2021 16:25:23","bcervantes@phsi.us","","$0.00"
"FPO0008321","Received","728022490","","$850.00","SECURITAS HEALTHCARE LLC","SECURITAS HEALTHCARE LLC","ROXBOROUGH MEMORIAL HOSPITAL","Repairs & Maintenance","","Kristi Toy","CALL BELL SYSTEM STATIONS","FWKD0060966","05-27-2020 12:42:25","","ENG","84600","662500","","08-08-2024 14:14:03","system","","$0.00"
"FPO0008266","Received","728022460","063","$1,325.00","PW BIG BOY CLEANING SERVICE","PW BIG BOY CLEANING SERVICE","ROXBOROUGH MEMORIAL HOSPITAL","Repairs & Maintenance","","Kristi Toy","COVID CLEANING URGENT CARE","","05-26-2020 09:21:22","","ENG","87906","662500","","03-09-2021 16:25:12","bcervantes@phsi.us","","$0.00"
"FPO0008265","Received","728022461","062","$1,875.00","PW BIG BOY CLEANING SERVICE","PW BIG BOY CLEANING SERVICE","ROXBOROUGH MEMORIAL HOSPITAL","Repairs & Maintenance","","Kristi Toy","MAY CLEANING SERVICES","","05-26-2020 09:18:21","","ENG","70830","662500","","03-09-2021 16:25:12","bcervantes@phsi.us","","$0.00"
"FPO0008264","Received","728022459","","$1,100.00","INDEPENDENCE FIRE SPRINKLER CO","INDEPENDENCE FIRE SPRINKLER CO","ROXBOROUGH MEMORIAL HOSPITAL","Repairs & Maintenance","","Kristi Toy","ANNUAL DOMESTIC BACK FLOW TESTING (4)","","05-26-2020 09:11:05","","ENG","84600","662500","","05-27-2021 15:32:41","system","","$0.00"
"FPO0008190","Received","728022404","","$132.87","DUFF COMPANY","DUFF COMPANY","ROXBOROUGH MEMORIAL HOSPITAL","Repairs & Maintenance","","Kristi Toy","DIALYSIS PROJECT","","05-20-2020 12:34:10","","ENG","84600","662500","","03-09-2021 16:25:34","bcervantes@phsi.us","","$0.00"
"FPO0008067","Received","728022357","","$2,652.00","ELLIOTT LEWIS CORPORATION","ELLIOTT LEWIS","ROXBOROUGH MEMORIAL HOSPITAL","Repairs & Maintenance","","Kristi Toy","URGENT CARE HVAC SYSTEM QUARTERLY MAINTENANCE ","","05-18-2020 08:53:29","","ENG","70830","662500","","05-27-2021 19:22:10","system","","$0.00"
"FPO0008066","Received","728022348","GPH739879","$258.95","GTO GREASE TRAP SERVICES","GTO GREASE TRAP SERVICES","ROXBOROUGH MEMORIAL HOSPITAL","Repairs & Maintenance","","Kristi Toy","MONTHLY GREASE TRAP SERVICE - DIETARY","","05-18-2020 08:37:16","","ENG","84600","662500","","06-28-2024 11:06:06","system","","$0.00"
"FPO0008007","Received","728022349","200239","$1,150.00","CLARK SERVICES GROUP  LLC","CLARK SERVICES GROUP LLC","ROXBOROUGH MEMORIAL HOSPITAL","Repairs & Maintenance","","Kristi Toy","KITCHEN HOOD AND EXHUAST SYSTEM CLEANING ","","05-14-2020 08:27:47","","ENG","84600","662500","","03-09-2021 16:25:36","bcervantes@phsi.us","","$0.00"
"FPO0007955","Received","728022309","","$3,400.00","JOHN CALVITTI COMPANY","JOHN CALVITTI COMPANY","ROXBOROUGH MEMORIAL HOSPITAL","Repairs & Maintenance","","Kristi Toy","ANNUAL COOLING TOWER CLEANING ","","05-13-2020 08:12:48","","ENG","84600","662500","","03-09-2021 16:24:27","bcervantes@phsi.us","","$0.00"
"FPO0007946","Canceled","728022294","176099","$0.00","QUIP LABORATORIES INC","QUIP LABORATORIES","ROXBOROUGH MEMORIAL HOSPITAL","Repairs & Maintenance","","Kristi Toy","HALOMIST DISINFECTANT CASE ","","05-12-2020 13:44:46","","ENG","87906","662500","","10-07-2021 11:33:21","system","","$0.00"
"FPO0007934","Received","728022289","","$567.25","FOLLETT PRODUCTS LLC","FOLLETT PRODUCTS LLC","ROXBOROUGH MEMORIAL HOSPITAL","Repairs & Maintenance","","Kristi Toy","GERO PSYCH ICE MACHINE ","","05-12-2020 12:42:35","","ENG","84600","662500","","03-25-2024 14:44:11","system","","$0.00"
"FPO0007929","Received","728022295","340139700","$317.25","ADVANCED DOOR SVC","ADVANCED DOOR SERVICE","ROXBOROUGH MEMORIAL HOSPITAL","Repairs & Maintenance","","Kristi Toy","JAMESTOWN LOBBY FRONT DOOR SERVICE ","","05-12-2020 10:48:18","","ENG","84600","662500","","03-09-2021 16:24:45","bcervantes@phsi.us","","$0.00"
"FPO0007928","Received","728022287","1009874426-1009873775","$1,449.00","STERICYCLE INC","STERICYCLE INC 9001590","ROXBOROUGH MEMORIAL HOSPITAL","Repairs & Maintenance","","Kristi Toy","SHARPS WASTE REMOVAL ","","05-12-2020 10:37:03","","ENG","84400","662500","","06-03-2021 16:15:32","system","","$0.00"
"FPO0007908","Received","728022268","","$250.40","DUFF COMPANY","DUFF COMPANY","ROXBOROUGH MEMORIAL HOSPITAL","Repairs & Maintenance","","Kristi Toy","4C FAUCETS","","05-11-2020 15:14:21","","ENG","84600","662500","","03-09-2021 16:25:34","bcervantes@phsi.us","","$0.00"
"FPO0007902","Received","728022267","","$575.00","M MELADY LANDSCAPING LLC","MELADY LANDSCAPING","ROXBOROUGH MEMORIAL HOSPITAL","Repairs & Maintenance","","Kristi Toy","EMERGENCY ROOM ENTRANCE CLEANING/SANITATION","","05-11-2020 14:29:36","","ENG","84600","662500","","03-09-2021 16:25:02","bcervantes@phsi.us","","$0.00"
"FPO0007896","Received","728022266","","$1,600.00","FERGUSON & MCCANN INC","FERGUSON & MCCANN INC","ROXBOROUGH MEMORIAL HOSPITAL","Repairs & Maintenance","","Kristi Toy","ANNUAL UST TANK TESTING INSPECTION","","05-11-2020 13:58:06","","ENG","84600","662500","","03-09-2021 16:25:18","bcervantes@phsi.us","","$0.00"
"FPO0007885","Received","728022306","118661","$650.00","ATIS ELEVATOR INSPECTIONS LLC","ATIS ELEVATOR INSPECTIONS LLC","ROXBOROUGH MEMORIAL HOSPITAL","Repairs & Maintenance","","Kristi Toy","SEMI ANNUAL ELEVATOR INSPECTIONS ","","05-11-2020 10:45:10","","ENG","84600","662500","","02-14-2024 12:50:54","system","","$0.00"
"FPO0007884","Received","728022307","88694","$490.00","PURE WATER TECHNOLOGY OF CENTR","PURE WATER TECHNOLOGY OF CENTE","ROXBOROUGH MEMORIAL HOSPITAL","Repairs & Maintenance","","Kristi Toy","MONTHLY WATER PURIFICATION UNIT RENTALS - 10 UNITS","","05-11-2020 10:33:28","","ENG","84600","662500","","03-12-2024 08:51:44","system","","$0.00"
"FPO0007712","Canceled","728022224","","$0.00","RAMM","RAMM INC","ROXBOROUGH MEMORIAL HOSPITAL","Repairs & Maintenance","","Kristi Toy","Feedwater pump 2 repairs ","","05-04-2020 11:15:22","","ENG","84600","662500","","08-19-2021 11:26:34","admin","","$0.00"
"FPO0007674","Received","728022170","","$652.39","SHERWIN WILLIAMS CO INC","SHERWIN WILLIAMS CO INC","ROXBOROUGH MEMORIAL HOSPITAL","Repairs & Maintenance","","Kristi Toy","GERO CEILING PAINT AND TILES; SCHOOL OF NURSING PICNIC TABLE COATING 
","","05-01-2020 09:49:48","","ENG","84600","662500","","01-25-2024 13:23:03","system","","$0.00"
"FPO0007594","Received","728022122","","$467.25","FOLLETT PRODUCTS LLC","FOLLETT PRODUCTS LLC","ROXBOROUGH MEMORIAL HOSPITAL","Repairs & Maintenance","","Kristi Toy","ICE MACHINE PM MATERIAL - PACU MACHINE
","","04-29-2020 08:25:19","","ENG","84600","662500","","03-25-2024 15:00:07","system","","$0.00"
"FPO0007049","Received","728021879","0181498","$5,447.29","DELVAL EQUIPMENT","DELVAL EQUIPMENT CORP","ROXBOROUGH MEMORIAL HOSPITAL","Repairs & Maintenance","","Kristi Toy","FLOAT ISSUE ON MODEL CBI200-400-150 BOILER UNIT - REPLACEMENT OF LEVAL MASTER SENSOR ASSEMBLY AS NEEDED","FWKD0036359","04-09-2020 09:57:16","","ENG","84500","662500","","03-09-2021 16:26:44","bcervantes@phsi.us","","$0.00"
"FPO0006984","Received","728021854","0180289","$900.00","DELVAL EQUIPMENT","DELVAL EQUIPMENT CORP","ROXBOROUGH MEMORIAL HOSPITAL","Repairs & Maintenance","","Kristi Toy","COMBUSTION ANALYSIS OF BOILER ","","04-07-2020 13:25:16","","ENG","84600","662500","","03-09-2021 16:26:44","bcervantes@phsi.us","","$0.00"
"FPO0006951","Received","728021855","4779919-00","$424.43","BILLOWS ELECTRIC SUPPLY COMPAN","BILLOWS ELECTRIC SUPPLY","ROXBOROUGH MEMORIAL HOSPITAL","Repairs & Maintenance","","Kristi Toy","WIRING FOR RERFRIGERATED TRAILER - COVID 19 ","","04-07-2020 07:10:36","","ENG","87906","662500","","10-13-2021 08:07:33","system","","$0.00"
"FPO0006921","Received","728022182","0182140","$964.23","DELVAL EQUIPMENT","DELVAL EQUIPMENT CORP","ROXBOROUGH MEMORIAL HOSPITAL","Repairs & Maintenance","","Kristi Toy","BOILER UNIT IGNITION PROBLEMS","","04-06-2020 12:15:20","","ENG","84600","662500","","03-09-2021 16:26:44","bcervantes@phsi.us","","$0.00"
"FPO0006830","Received","728021763","30477","$2,532.00","MAJOR MEDICAL HOSPITAL SVCS","MAJOR MEDICAL HOSPITAL SVCS","ROXBOROUGH MEMORIAL HOSPITAL","Repairs & Maintenance","","Kristi Toy","ANNUAL MEDICAL GAS OUTLET INSPECTION 2020
","","04-02-2020 10:14:31","","ENG","84600","662500","","01-18-2022 08:52:44","system","","$0.00"
"FPO0006678","Received","728021826","","$4,908.00","WYATT ELEVATOR COMPANY","WYATT ELEVATOR COMPANY","ROXBOROUGH MEMORIAL HOSPITAL","Purchased Services/Service Agreements","","Kristi Toy","2ND YEAR ELEVATOR 3 SERVICE MAINTENANCE ","","03-30-2020 07:18:41","","ENG","84600","669500","","04-02-2021 11:37:34","ktoy@phsi.us","","$0.00"
"FPO0006478","Canceled","728021601","","$0.00","ICP MEDICAL LLC","ICP MEDICAL LLC","ROXBOROUGH MEMORIAL HOSPITAL","Repairs & Maintenance","","Kristi Toy","Emergencyt Department curtains","","03-24-2020 10:08:50","","ENG","87906","662500","","03-09-2021 16:24:32","bcervantes@phsi.us","","$0.00"
"FPO0006475","Received","728021596","165198","$3,595.00","CHADWICK SERVICE CO","CHADWICK SERVICE CO","ROXBOROUGH MEMORIAL HOSPITAL","Repairs & Maintenance","","Kristi Toy","SPD Department hook ups for OR DaVinci ","","03-24-2020 09:55:32","","ENG","84600","662500","","03-09-2021 16:26:48","bcervantes@phsi.us","","$0.00"
"FPO0005927","Received","728021300","","$270.00","SHERWIN WILLIAMS CO INC","SHERWIN WILLIAMS CO INC","ROXBOROUGH MEMORIAL HOSPITAL","Repairs & Maintenance","","Kristi Toy","Operating Room Flooring

Tech will contact vendor.
AAA 3/9/2020","","03-09-2020 14:14:46","","ENG","84600","662500","","03-09-2021 16:27:01","bcervantes@phsi.us","","$0.00"
"FPO0005458","Received","728021148","200076","$1,150.00","CLARK SERVICES GROUP  LLC","","ROXBOROUGH MEMORIAL HOSPITAL","Repairs & Maintenance","","Kristi Toy","Quarter 1 hood & exhaust PM","","02-26-2020 08:42:58","","ENG","84600","662500","","02-03-2022 10:55:00","system","","$0.00"
"FPO0005433","Received","728021124","","$1,748.00","APEX SERVICES INC","","ROXBOROUGH MEMORIAL HOSPITAL","Repairs & Maintenance","","Kristi Toy","Fencing in Jamestown Parking lot near laundromat

Tech will contact vendor.
AAA 2/25/2020","","02-25-2020 10:22:29","","ENG","84600","662500","","03-05-2021 13:41:24","bcervantes@phsi.us","","$0.00"
"FPO0005222","Received","728021014","","$514.30","SHERWIN WILLIAMS CO INC","SHERWIN WILLIAMS CO INC","ROXBOROUGH MEMORIAL HOSPITAL","Repairs & Maintenance","","Kristi Toy","Respiratory Project ","","02-18-2020 13:06:55","","ENG","84600","662500","","02-29-2024 11:09:33","system","","$0.00"
"FPO0005216","Received","728021014","","$582.86","SHERWIN WILLIAMS CO INC","","ROXBOROUGH MEMORIAL HOSPITAL","Repairs & Maintenance","","Kristi Toy","PAINT STOCK","","02-18-2020 11:43:03","","ENG","84600","662500","","03-05-2021 13:41:24","bcervantes@phsi.us","","$0.00"
"FPO0005214","Received","728021013","","$446.26","SHERWIN WILLIAMS CO INC","","ROXBOROUGH MEMORIAL HOSPITAL","Repairs & Maintenance","","Kristi Toy","CEILING TILE STOCK","","02-18-2020 11:27:53","","ENG","84600","662500","","06-08-2022 09:54:40","system","","$0.00"
"FPO0005210","Received","728021037","","$2,560.00","CHADWICK SERVICE CO","CHADWICK SERVICE CO","ROXBOROUGH MEMORIAL HOSPITAL","Purchased Services/Service Agreements","","Kristi Toy","Preventative Maintenance - MRI Unit


Tech will contact vendor
CL 2/19/20","","02-18-2020 09:54:03","","ENG","84600","669500","","03-09-2021 16:26:49","bcervantes@phsi.us","","$0.00"
"FPO0005159","Received","728020986","30702","$1,265.81","MAJOR MEDICAL HOSPITAL SVCS","MAJOR MEDICAL HOSPITAL SVCS","ROXBOROUGH MEMORIAL HOSPITAL","Repairs & Maintenance","","Kristi Toy","Quarterly PM repair 

PO needed for invoice.
AAA 2/17/2020","","02-17-2020 07:42:08","","ENG","84600","662500","","01-18-2022 08:55:01","system","","$0.00"
"FPO0005126","Received","728020965","340136203","$580.45","ADVANCED DOOR SVC","","ROXBOROUGH MEMORIAL HOSPITAL","Repairs & Maintenance","","Kristi Toy","Medical Office Building front door service

PO needed for invoice.
AAA 2/14/2020","","02-14-2020 10:21:42","","ENG","84600","662500","","03-05-2021 13:41:24","bcervantes@phsi.us","","$0.00"
"FPO0005038","Received","728020918","8000931770","$866.40","CENTIMARK CORPORATION","","ROXBOROUGH MEMORIAL HOSPITAL","Repairs & Maintenance","","Kristi Toy","Repair leaking roof; Replace defective patchwork

PO needed for invoice.
AAA 2/12/2020","","02-12-2020 08:58:16","","ENG","84600","662500","","03-05-2021 13:41:24","bcervantes@phsi.us","","$0.00"
"FPO0004996","Received","728020883","1651023","$3,265.50","SECURITAS HEALTHCARE LLC","","ROXBOROUGH MEMORIAL HOSPITAL","Repairs & Maintenance","","Kristi Toy","Parts ordered for patient call bell system stations; Install 

PO needed for invoice.
AAA 2/11/2020","FWKD0045939","02-11-2020 10:54:28","","ENG","84600","662500","","08-30-2022 08:26:52","system","","$0.00"
"FPO0004993","Received","728020882","1640321","$3,980.80","SECURITAS HEALTHCARE LLC","","ROXBOROUGH MEMORIAL HOSPITAL","Repairs & Maintenance","","Kristi Toy","Nursing call bell phone has a broken hook switch; installed new one; installed stations in rooms 3B, 5A, 374, 375

PO needed for invoice.
AAA 2/11/2020","FWKD0045936","02-11-2020 10:42:59","","ENG","84600","662500","","03-05-2021 13:41:24","bcervantes@phsi.us","","$0.00"
"FPO0004989","Received","728020885","","$2,212.00","ELLIOTT LEWIS CORPORATION","ELLIOTT LEWIS","ROXBOROUGH MEMORIAL HOSPITAL","Purchased Services/Service Agreements","","Kristi Toy","Telecom Unit Quarterly Preventative Maintenance","","02-11-2020 09:34:14","","ENG","84600","669500","","09-19-2024 11:07:24","system","","$0.00"
"FPO0004985","Received","728020885","","$2,303.00","ELLIOTT LEWIS CORPORATION","ELLIOTT LEWIS","ROXBOROUGH MEMORIAL HOSPITAL","Purchased Services/Service Agreements","","Kristi Toy","3rd Floor Dialysis Unit Prevenative Maintenance","","02-11-2020 09:14:09","","ENG","84600","669500","","02-23-2024 13:32:22","system","","$0.00"
"FPO0004865","Received","728020847","","$1,560.60","BEHAVIORAL SAFETY PRODUCTS LLC","","ROXBOROUGH MEMORIAL HOSPITAL","Repairs & Maintenance","","Kristi Toy","Ligature resistant thermostat covers (TM260)","","02-07-2020 07:34:23","","ENG","84600","662500","","03-05-2021 13:41:23","bcervantes@phsi.us","","$0.00"
"FPO0004706","Received","728020788","","$9,998.68","KLENZOID INC","KLENZOID INC","ROXBOROUGH MEMORIAL HOSPITAL","Purchased Services/Service Agreements","","Kristi Toy","Water Treatment Testing; Quarterly Billing; Total: $9998.68","","02-04-2020 10:03:47","","ENG","84600","669500","","02-11-2022 18:52:41","system","","$0.00"
"FPO0003437","Canceled","","","$0.00","MAJOR MEDICAL HOSPITAL SVCS","","ROXBOROUGH MEMORIAL HOSPITAL","Purchased Services/Service Agreements","","","Medical Gas Contract 2020 ","","01-02-2020 14:09:25","","ENG","84600","669500","","01-09-2020 10:35:37","ktoy@phsi.us","","$0.00"
"FPO0003422","Canceled","","","$0.00","GENERAL AIRE SYSTEMS INC","","ROXBOROUGH MEMORIAL HOSPITAL","Repairs & Maintenance","","","AIR FILTERS GERO PSYCH
","FWKD0030617","01-02-2020 07:18:05","","ENG","84600","662500","","05-23-2022 13:55:57","cfernandez1@phsi.us","","$0.00"
